,Unnamed: 0,code_state,abbrev_state,year,month,TMIN_min,TMIN_max,RH_mean,photoperiod_monthly,date
0,0,11,RO,2010,1,21.95564086029015,23.286664384174586,85.30080647622384,12.5790188482971,2010-01-01
1,1,11,RO,2010,2,22.299640151170586,23.64077604209984,85.6219782934084,12.36288352190062,2010-02-01
2,2,11,RO,2010,3,22.3239848927292,23.636264158537607,84.25845105949762,12.063237985938793,2010-03-01
3,3,11,RO,2010,4,21.40821872002039,22.74897431715941,78.27559136610765,11.746695677855088,2010-04-01
4,4,11,RO,2010,5,19.81328615716314,21.20625166620865,76.06516386557453,11.484701734124767,2010-05-01
5,5,11,RO,2010,6,18.71583979618855,20.154706163284104,71.60044006445469,11.355948685368396,2010-06-01
6,6,11,RO,2010,7,16.826180284431494,18.364883011683045,66.68379611117076,11.416365180773512,2010-07-01
7,7,11,RO,2010,8,16.927998910175067,18.46715485665106,56.37830915048755,11.642094225949162,2010-08-01
8,8,11,RO,2010,9,21.32659580401885,22.706051190694176,63.9081902846312,11.947254985419132,2010-09-01
9,9,11,RO,2010,10,21.55354018956793,22.91559564741906,73.81250544043984,12.263019316532624,2010-10-01
10,10,11,RO,2010,11,21.770194841042542,23.10037304438077,79.63707374181503,12.522449246196851,2010-11-01
11,11,11,RO,2010,12,21.013280059208647,22.44193173223926,79.94225289271428,12.644625252512922,2010-12-01
12,12,11,RO,2011,1,21.206802934925847,22.57904690607605,85.26760288740209,12.5790188482971,2011-01-01
13,13,11,RO,2011,2,21.223780497089844,22.557462835049893,85.46990633534861,12.36288352190062,2011-02-01
14,14,11,RO,2011,3,21.290526690613245,22.670223814677957,85.27453781771601,12.063237985938793,2011-03-01
15,15,11,RO,2011,4,21.32276140604264,22.607403629254076,82.43403669993083,11.746695677855088,2011-04-01
16,16,11,RO,2011,5,19.717009756760323,21.13932148280274,76.66700903653506,11.484701734124767,2011-05-01
17,17,11,RO,2011,6,18.49657372694749,19.91287204241141,71.0451497224661,11.355948685368396,2011-06-01
18,18,11,RO,2011,7,18.215236305894685,19.627163420244127,66.41666081525551,11.416365180773512,2011-07-01
19,19,11,RO,2011,8,18.539115700473268,20.00619419810198,60.79839860475981,11.642094225949162,2011-08-01
20,20,11,RO,2011,9,20.88634908627241,22.234515966513214,70.09001869299473,11.947254985419132,2011-09-01
21,21,11,RO,2011,10,21.386819006491532,22.709366282517504,77.36961580565195,12.263019316532624,2011-10-01
22,22,11,RO,2011,11,21.532463482098706,22.87907471534533,80.06616292611146,12.522449246196851,2011-11-01
23,23,11,RO,2011,12,21.61735340975059,22.953041766476687,83.55616952408633,12.644625252512922,2011-12-01
24,24,11,RO,2012,1,21.385748207717025,22.71831427969353,85.82602980355766,12.5790188482971,2012-01-01
25,25,11,RO,2012,2,20.944285160034344,22.27241507512505,85.56234744752433,12.36288352190062,2012-02-01
26,26,11,RO,2012,3,21.004172945140905,22.331915126544963,83.8794731017082,12.063237985938793,2012-03-01
27,27,11,RO,2012,4,21.175115973521503,22.52069194500263,83.1934910896497,11.746695677855088,2012-04-01
28,28,11,RO,2012,5,20.0549632479476,21.399297511902997,79.37612913145912,11.484701734124767,2012-05-01
29,29,11,RO,2012,6,18.976276184962344,20.332111817751176,77.85850486266307,11.355948685368396,2012-06-01
30,30,11,RO,2012,7,17.10007936487127,18.525640559847243,68.98720145403007,11.416365180773512,2012-07-01
31,31,11,RO,2012,8,17.70459275979262,19.210045031223345,56.27864296915513,11.642094225949162,2012-08-01
32,32,11,RO,2012,9,20.43852123480577,21.81390125812629,64.39313484338614,11.947254985419132,2012-09-01
33,33,11,RO,2012,10,21.54724262488391,22.914450637164244,75.16926675753913,12.263019316532624,2012-10-01
34,34,11,RO,2012,11,21.984361220628788,23.307977140866797,81.55515392499092,12.522449246196851,2012-11-01
35,35,11,RO,2012,12,21.59173904991623,22.936841968271334,82.27498526372034,12.644625252512922,2012-12-01
36,36,11,RO,2013,1,21.892018502758397,23.237068391615345,85.69652986644812,12.5790188482971,2013-01-01
37,37,11,RO,2013,2,21.69594291409293,23.047684027598454,85.65419179266625,12.36288352190062,2013-02-01
38,38,11,RO,2013,3,21.747004797677544,23.099921399251404,84.2052192735317,12.063237985938793,2013-03-01
39,39,11,RO,2013,4,21.214593624457336,22.577369529773023,84.1735495983026,11.746695677855088,2013-04-01
40,40,11,RO,2013,5,20.699037825203416,22.048710172288768,83.31933105317299,11.484701734124767,2013-05-01
41,41,11,RO,2013,6,20.20135409159538,21.518528226705698,80.44870289533567,11.355948685368396,2013-06-01
42,42,11,RO,2013,7,17.789032038328962,19.228773388614137,71.91041792592695,11.416365180773512,2013-07-01
43,43,11,RO,2013,8,17.28790375316705,18.77357280579749,59.36541865895463,11.642094225949162,2013-08-01
44,44,11,RO,2013,9,20.529850639441072,21.917221288191968,69.19166181515425,11.947254985419132,2013-09-01
45,45,11,RO,2013,10,21.38640022632798,22.745720405436625,79.45640249938586,12.263019316532624,2013-10-01
46,46,11,RO,2013,11,21.668151109646526,22.97952443269583,83.53851236196664,12.522449246196851,2013-11-01
47,47,11,RO,2013,12,21.7949416028063,23.130592879823062,83.34900155079276,12.644625252512922,2013-12-01
48,48,11,RO,2014,1,21.46907436167336,22.805515456140487,84.76434931033303,12.5790188482971,2014-01-01
49,49,11,RO,2014,2,21.490829228044863,22.827246486485656,85.40197330516774,12.36288352190062,2014-02-01
50,50,11,RO,2014,3,21.82521549821196,23.160447996248383,84.89804839614604,12.063237985938793,2014-03-01
51,51,11,RO,2014,4,21.61121609516633,22.956748230029373,83.63669007130157,11.746695677855088,2014-04-01
52,52,11,RO,2014,5,20.771184177611666,22.136356611109843,83.24806537580845,11.484701734124767,2014-05-01
53,53,11,RO,2014,6,19.416396886263136,20.822030109014268,77.53774291307498,11.355948685368396,2014-06-01
54,54,11,RO,2014,7,18.09740078183025,19.498444953568224,73.55655443461302,11.416365180773512,2014-07-01
55,55,11,RO,2014,8,18.644509808301333,20.07158178727029,64.90294974021816,11.642094225949162,2014-08-01
56,56,11,RO,2014,9,21.41880163535093,22.79759966287857,70.05342776469696,11.947254985419132,2014-09-01
57,57,11,RO,2014,10,21.53903671529689,22.92274138353599,76.28509430849819,12.263019316532624,2014-10-01
58,58,11,RO,2014,11,21.92289064847506,23.263772270007014,81.13973760360327,12.522449246196851,2014-11-01
59,59,11,RO,2014,12,21.90840908197256,23.218377152388506,82.10286583438997,12.644625252512922,2014-12-01
60,60,11,RO,2015,1,21.583946616123097,22.879941196063022,81.38650158202974,12.5790188482971,2015-01-01
61,61,11,RO,2015,2,21.6197287604049,22.928380106831643,82.69364720124464,12.36288352190062,2015-02-01
62,62,11,RO,2015,3,22.01802282712004,23.340649576400114,83.57958511087499,12.063237985938793,2015-03-01
63,63,11,RO,2015,4,22.004497164946336,23.306202387198425,83.11181154006567,11.746695677855088,2015-04-01
64,64,11,RO,2015,5,21.20743378338684,22.56852975968392,82.86295022325538,11.484701734124767,2015-05-01
65,65,11,RO,2015,6,19.216220495639703,20.62352992571317,75.24956471125284,11.355948685368396,2015-06-01
66,66,11,RO,2015,7,18.706033019214946,20.119624599333733,69.50135799199712,11.416365180773512,2015-07-01
67,67,11,RO,2015,8,19.478979714750945,20.96751663643433,58.912185145962624,11.642094225949162,2015-08-01
68,68,11,RO,2015,9,21.13790611120371,22.565921159890983,65.94727833576691,11.947254985419132,2015-09-01
69,69,11,RO,2015,10,21.59972233334487,22.994039586400863,71.73024188200239,12.263019316532624,2015-10-01
70,70,11,RO,2015,11,22.015720954308144,23.386888637298192,75.07365382023346,12.522449246196851,2015-11-01
71,71,11,RO,2015,12,21.93989695863748,23.297011877112,78.62915947774503,12.644625252512922,2015-12-01
72,72,11,RO,2016,1,22.413242821657924,23.77278563047461,82.2468425428897,12.5790188482971,2016-01-01
73,73,11,RO,2016,2,22.341796555000528,23.667444536477248,81.70656546736902,12.36288352190062,2016-02-01
74,74,11,RO,2016,3,22.46149235623646,23.74682142480136,83.59609996237175,12.063237985938793,2016-03-01
75,75,11,RO,2016,4,21.19725129910004,22.62302597486056,79.05565733298278,11.746695677855088,2016-04-01
76,76,11,RO,2016,5,20.25691473868585,21.705286084570307,80.73637833607108,11.484701734124767,2016-05-01
77,77,11,RO,2016,6,18.665412290279683,20.077542051902185,75.48060485644218,11.355948685368396,2016-06-01
78,78,11,RO,2016,7,17.26443632246543,18.734393241091933,61.881754711898914,11.416365180773512,2016-07-01
79,79,11,RO,2016,8,18.95618630106337,20.41693018328759,60.8358077269334,11.642094225949162,2016-08-01
80,80,11,RO,2016,9,20.112878598922336,21.51366952076937,69.72430371260032,11.947254985419132,2016-09-01
81,81,11,RO,2016,10,21.50248110915532,22.939693915932704,73.41098204439982,12.263019316532624,2016-10-01
82,82,11,RO,2016,11,21.659386823116204,23.04970449056381,79.86961185259696,12.522449246196851,2016-11-01
83,83,11,RO,2016,12,21.797279311764623,23.136254304691818,82.35361813907292,12.644625252512922,2016-12-01
84,84,11,RO,2017,1,21.50304300790981,22.8190435463974,82.41512238476471,12.5790188482971,2017-01-01
85,85,11,RO,2017,2,21.60355987784627,22.90375401816525,84.22659862958469,12.36288352190062,2017-02-01
86,86,11,RO,2017,3,21.841404677028983,23.147110705931784,83.25534098319912,12.063237985938793,2017-03-01
87,87,11,RO,2017,4,21.602796899355376,22.92306050398411,82.39583161182892,11.746695677855088,2017-04-01
88,88,11,RO,2017,5,21.489801196247413,22.78286967147373,80.70911397531667,11.484701734124767,2017-05-01
89,89,11,RO,2017,6,18.54663423146957,19.99002515047024,73.02375996663021,11.355948685368396,2017-06-01
90,90,11,RO,2017,7,16.667572259902954,18.14782374609197,60.029760057813775,11.416365180773512,2017-07-01
91,91,11,RO,2017,8,20.05989845692372,21.45762950315073,63.08542600636447,11.642094225949162,2017-08-01
92,92,11,RO,2017,9,20.78236625867012,22.165519126256303,66.90725728059427,11.947254985419132,2017-09-01
93,93,11,RO,2017,10,21.156104370027265,22.538547407013013,75.79533530109869,12.263019316532624,2017-10-01
94,94,11,RO,2017,11,21.751346156536005,23.10496333073347,81.17039944575383,12.522449246196851,2017-11-01
95,95,11,RO,2017,12,21.78219274374155,23.11439307688484,83.67611268377186,12.644625252512922,2017-12-01
96,96,11,RO,2018,1,21.383919356182847,22.727548615808228,83.08589740781571,12.5790188482971,2018-01-01
97,97,11,RO,2018,2,21.744226725546863,23.113627491416512,84.13004199227134,12.36288352190062,2018-02-01
98,98,11,RO,2018,3,21.84210442550129,23.23388778601332,82.96731431076013,12.063237985938793,2018-03-01
99,99,11,RO,2018,4,21.554889112863783,22.91031939799969,82.55837232638629,11.746695677855088,2018-04-01
100,100,11,RO,2018,5,20.40341270413647,21.81207965443803,78.54492669779964,11.484701734124767,2018-05-01
101,101,11,RO,2018,6,17.306848777868808,18.75641300861652,75.37679214233007,11.355948685368396,2018-06-01
102,102,11,RO,2018,7,16.72936578542364,18.18905473938651,64.1886950130794,11.416365180773512,2018-07-01
103,103,11,RO,2018,8,18.905068960142493,20.32152839097432,67.27957888335803,11.642094225949162,2018-08-01
104,104,11,RO,2018,9,19.933068225933955,21.35975770338988,68.12408528939271,11.947254985419132,2018-09-01
105,105,11,RO,2018,10,21.832159775954025,23.162207913457905,77.39601909552259,12.263019316532624,2018-10-01
106,106,11,RO,2018,11,22.08126140374404,23.41527398182796,81.71128683334743,12.522449246196851,2018-11-01
107,107,11,RO,2018,12,21.50164357840867,22.839568967558908,83.17940729486736,12.644625252512922,2018-12-01
108,108,11,RO,2019,1,21.637338124788723,22.951695348725423,83.17310821684654,12.5790188482971,2019-01-01
109,109,11,RO,2019,2,21.98409049327557,23.303018285677982,84.0063897227193,12.36288352190062,2019-02-01
110,110,11,RO,2019,3,22.11910191954809,23.42452172783409,83.01579670397282,12.063237985938793,2019-03-01
111,111,11,RO,2019,4,21.93666156377548,23.24139045324081,83.42190402104303,11.746695677855088,2019-04-01
112,112,11,RO,2019,5,20.62643557091801,21.987600469707555,78.9418552957161,11.484701734124767,2019-05-01
113,113,11,RO,2019,6,19.52152454791925,20.895852821301197,72.62348780754286,11.355948685368396,2019-06-01
114,114,11,RO,2019,7,17.550609815209437,19.08278435690527,66.23115775957889,11.416365180773512,2019-07-01
115,115,11,RO,2019,8,18.38822589174985,19.859749297646083,59.24252555979688,11.642094225949162,2019-08-01
116,116,11,RO,2019,9,21.65508685356531,23.066838664274947,65.74896676723773,11.947254985419132,2019-09-01
117,117,11,RO,2019,10,21.1834574278176,22.548714657871063,78.85453626239861,12.263019316532624,2019-10-01
118,118,11,RO,2019,11,21.823405031057504,23.160945217426008,81.91834858625363,12.522449246196851,2019-11-01
119,119,11,RO,2019,12,22.096180466209397,23.41472551426284,82.9923575995282,12.644625252512922,2019-12-01
120,120,11,RO,2020,1,22.20364200270205,23.51849755696564,82.21854237823865,12.5790188482971,2020-01-01
121,121,11,RO,2020,2,22.234874125817097,23.553512511266003,84.00582037806826,12.36288352190062,2020-02-01
122,122,11,RO,2020,3,22.22223782125241,23.539330391375067,83.64410655019302,12.063237985938793,2020-03-01
123,123,11,RO,2020,4,21.945606637612368,23.25955448150635,81.08354372855943,11.746695677855088,2020-04-01
124,124,11,RO,2020,5,19.684186053926837,21.06123802738805,78.28241540894615,11.484701734124767,2020-05-01
125,125,11,RO,2020,6,19.73547177681556,21.09664819301703,74.58231906157273,11.355948685368396,2020-06-01
126,126,11,RO,2020,7,18.741125514430387,20.114668182936256,65.68380211718917,11.416365180773512,2020-07-01
127,127,11,RO,2020,8,18.74282976563456,20.15947737350653,57.40971377824732,11.642094225949162,2020-08-01
128,128,11,RO,2020,9,21.408859631954098,22.754413646306748,59.85699837024395,11.947254985419132,2020-09-01
129,129,11,RO,2020,10,21.76809209392917,23.111488129305783,70.23998742304724,12.263019316532624,2020-10-01
130,130,11,RO,2020,11,22.09943636869773,23.430030830089866,73.84345382054647,12.522449246196851,2020-11-01
131,131,11,RO,2020,12,21.81221748640756,23.11479597943592,80.57445174470432,12.644625252512922,2020-12-01
132,132,11,RO,2021,1,21.770095893822,23.07620478386323,81.94302967819327,12.5790188482971,2021-01-01
133,133,11,RO,2021,2,21.964910775750543,23.274201740275373,83.17216015386057,12.36288352190062,2021-02-01
134,134,11,RO,2021,3,21.535103364854532,22.836907842319004,83.05459279990373,12.063237985938793,2021-03-01
135,135,11,RO,2021,4,21.580311036721252,22.89378776061229,81.461884082892,11.746695677855088,2021-04-01
136,136,11,RO,2021,5,20.087877016209493,21.478404069360963,77.74659781538818,11.484701734124767,2021-05-01
137,137,11,RO,2021,6,18.82481009899041,20.21767207414676,75.12248135591165,11.355948685368396,2021-06-01
138,138,11,RO,2021,7,16.927063268704096,18.427630735686044,57.93185506446782,11.416365180773512,2021-07-01
139,139,11,RO,2021,8,19.705517225762456,21.17317889050278,54.43720956712444,11.642094225949162,2021-08-01
140,140,11,RO,2021,9,21.718759413254567,23.032000595484025,67.99729993037688,11.947254985419132,2021-09-01
141,141,11,RO,2021,10,22.183779176943947,23.51612267009082,75.79527150194343,12.263019316532624,2021-10-01
142,142,11,RO,2021,11,21.909196517406368,23.22314980335725,84.24294086358486,12.522449246196851,2021-11-01
143,143,11,RO,2021,12,22.38817973764008,23.700427260055733,85.80205012432695,12.644625252512922,2021-12-01
144,144,11,RO,2022,1,21.846292221220786,23.15897432450325,82.71065309680722,12.5790188482971,2022-01-01
145,145,11,RO,2022,2,21.741268798545168,23.04827088838095,84.72364179904645,12.36288352190062,2022-02-01
146,146,11,RO,2022,3,21.766316309756142,23.07485836729518,85.13693714851776,12.063237985938793,2022-03-01
147,147,11,RO,2022,4,21.62038026589613,22.924917437480044,79.4811301451463,11.746695677855088,2022-04-01
148,148,11,RO,2022,5,18.857561551903377,20.33630223901337,71.30554608375795,11.484701734124767,2022-05-01
149,149,11,RO,2022,6,18.376360528285687,19.94230907574678,74.35335949873313,11.355948685368396,2022-06-01
150,150,11,RO,2022,7,18.656002338115982,20.18016182045191,64.30430379162355,11.416365180773512,2022-07-01
151,151,11,RO,2022,8,18.94818184866799,20.485392325569325,65.7550152099458,11.642094225949162,2022-08-01
152,152,11,RO,2022,9,20.141713093488644,21.67016140497648,67.76779041045751,11.947254985419132,2022-09-01
153,153,11,RO,2022,10,20.95338424914528,22.349429599108824,79.18861349877294,12.263019316532624,2022-10-01
154,154,11,RO,2022,11,19.71615750300579,21.281262498635517,74.78037312580989,12.522449246196851,2022-11-01
155,155,11,RO,2022,12,21.205965417194605,22.59552237886945,84.67157255035477,12.644625252512922,2022-12-01
156,156,12,AC,2010,1,22.019679623265414,22.881916104873252,86.59581692827062,12.486052266737511,2010-01-01
157,157,12,AC,2010,2,22.363866592382458,23.194524966277086,87.03263292684184,12.304669514204203,2010-02-01
158,158,12,AC,2010,3,22.466108968180997,23.34122595129824,87.07986917803365,12.0530986830182,2010-03-01
159,159,12,AC,2010,4,21.58728710232359,22.5329022176338,83.58667295051343,11.78731949793203,2010-04-01
160,160,12,AC,2010,5,19.905097751673367,20.9133165239239,83.79944252618247,11.567413535917304,2010-05-01
161,161,12,AC,2010,6,19.261689761190706,20.37423366055344,81.4127309625799,11.459391036029682,2010-06-01
162,162,12,AC,2010,7,17.056093716551484,18.34527611103226,78.35442416059657,11.510075141312983,2010-07-01
163,163,12,AC,2010,8,17.500643700798236,18.89428531389432,68.66037685360726,11.699509450462353,2010-08-01
164,164,12,AC,2010,9,20.33131356672807,21.443028837261775,73.73865481867935,11.95571178436984,2010-09-01
165,165,12,AC,2010,10,20.784574979910754,21.78630338735944,79.13767574679467,12.22083627663638,2010-10-01
166,166,12,AC,2010,11,20.81447890599569,21.81996208248716,83.3131598039107,12.438587270755583,2010-11-01
167,167,12,AC,2010,12,21.318749053037763,22.243408035323068,85.14091455901473,12.541090409857254,2010-12-01
168,168,12,AC,2011,1,21.49376244978471,22.40488941438736,86.29364201610039,12.486052266737511,2011-01-01
169,169,12,AC,2011,2,21.22785675990117,22.10276690086761,87.64286873557351,12.304669514204203,2011-02-01
170,170,12,AC,2011,3,21.30599400304979,22.173668341203168,87.71810947765003,12.0530986830182,2011-03-01
171,171,12,AC,2011,4,21.331617826404,22.196053689898864,86.86279703776042,11.78731949793203,2011-04-01
172,172,12,AC,2011,5,19.84077080813321,20.87327194074032,83.92663519403452,11.567413535917304,2011-05-01
173,173,12,AC,2011,6,19.356334101070058,20.424689092058124,82.33790710911606,11.459391036029682,2011-06-01
174,174,12,AC,2011,7,18.51312254461025,19.725009900034348,77.78974388771393,11.510075141312983,2011-07-01
175,175,12,AC,2011,8,18.13672102231784,19.42785806460115,71.5518957624687,11.699509450462353,2011-08-01
176,176,12,AC,2011,9,20.408414434664177,21.532313060760497,75.95307176763362,11.95571178436984,2011-09-01
177,177,12,AC,2011,10,21.335613944313742,22.28094673716078,83.28310085531554,12.22083627663638,2011-10-01
178,178,12,AC,2011,11,21.436140944740988,22.4566299756368,81.51348334803725,12.438587270755583,2011-11-01
179,179,12,AC,2011,12,21.773523257974304,22.68708093704716,85.55695979546242,12.541090409857254,2011-12-01
180,180,12,AC,2012,1,21.53230349968605,22.40225821576161,88.14036649552958,12.486052266737511,2012-01-01
181,181,12,AC,2012,2,21.088938219793917,21.954733971144336,88.09635261607394,12.304669514204203,2012-02-01
182,182,12,AC,2012,3,21.28677356138257,22.16128906965955,86.78529702463457,12.0530986830182,2012-03-01
183,183,12,AC,2012,4,21.58384310982444,22.49094016913212,86.81205348390522,11.78731949793203,2012-04-01
184,184,12,AC,2012,5,20.126570819060472,21.153020102257603,85.19631546333738,11.567413535917304,2012-05-01
185,185,12,AC,2012,6,19.313556389375165,20.43530586416071,84.64160491480972,11.459391036029682,2012-06-01
186,186,12,AC,2012,7,17.41569309150718,18.65017123795674,79.29267167345868,11.510075141312983,2012-07-01
187,187,12,AC,2012,8,18.157445028030978,19.420816406126946,72.67508112999701,11.699509450462353,2012-08-01
188,188,12,AC,2012,9,20.24002246856689,21.306616670435123,74.85451230135831,11.95571178436984,2012-09-01
189,189,12,AC,2012,10,21.19286429777173,22.186987286788625,81.2869509923493,12.22083627663638,2012-10-01
190,190,12,AC,2012,11,21.98998528393832,22.96056271755334,84.19290907888701,12.438587270755583,2012-11-01
191,191,12,AC,2012,12,21.664966854531745,22.549806687139696,87.00293500122785,12.541090409857254,2012-12-01
192,192,12,AC,2013,1,21.843739053720604,22.75832420080638,86.78353096522893,12.486052266737511,2013-01-01
193,193,12,AC,2013,2,21.93436028430988,22.829995235839448,86.79153385410062,12.304669514204203,2013-02-01
194,194,12,AC,2013,3,21.95575363125619,22.85264698990629,87.24232394534471,12.0530986830182,2013-03-01
195,195,12,AC,2013,4,20.703857653068773,21.8136179302678,82.94819329001687,11.78731949793203,2013-04-01
196,196,12,AC,2013,5,20.831385492229742,21.855541936812863,86.0747788840375,11.567413535917304,2013-05-01
197,197,12,AC,2013,6,20.90207995790424,21.80540935342962,85.44463762225527,11.459391036029682,2013-06-01
198,198,12,AC,2013,7,18.13895131975325,19.231845097807494,81.57058323163791,11.510075141312983,2013-07-01
199,199,12,AC,2013,8,17.509389357133344,18.673100382002215,74.78501021197813,11.699509450462353,2013-08-01
200,200,12,AC,2013,9,19.726055694348887,20.76604324687611,76.8260668032097,11.95571178436984,2013-09-01
201,201,12,AC,2013,10,21.50629211660704,22.45292788866329,83.44221088263996,12.22083627663638,2013-10-01
202,202,12,AC,2013,11,21.45528991872614,22.344895189458672,85.03054102117365,12.438587270755583,2013-11-01
203,203,12,AC,2013,12,21.964799984459304,22.796263764680656,85.20494568452807,12.541090409857254,2013-12-01
204,204,12,AC,2014,1,21.84421523365457,22.640495904379925,87.76362079609174,12.486052266737511,2014-01-01
205,205,12,AC,2014,2,21.82621373449053,22.63592531773951,87.55280150376358,12.304669514204203,2014-02-01
206,206,12,AC,2014,3,21.780314252523382,22.67347380562612,87.44853714973695,12.0530986830182,2014-03-01
207,207,12,AC,2014,4,21.584115063060413,22.524654746778086,86.22068784309157,11.78731949793203,2014-04-01
208,208,12,AC,2014,5,20.782720574185998,21.71957078497431,87.19433665345491,11.567413535917304,2014-05-01
209,209,12,AC,2014,6,19.95079399889165,20.964265571941027,85.65696483958851,11.459391036029682,2014-06-01
210,210,12,AC,2014,7,17.955843799624628,19.128137619264663,83.40244400606127,11.510075141312983,2014-07-01
211,211,12,AC,2014,8,18.53140322413962,19.736787689745952,78.77345897864735,11.699509450462353,2014-08-01
212,212,12,AC,2014,9,20.709114198973683,21.81139100681652,81.48220958131732,11.95571178436984,2014-09-01
213,213,12,AC,2014,10,21.453943392398426,22.47244898105297,84.07208094219308,12.22083627663638,2014-10-01
214,214,12,AC,2014,11,21.759653779232146,22.777643960894963,86.44306662588409,12.438587270755583,2014-11-01
215,215,12,AC,2014,12,21.80615022944565,22.74539370271118,86.55187183950653,12.541090409857254,2014-12-01
216,216,12,AC,2015,1,21.553929577824658,22.42383419383656,88.46158976848524,12.486052266737511,2015-01-01
217,217,12,AC,2015,2,21.850240112899183,22.71266546806732,87.4655775838084,12.304669514204203,2015-02-01
218,218,12,AC,2015,3,21.87365976037168,22.700136797169435,88.51777741776185,12.0530986830182,2015-03-01
219,219,12,AC,2015,4,21.80455483523282,22.6939270510818,87.84726407600171,11.78731949793203,2015-04-01
220,220,12,AC,2015,5,21.45629894838305,22.325802601677232,88.64427480389996,11.567413535917304,2015-05-01
221,221,12,AC,2015,6,19.944009666731866,20.93241535389062,85.24057201038707,11.459391036029682,2015-06-01
222,222,12,AC,2015,7,19.489716666884437,20.529635272767187,83.4526963891172,11.510075141312983,2015-07-01
223,223,12,AC,2015,8,20.643679680362823,21.65441692609591,79.39631121459246,11.699509450462353,2015-08-01
224,224,12,AC,2015,9,21.43009460911606,22.48041402643377,80.43386159954649,11.95571178436984,2015-09-01
225,225,12,AC,2015,10,21.630811154318,22.62814172761531,80.2900785854485,12.22083627663638,2015-10-01
226,226,12,AC,2015,11,22.272908571994662,23.277071062723795,82.22383559255888,12.438587270755583,2015-11-01
227,227,12,AC,2015,12,22.029577999170925,22.992727808239174,85.02929546546376,12.541090409857254,2015-12-01
228,228,12,AC,2016,1,22.68252012526884,23.620034424790187,86.25595356781811,12.486052266737511,2016-01-01
229,229,12,AC,2016,2,22.579496628812112,23.503126446356223,86.88734535289035,12.304669514204203,2016-02-01
230,230,12,AC,2016,3,22.465582746914052,23.396331054374272,86.20841968793674,12.0530986830182,2016-03-01
231,231,12,AC,2016,4,21.79837903831944,22.734581453149968,84.67264262112704,11.78731949793203,2016-04-01
232,232,12,AC,2016,5,20.4525281998419,21.526251693624907,85.24205277742179,11.567413535917304,2016-05-01
233,233,12,AC,2016,6,18.4928822185054,19.61426917567397,81.97397680571585,11.459391036029682,2016-06-01
234,234,12,AC,2016,7,18.12629643912889,19.26133973158,76.66365268293363,11.510075141312983,2016-07-01
235,235,12,AC,2016,8,19.02584603524977,20.074610612259583,74.01304422865165,11.699509450462353,2016-08-01
236,236,12,AC,2016,9,19.66752120364796,20.7942423545953,77.86551310221354,11.95571178436984,2016-09-01
237,237,12,AC,2016,10,21.436026120115937,22.44764040502285,80.89521129529847,12.22083627663638,2016-10-01
238,238,12,AC,2016,11,21.474218784679067,22.503317734689425,82.16305458762429,12.438587270755583,2016-11-01
239,239,12,AC,2016,12,21.81752713334875,22.77661741094505,84.70738593853814,12.541090409857254,2016-12-01
240,240,12,AC,2017,1,21.631362461973843,22.508033019706303,88.28506043509654,12.486052266737511,2017-01-01
241,241,12,AC,2017,2,21.655032637831454,22.603658899084312,86.91067304239644,12.304669514204203,2017-02-01
242,242,12,AC,2017,3,21.813542737988783,22.76802210374312,86.79324151763468,12.0530986830182,2017-03-01
243,243,12,AC,2017,4,21.32497590960878,22.337981437914294,86.13354701417865,11.78731949793203,2017-04-01
244,244,12,AC,2017,5,21.52957202262543,22.4702939120206,86.6716268880626,11.567413535917304,2017-05-01
245,245,12,AC,2017,6,18.63752886309768,19.710480135137384,83.30728431470466,11.459391036029682,2017-06-01
246,246,12,AC,2017,7,16.410619202946638,17.470472425309794,74.97882893917497,11.510075141312983,2017-07-01
247,247,12,AC,2017,8,19.43079001183384,20.50121819029106,75.21238417639411,11.699509450462353,2017-08-01
248,248,12,AC,2017,9,20.795278164834688,21.800709481672808,78.57293200637355,11.95571178436984,2017-09-01
249,249,12,AC,2017,10,21.299403405958607,22.31863574757953,80.05016336972413,12.22083627663638,2017-10-01
250,250,12,AC,2017,11,22.014533331899933,22.9128650636384,84.38100476120457,12.438587270755583,2017-11-01
251,251,12,AC,2017,12,21.86528999854393,22.76466421088165,84.863571614464,12.541090409857254,2017-12-01
252,252,12,AC,2018,1,21.733779331106597,22.562411487277306,86.2883509414986,12.486052266737511,2018-01-01
253,253,12,AC,2018,2,22.03432220607609,22.873581248444395,87.24361252475094,12.304669514204203,2018-02-01
254,254,12,AC,2018,3,21.650557786488463,22.53920667262371,85.88220050397855,12.0530986830182,2018-03-01
255,255,12,AC,2018,4,21.652968478925303,22.49630031585693,86.08767591534239,11.78731949793203,2018-04-01
256,256,12,AC,2018,5,20.626276027422147,21.54137491970118,84.98894040955128,11.567413535917304,2018-05-01
257,257,12,AC,2018,6,17.72971975586631,18.74971679629701,81.64618376529577,11.459391036029682,2018-06-01
258,258,12,AC,2018,7,17.771270395374017,18.78435067627088,76.17548507958912,11.510075141312983,2018-07-01
259,259,12,AC,2018,8,18.202639262347628,19.310493330801688,78.10291343979821,11.699509450462353,2018-08-01
260,260,12,AC,2018,9,19.76871687571208,20.863367703466704,75.70151613408869,11.95571178436984,2018-09-01
261,261,12,AC,2018,10,21.81384346422212,22.75130764689963,82.64631907890968,12.22083627663638,2018-10-01
262,262,12,AC,2018,11,22.26444099888657,23.20529155442209,85.7569633252693,12.438587270755583,2018-11-01
263,263,12,AC,2018,12,21.95089214638181,22.866003500751034,86.34964662702902,12.541090409857254,2018-12-01
264,264,12,AC,2019,1,21.951192864225057,22.77884767761678,87.0166232313229,12.486052266737511,2019-01-01
265,265,12,AC,2019,2,22.269370193605297,23.08526871111486,87.44648061479842,12.304669514204203,2019-02-01
266,266,12,AC,2019,3,22.25964631782599,23.1265188060548,86.61566786332564,12.0530986830182,2019-03-01
267,267,12,AC,2019,4,21.770166931730326,22.757549860983183,84.82883182872426,11.78731949793203,2019-04-01
268,268,12,AC,2019,5,20.447629145513183,21.485192210793148,83.65966801349718,11.567413535917304,2019-05-01
269,269,12,AC,2019,6,20.19444820230657,21.223197598890824,83.29429506244081,11.459391036029682,2019-06-01
270,270,12,AC,2019,7,18.253597062354213,19.36433304230139,81.1914910570967,11.510075141312983,2019-07-01
271,271,12,AC,2019,8,17.50799855808359,18.719879618138517,72.14705821286199,11.699509450462353,2019-08-01
272,272,12,AC,2019,9,21.0479695002238,22.06932602217703,77.98657079754453,11.95571178436984,2019-09-01
273,273,12,AC,2019,10,21.239098462191496,22.207573392873638,84.13694482395027,12.22083627663638,2019-10-01
274,274,12,AC,2019,11,21.734821004578563,22.68222283161048,85.14515299941554,12.438587270755583,2019-11-01
275,275,12,AC,2019,12,22.04606689945344,22.94666901641577,86.6030452426228,12.541090409857254,2019-12-01
276,276,12,AC,2020,1,22.35868024965885,23.28268769619402,84.51231191864461,12.486052266737511,2020-01-01
277,277,12,AC,2020,2,22.315640673742024,23.187035058359367,86.40665057908778,12.304669514204203,2020-02-01
278,278,12,AC,2020,3,22.20326320726501,23.09491921589871,86.68774959978121,12.0530986830182,2020-03-01
279,279,12,AC,2020,4,21.2320793874336,22.17616670781916,86.24075750871138,11.78731949793203,2020-04-01
280,280,12,AC,2020,5,19.60739459879587,20.46607271177678,85.3943581902736,11.567413535917304,2020-05-01
281,281,12,AC,2020,6,20.13335016712998,20.93742596019398,85.07560621319395,11.459391036029682,2020-06-01
282,282,12,AC,2020,7,19.169021715516568,20.079597348691436,83.23138130165614,11.510075141312983,2020-07-01
283,283,12,AC,2020,8,18.027525638904734,18.990612803316537,75.2467617806801,11.699509450462353,2020-08-01
284,284,12,AC,2020,9,20.938358185508037,21.879700680935024,79.09890980576024,11.95571178436984,2020-09-01
285,285,12,AC,2020,10,21.12474084669544,22.00870369326684,80.6729433165967,12.22083627663638,2020-10-01
286,286,12,AC,2020,11,21.80952657063802,22.726243420803183,82.0773434494481,12.438587270755583,2020-11-01
287,287,12,AC,2020,12,21.64732514658282,22.51199238181464,86.07648968067338,12.541090409857254,2020-12-01
288,288,12,AC,2021,1,21.48732224797224,22.326704791564048,86.53924462103075,12.486052266737511,2021-01-01
289,289,12,AC,2021,2,22.034932613372803,22.83024494678943,87.40981682864103,12.304669514204203,2021-02-01
290,290,12,AC,2021,3,21.475093349333733,22.332568596535065,87.87356602061878,12.0530986830182,2021-03-01
291,291,12,AC,2021,4,21.583169856215967,22.469266481110544,86.45201224124793,11.78731949793203,2021-04-01
292,292,12,AC,2021,5,20.126220020730475,20.951719767886523,85.83737908640215,11.567413535917304,2021-05-01
293,293,12,AC,2021,6,19.33169551184683,20.17773331006368,84.26225109678326,11.459391036029682,2021-06-01
294,294,12,AC,2021,7,17.093582281968462,17.98944822574291,77.79661698774858,11.510075141312983,2021-07-01
295,295,12,AC,2021,8,18.52956135601592,19.54607477775417,73.21650286364066,11.699509450462353,2021-08-01
296,296,12,AC,2021,9,20.74993684942072,21.73825197508841,80.18951424107408,11.95571178436984,2021-09-01
297,297,12,AC,2021,10,21.37002020077971,22.31232077355259,83.36939854775706,12.22083627663638,2021-10-01
298,298,12,AC,2021,11,21.84567530082934,22.72044302333485,87.9843850222501,12.438587270755583,2021-11-01
299,299,12,AC,2021,12,22.25117636146433,23.0945433255864,88.38555364524863,12.541090409857254,2021-12-01
300,300,12,AC,2022,1,21.74004413794912,22.571182167075595,85.47373205056289,12.486052266737511,2022-01-01
301,301,12,AC,2022,2,21.45632937357023,22.266290677058237,87.43527665076319,12.304669514204203,2022-02-01
302,302,12,AC,2022,3,21.62637571016015,22.44698888605291,86.26885497465162,12.0530986830182,2022-03-01
303,303,12,AC,2022,4,21.26347649892171,22.18244608965787,87.18081172596325,11.78731949793203,2022-04-01
304,304,12,AC,2022,5,19.72661364043563,20.59388706201682,85.22669067830284,11.567413535917304,2022-05-01
305,305,12,AC,2022,6,19.07914651523937,19.96565741914691,83.95703062577681,11.459391036029682,2022-06-01
306,306,12,AC,2022,7,19.62170338420924,20.524197445586974,80.31755497728275,11.510075141312983,2022-07-01
307,307,12,AC,2022,8,18.300219717613064,19.33879772309334,78.11028973308127,11.699509450462353,2022-08-01
308,308,12,AC,2022,9,19.685362483515885,20.72128461635474,74.87777371262058,11.95571178436984,2022-09-01
309,309,12,AC,2022,10,21.297887351855504,22.232281777166552,81.96325751833203,12.22083627663638,2022-10-01
310,310,12,AC,2022,11,20.138723265041005,21.20079883662137,79.01447633107503,12.438587270755583,2022-11-01
311,311,12,AC,2022,12,21.46820207075639,22.43403324283812,84.27300259095134,12.541090409857254,2022-12-01
312,312,13,AM,2010,1,22.48332592451113,23.985059483118288,84.65478975690986,12.201382158427174,2010-01-01
313,313,13,AM,2010,2,22.897545416783625,24.343586275654456,85.47286991260019,12.126267546467208,2010-02-01
314,314,13,AM,2010,3,22.90954021013242,24.452625926649908,83.98583246046498,12.022010166600555,2010-03-01
315,315,13,AM,2010,4,22.55288940245105,24.11444804796609,86.11343441624796,11.91184820311772,2010-04-01
316,316,13,AM,2010,5,22.210778141120965,24.039162676490683,84.9031081462626,11.820752647748668,2010-05-01
317,317,13,AM,2010,6,21.588188820500527,23.49587786377117,83.35263239952826,11.776038514400923,2010-06-01
318,318,13,AM,2010,7,20.368444331602795,22.644830728544772,81.24550717976041,11.797014961914144,2010-07-01
319,319,13,AM,2010,8,20.63356060043954,23.028323584863223,76.50544019097715,11.875464206771923,2010-08-01
320,320,13,AM,2010,9,21.970466290238083,23.926605636842787,76.376108372596,11.981641821300022,2010-09-01
321,321,13,AM,2010,10,22.024993786330523,23.80404567073461,78.55526316203138,12.091531352622251,2010-10-01
322,322,13,AM,2010,11,21.92478170241079,23.672404822482857,82.21865675731371,12.181732157571576,2010-11-01
323,323,13,AM,2010,12,21.76368101082285,23.40824634698874,84.34254565918731,12.22416071298532,2010-12-01
324,324,13,AM,2011,1,21.756567429057267,23.296981096019607,85.44964352309022,12.201382158427174,2011-01-01
325,325,13,AM,2011,2,21.448708718273497,23.04423612933005,85.9574760313957,12.126267546467208,2011-02-01
326,326,13,AM,2011,3,21.68007869005948,23.247675161331923,85.51987001972813,12.022010166600555,2011-03-01
327,327,13,AM,2011,4,21.663845829809866,23.18144271501931,86.09746901809528,11.91184820311772,2011-04-01
328,328,13,AM,2011,5,21.798115181501156,23.48688691066777,85.52043717113419,11.820752647748668,2011-05-01
329,329,13,AM,2011,6,21.362283589763027,23.290761345689017,82.26296790748515,11.776038514400923,2011-06-01
330,330,13,AM,2011,7,20.77435162313027,22.88126377111667,79.06195271201238,11.797014961914144,2011-07-01
331,331,13,AM,2011,8,20.80225460884102,23.16103623536077,75.01214051221832,11.875464206771923,2011-08-01
332,332,13,AM,2011,9,21.6699331514297,23.492790576975832,77.98285595883605,11.981641821300022,2011-09-01
333,333,13,AM,2011,10,22.04322230778673,23.755539977463677,80.84170457004385,12.091531352622251,2011-10-01
334,334,13,AM,2011,11,22.06924125199677,23.692527355686316,82.2228097361903,12.181732157571576,2011-11-01
335,335,13,AM,2011,12,22.068106447372674,23.738449623631887,83.8653466168105,12.22416071298532,2011-12-01
336,336,13,AM,2012,1,21.78892529742651,23.305997556751898,87.02270334344996,12.201382158427174,2012-01-01
337,337,13,AM,2012,2,21.47489591806431,23.10452117431946,86.80582234061201,12.126267546467208,2012-02-01
338,338,13,AM,2012,3,21.53536193204596,23.147409268398068,86.50902064360143,12.022010166600555,2012-03-01
339,339,13,AM,2012,4,21.90463163827055,23.549923871153144,86.3372069492135,11.91184820311772,2012-04-01
340,340,13,AM,2012,5,21.608449477434903,23.45000301563529,84.95833946490015,11.820752647748668,2012-05-01
341,341,13,AM,2012,6,21.195128805406632,23.1899649435474,82.79077143925493,11.776038514400923,2012-06-01
342,342,13,AM,2012,7,20.48339303648807,22.76045302074484,81.65081374082058,11.797014961914144,2012-07-01
343,343,13,AM,2012,8,20.619813646163703,23.038109209237312,76.61269213332098,11.875464206771923,2012-08-01
344,344,13,AM,2012,9,21.64697598026645,23.63131441916189,77.25674565633139,11.981641821300022,2012-09-01
345,345,13,AM,2012,10,22.30419272116146,24.12573046391514,79.36034401051087,12.091531352622251,2012-10-01
346,346,13,AM,2012,11,22.692924723061186,24.39919557879048,80.19454033144059,12.181732157571576,2012-11-01
347,347,13,AM,2012,12,22.072156777615103,23.51650608193738,84.71389317586942,12.22416071298532,2012-12-01
348,348,13,AM,2013,1,22.427875580326205,23.917613946436344,85.11951351265009,12.201382158427174,2013-01-01
349,349,13,AM,2013,2,22.11383503208512,23.561209797309843,86.37875403127363,12.126267546467208,2013-02-01
350,350,13,AM,2013,3,22.37472380609344,23.87302068517806,86.01038172837971,12.022010166600555,2013-03-01
351,351,13,AM,2013,4,22.300471135621432,23.98904060753443,84.90063967961136,11.91184820311772,2013-04-01
352,352,13,AM,2013,5,22.142981303470066,23.815053919971795,85.78813922814598,11.820752647748668,2013-05-01
353,353,13,AM,2013,6,21.94795017908978,23.787691255795057,83.16777499209168,11.776038514400923,2013-06-01
354,354,13,AM,2013,7,20.659676317121683,22.727125902205675,82.0420936243095,11.797014961914144,2013-07-01
355,355,13,AM,2013,8,20.718283288560723,23.047872615778484,79.26873419262492,11.875464206771923,2013-08-01
356,356,13,AM,2013,9,21.679149069324616,23.66640940430344,79.53493948290425,11.981641821300022,2013-09-01
357,357,13,AM,2013,10,22.238681150152583,24.03953170280179,79.79279447867148,12.091531352622251,2013-10-01
358,358,13,AM,2013,11,22.202872291175268,23.72089183561264,83.95403580204133,12.181732157571576,2013-11-01
359,359,13,AM,2013,12,22.48087170667381,24.11907036172984,82.88263465809897,12.22416071298532,2013-12-01
360,360,13,AM,2014,1,22.238516628432095,23.771643344867243,84.2624394340396,12.201382158427174,2014-01-01
361,361,13,AM,2014,2,22.15315959255816,23.57033583205966,86.49938083244358,12.126267546467208,2014-02-01
362,362,13,AM,2014,3,22.18657421941688,23.670550548819424,86.27499048667693,12.022010166600555,2014-03-01
363,363,13,AM,2014,4,22.34009598660213,23.908977741323493,85.89883974547028,11.91184820311772,2014-04-01
364,364,13,AM,2014,5,22.19814262777164,23.843979523407683,86.19423026125588,11.820752647748668,2014-05-01
365,365,13,AM,2014,6,21.794237972587663,23.71287038762082,83.51053346203219,11.776038514400923,2014-06-01
366,366,13,AM,2014,7,20.88293142596591,23.033583213337756,82.60387390486035,11.797014961914144,2014-07-01
367,367,13,AM,2014,8,21.05038057430478,23.30498389721413,79.58533272758112,11.875464206771923,2014-08-01
368,368,13,AM,2014,9,21.96285832928073,24.08666239092427,77.32204618966708,11.981641821300022,2014-09-01
369,369,13,AM,2014,10,22.18024755888749,23.880276520219976,81.48490819623393,12.091531352622251,2014-10-01
370,370,13,AM,2014,11,22.44226142103954,24.10531480850712,83.37511116355978,12.181732157571576,2014-11-01
371,371,13,AM,2014,12,22.530604479588284,24.143478837147214,83.39594039956687,12.22416071298532,2014-12-01
372,372,13,AM,2015,1,21.96132282709604,23.45516925696652,85.44320207133377,12.201382158427174,2015-01-01
373,373,13,AM,2015,2,22.266018993294185,23.78632810917868,83.73181965384066,12.126267546467208,2015-02-01
374,374,13,AM,2015,3,22.30621562018975,23.740992732648422,86.36358284925447,12.022010166600555,2015-03-01
375,375,13,AM,2015,4,22.42025989409416,23.87690114974976,85.53722290941464,11.91184820311772,2015-04-01
376,376,13,AM,2015,5,22.288222752054075,23.789525112425995,86.08741719367973,11.820752647748668,2015-05-01
377,377,13,AM,2015,6,21.674205748240155,23.525864100712603,82.89571735423098,11.776038514400923,2015-06-01
378,378,13,AM,2015,7,21.407744378378684,23.465021545259315,81.33765556660948,11.797014961914144,2015-07-01
379,379,13,AM,2015,8,21.84562940180736,24.08079936774787,76.57493194754736,11.875464206771923,2015-08-01
380,380,13,AM,2015,9,22.34666566284754,24.598059406075425,73.79266947879586,11.981641821300022,2015-09-01
381,381,13,AM,2015,10,22.61943081688062,24.629576126320924,76.55296481089835,12.091531352622251,2015-10-01
382,382,13,AM,2015,11,22.69504263631759,24.591673508510794,78.29149140183644,12.181732157571576,2015-11-01
383,383,13,AM,2015,12,22.67693963234432,24.532671460003808,80.16696084227944,12.22416071298532,2015-12-01
384,384,13,AM,2016,1,23.32266555492389,25.02982147327943,79.85833628889674,12.201382158427174,2016-01-01
385,385,13,AM,2016,2,22.94231479345625,24.43209469278609,83.24466157940789,12.126267546467208,2016-02-01
386,386,13,AM,2016,3,23.00562684766708,24.44517447127264,85.40912528539175,12.022010166600555,2016-03-01
387,387,13,AM,2016,4,22.610900172879617,24.23448029692455,85.02419579208538,11.91184820311772,2016-04-01
388,388,13,AM,2016,5,22.220208068295893,24.061601596121733,84.91260838583035,11.820752647748668,2016-05-01
389,389,13,AM,2016,6,21.168459543105094,23.23922838293096,82.95491497490995,11.776038514400923,2016-06-01
390,390,13,AM,2016,7,20.962905818788368,23.22768154799256,79.0320535991244,11.797014961914144,2016-07-01
391,391,13,AM,2016,8,21.355784148753123,23.62125345521861,76.74311338577508,11.875464206771923,2016-08-01
392,392,13,AM,2016,9,21.44558074243607,23.43991151420019,80.08476484155142,11.981641821300022,2016-09-01
393,393,13,AM,2016,10,22.27928630320761,24.17738391606294,79.85617514182576,12.091531352622251,2016-10-01
394,394,13,AM,2016,11,22.348296601797944,24.20596417868009,80.96476778009887,12.181732157571576,2016-11-01
395,395,13,AM,2016,12,21.981703228310412,23.68022500017307,85.24234830080285,12.22416071298532,2016-12-01
396,396,13,AM,2017,1,21.649894936151732,23.30726913210008,85.8070156800015,12.201382158427174,2017-01-01
397,397,13,AM,2017,2,21.80682374420254,23.47515745866134,85.65227729603991,12.126267546467208,2017-02-01
398,398,13,AM,2017,3,21.9083844749538,23.58984702980605,86.17182877110889,12.022010166600555,2017-03-01
399,399,13,AM,2017,4,21.976558184880084,23.680196580579203,85.58796585247082,11.91184820311772,2017-04-01
400,400,13,AM,2017,5,22.210200147995963,24.014349646672496,83.75140831795493,11.820752647748668,2017-05-01
401,401,13,AM,2017,6,21.286121200233374,23.47677066556869,82.53433158628403,11.776038514400923,2017-06-01
402,402,13,AM,2017,7,19.921896286983277,22.494836564118607,77.74257450123608,11.797014961914144,2017-07-01
403,403,13,AM,2017,8,21.510277659786357,23.751503028432985,75.89010496268534,11.875464206771923,2017-08-01
404,404,13,AM,2017,9,21.8313268241062,23.772429397541988,79.37354687516408,11.981641821300022,2017-09-01
405,405,13,AM,2017,10,21.887866264823572,23.74074376609397,80.55414925455179,12.091531352622251,2017-10-01
406,406,13,AM,2017,11,22.33350331039839,24.05410800441619,82.5998207584504,12.181732157571576,2017-11-01
407,407,13,AM,2017,12,22.232238913922107,23.826017748924997,84.67940798708848,12.22416071298532,2017-12-01
408,408,13,AM,2018,1,21.694270305157207,23.326422435311944,84.71517693066076,12.201382158427174,2018-01-01
409,409,13,AM,2018,2,21.97186980324407,23.595833544357586,83.89518747241816,12.126267546467208,2018-02-01
410,410,13,AM,2018,3,22.223853765739733,23.927306192102343,83.48332436647921,12.022010166600555,2018-03-01
411,411,13,AM,2018,4,21.93241264845735,23.528018806826683,86.0962317394954,11.91184820311772,2018-04-01
412,412,13,AM,2018,5,21.7966213112195,23.48946560037,85.74042369671841,11.820752647748668,2018-05-01
413,413,13,AM,2018,6,20.517638224940143,22.731704268404236,82.54223907224593,11.776038514400923,2018-06-01
414,414,13,AM,2018,7,20.564212140630115,22.905063116587662,80.65702207130647,11.797014961914144,2018-07-01
415,415,13,AM,2018,8,20.782758965328508,23.03222272547425,79.44418672766076,11.875464206771923,2018-08-01
416,416,13,AM,2018,9,21.58795908497226,23.76680611179721,78.48229743793446,11.981641821300022,2018-09-01
417,417,13,AM,2018,10,22.52045876376959,24.487882599250085,78.30654052392997,12.091531352622251,2018-10-01
418,418,13,AM,2018,11,22.941286324429257,24.490932247202885,82.7582017467868,12.181732157571576,2018-11-01
419,419,13,AM,2018,12,22.23833880439385,23.58616576953932,85.62284791531597,12.22416071298532,2018-12-01
420,420,13,AM,2019,1,22.201517139339547,23.60377185476186,85.92301917894822,12.201382158427174,2019-01-01
421,421,13,AM,2019,2,22.644143362199102,24.024835229469332,86.09522681082449,12.126267546467208,2019-02-01
422,422,13,AM,2019,3,22.79899970599441,24.266090205507147,84.18854126945124,12.022010166600555,2019-03-01
423,423,13,AM,2019,4,22.69621415086972,24.121523075719036,85.17723047400034,11.91184820311772,2019-04-01
424,424,13,AM,2019,5,22.31184426505161,23.95997525055376,85.38386652348069,11.820752647748668,2019-05-01
425,425,13,AM,2019,6,22.028564350066645,23.765152210317638,83.22499192350654,11.776038514400923,2019-06-01
426,426,13,AM,2019,7,21.114256038129888,23.1725869263124,80.58448597791912,11.797014961914144,2019-07-01
427,427,13,AM,2019,8,20.923549989011608,23.00582245758247,76.55552139639482,11.875464206771923,2019-08-01
428,428,13,AM,2019,9,22.24569467370228,24.02075424707064,77.47771753290648,11.981641821300022,2019-09-01
429,429,13,AM,2019,10,21.97491867807728,23.544497978178693,82.27686224271554,12.091531352622251,2019-10-01
430,430,13,AM,2019,11,22.56547285254284,24.11265631747502,83.42526999442808,12.181732157571576,2019-11-01
431,431,13,AM,2019,12,22.49586799960975,23.925020945307864,85.77987622470438,12.22416071298532,2019-12-01
432,432,13,AM,2020,1,22.67196011518465,24.11219690046995,83.54435758957878,12.201382158427174,2020-01-01
433,433,13,AM,2020,2,22.95950970527725,24.38055744001412,83.6717378321426,12.126267546467208,2020-02-01
434,434,13,AM,2020,3,22.947237731266718,24.372900546031243,84.63834755428127,12.022010166600555,2020-03-01
435,435,13,AM,2020,4,22.634592377242225,23.96860107503912,86.56871286617812,11.91184820311772,2020-04-01
436,436,13,AM,2020,5,22.09576937807462,23.713098616803475,86.74709422481668,11.820752647748668,2020-05-01
437,437,13,AM,2020,6,21.942795518136798,23.570441472658548,83.98838253636514,11.776038514400923,2020-06-01
438,438,13,AM,2020,7,21.54082602144652,23.52618940613396,80.54817075659903,11.797014961914144,2020-07-01
439,439,13,AM,2020,8,21.18339109619252,23.406623541626548,75.86624057384734,11.875464206771923,2020-08-01
440,440,13,AM,2020,9,22.051608792171685,23.88663162518573,77.86486386329896,11.981641821300022,2020-09-01
441,441,13,AM,2020,10,22.140607155572614,23.737347018334173,80.38294769350621,12.091531352622251,2020-10-01
442,442,13,AM,2020,11,22.478210944001397,23.918864422459755,82.24128781800628,12.181732157571576,2020-11-01
443,443,13,AM,2020,12,22.1961686246477,23.64148271542806,84.2009827954216,12.22416071298532,2020-12-01
444,444,13,AM,2021,1,21.99300935786919,23.34915922087512,85.38058373235887,12.201382158427174,2021-01-01
445,445,13,AM,2021,2,22.353818798394794,23.754864555350096,84.08404797233194,12.126267546467208,2021-02-01
446,446,13,AM,2021,3,21.95235973540752,23.34253468151271,86.03298105880944,12.022010166600555,2021-03-01
447,447,13,AM,2021,4,22.411517147351336,23.800674428222,85.49296666627289,11.91184820311772,2021-04-01
448,448,13,AM,2021,5,22.296381138117827,23.908721930774764,84.5754405328312,11.820752647748668,2021-05-01
449,449,13,AM,2021,6,21.82597001137272,23.533995834473643,83.46336896342616,11.776038514400923,2021-06-01
450,450,13,AM,2021,7,20.89230358439355,22.96012220422385,80.20725588247754,11.797014961914144,2021-07-01
451,451,13,AM,2021,8,21.84100560814484,23.62687317017586,77.52893831131982,11.875464206771923,2021-08-01
452,452,13,AM,2021,9,22.28186929764286,23.81207721053913,79.99198392642441,11.981641821300022,2021-09-01
453,453,13,AM,2021,10,22.649445659288137,24.13733447925357,81.21358295682815,12.091531352622251,2021-10-01
454,454,13,AM,2021,11,22.59573014782321,23.960515291972825,85.38087930576776,12.181732157571576,2021-11-01
455,455,13,AM,2021,12,22.658106432248847,23.93425080679458,87.3443639320588,12.22416071298532,2021-12-01
456,456,13,AM,2022,1,22.23264347923906,23.55427025607424,84.78524545675509,12.201382158427174,2022-01-01
457,457,13,AM,2022,2,22.01258248283017,23.29363135917945,86.2798323785105,12.126267546467208,2022-02-01
458,458,13,AM,2022,3,22.21247650706185,23.40218201537038,86.53841498987235,12.022010166600555,2022-03-01
459,459,13,AM,2022,4,22.06153221027826,23.40664047835976,86.24513151107296,11.91184820311772,2022-04-01
460,460,13,AM,2022,5,21.624086002901617,23.296114159424278,83.39380390909534,11.820752647748668,2022-05-01
461,461,13,AM,2022,6,20.93305353861983,22.58532892350228,83.56803547848938,11.776038514400923,2022-06-01
462,462,13,AM,2022,7,21.420682196562545,23.336728222040183,79.62545965712722,11.797014961914144,2022-07-01
463,463,13,AM,2022,8,21.02045464193164,23.06166403946097,77.8713070396082,11.875464206771923,2022-08-01
464,464,13,AM,2022,9,21.669115389034317,23.65315516174481,75.53931507602815,11.981641821300022,2022-09-01
465,465,13,AM,2022,10,21.96091379062442,23.66035144162848,79.79570614063529,12.091531352622251,2022-10-01
466,466,13,AM,2022,11,21.624225594920496,23.4238502384514,79.02885163214899,12.181732157571576,2022-11-01
467,467,13,AM,2022,12,21.775769652982905,23.348278906045174,83.09878543611619,12.22416071298532,2022-12-01
468,468,14,RR,2010,1,19.707531937219763,23.81603740158901,76.07080891927083,11.868406145905515,2010-01-01
469,469,14,RR,2010,2,20.323038407734465,24.37373986017137,77.98775337764195,11.917484389569587,2010-02-01
470,470,14,RR,2010,3,20.7252172347038,24.84756038214571,78.18211510771064,11.985615788758716,2010-03-01
471,471,14,RR,2010,4,20.233582564459905,24.24186193678114,86.10799050225152,12.05760832840854,2010-04-01
472,472,14,RR,2010,5,20.179391368742916,24.11822442495695,87.25468151133548,12.117132479521452,2010-05-01
473,473,14,RR,2010,6,19.5872819519043,23.57146389855279,85.54468388875326,12.14634454110276,2010-06-01
474,474,14,RR,2010,7,19.137614231724893,23.099234410767917,85.77111337313089,12.132641008714677,2010-07-01
475,475,14,RR,2010,8,19.07351617095291,22.996287905785344,82.35911986648395,12.08138394115718,2010-08-01
476,476,14,RR,2010,9,20.066552734375,24.103809746636284,77.77273629082575,12.011997555083177,2010-09-01
477,477,14,RR,2010,10,20.428249151988695,24.4708005023259,75.20081959386025,11.940183221104371,2010-10-01
478,478,14,RR,2010,11,19.977378991444905,23.923449363708496,81.07923794216579,11.881244043853163,2010-11-01
479,479,14,RR,2010,12,19.793075664069065,23.773256371610906,80.53159591510732,11.853525311449635,2010-12-01
480,480,14,RR,2011,1,19.557008062383183,23.53465275918284,77.39682517102969,11.868406145905515,2011-01-01
481,481,14,RR,2011,2,20.13494274502709,24.16059847786313,78.9654796781994,11.917484389569587,2011-02-01
482,482,14,RR,2011,3,19.668260857366747,23.626058640018588,82.34762235251806,11.985615788758716,2011-03-01
483,483,14,RR,2011,4,20.007932800716823,23.96864392174615,81.22832475450305,12.05760832840854,2011-04-01
484,484,14,RR,2011,5,19.623182727444554,23.53582887136808,88.43928079912739,12.117132479521452,2011-05-01
485,485,14,RR,2011,6,19.601220073699952,23.50902707417806,86.95211600409613,12.14634454110276,2011-06-01
486,486,14,RR,2011,7,19.4617981900451,23.454309705508653,85.20943549371535,12.132641008714677,2011-07-01
487,487,14,RR,2011,8,19.42991458113476,23.46320403314406,82.0129902829406,12.08138394115718,2011-08-01
488,488,14,RR,2011,9,19.861468338436552,23.907840237087672,80.78599209255643,12.011997555083177,2011-09-01
489,489,14,RR,2011,10,19.908077295364876,23.921850606446625,80.50581879974693,11.940183221104371,2011-10-01
490,490,14,RR,2011,11,20.17868453343709,24.14782690684001,80.87459114922417,11.881244043853163,2011-11-01
491,491,14,RR,2011,12,20.17626737369004,24.14204076131185,77.89695843112084,11.853525311449635,2011-12-01
492,492,14,RR,2012,1,19.99077260827505,23.97473889422673,77.71608392859018,11.868406145905515,2012-01-01
493,493,14,RR,2012,2,19.7071187994946,23.692611615411167,78.42845867639299,11.917484389569587,2012-02-01
494,494,14,RR,2012,3,19.857265556499524,23.859259533625774,78.43757696664461,11.985615788758716,2012-03-01
495,495,14,RR,2012,4,19.74449423684014,23.70533836788601,84.81541731092665,12.05760832840854,2012-04-01
496,496,14,RR,2012,5,19.52852410552322,23.47496517960743,84.66462866670342,12.117132479521452,2012-05-01
497,497,14,RR,2012,6,19.606707992553712,23.60651803758409,83.37496746487088,12.14634454110276,2012-06-01
498,498,14,RR,2012,7,19.14750087491928,23.115810201501333,86.29292510658182,12.132641008714677,2012-07-01
499,499,14,RR,2012,8,19.169571335084974,23.18442890618437,83.90637694328062,12.08138394115718,2012-08-01
500,500,14,RR,2012,9,19.624292100270587,23.71642812093099,78.93433483547635,12.011997555083177,2012-09-01
501,501,14,RR,2012,10,20.43605926267562,24.541697984100672,76.6945056546119,11.940183221104371,2012-10-01
502,502,14,RR,2012,11,20.342087425655787,24.348467784457736,75.68645870632596,11.881244043853163,2012-11-01
503,503,14,RR,2012,12,20.093149394373736,24.09157816979193,79.48589448005922,11.853525311449635,2012-12-01
504,504,14,RR,2013,1,20.37760291150821,24.42691690178328,73.02716518935337,11.868406145905515,2013-01-01
505,505,14,RR,2013,2,20.068351298286803,24.05687633241926,81.07791684468587,11.917484389569587,2013-02-01
506,506,14,RR,2013,3,20.551226334930742,24.59862907163558,75.99135472287414,11.985615788758716,2013-03-01
507,507,14,RR,2013,4,20.490735573238798,24.53919626024034,78.60537881639269,12.05760832840854,2013-04-01
508,508,14,RR,2013,5,19.85272655692152,23.774064911052744,85.06185565251175,12.117132479521452,2013-05-01
509,509,14,RR,2013,6,19.85184071646796,23.858847817314995,82.2881177435981,12.14634454110276,2013-06-01
510,510,14,RR,2013,7,19.14724360640331,23.13584082408618,83.82112572782783,12.132641008714677,2013-07-01
511,511,14,RR,2013,8,19.21367551947153,23.19788069366127,86.5949972173219,12.08138394115718,2013-08-01
512,512,14,RR,2013,9,19.720928603278267,23.766521894666884,82.74988840738932,12.011997555083177,2013-09-01
513,513,14,RR,2013,10,19.910944054716374,23.923173732142292,78.02696436400055,11.940183221104371,2013-10-01
514,514,14,RR,2013,11,20.02794752120972,24.00798970116509,79.76900928073458,11.881244043853163,2013-11-01
515,515,14,RR,2013,12,20.213792700408607,24.1979059650052,77.9155501827117,11.853525311449635,2013-12-01
516,516,14,RR,2014,1,19.822607093729,23.822873511365668,74.95960883684056,11.868406145905515,2014-01-01
517,517,14,RR,2014,2,20.07553325834728,24.073844628106983,75.3692307517642,11.917484389569587,2014-02-01
518,518,14,RR,2014,3,20.501609074172155,24.58367038849861,76.208483599591,11.985615788758716,2014-03-01
519,519,14,RR,2014,4,20.174734768337675,24.278853056165907,84.99179338243272,12.05760832840854,2014-04-01
520,520,14,RR,2014,5,20.61808089594687,24.625312091458227,77.89092454807732,12.117132479521452,2014-05-01
521,521,14,RR,2014,6,19.86986158370972,23.7760545179579,84.56780083550348,12.14634454110276,2014-06-01
522,522,14,RR,2014,7,19.298190155849664,23.284986393426053,84.25497608800087,12.132641008714677,2014-07-01
523,523,14,RR,2014,8,19.54504483745944,23.624478256061515,82.38342995592343,12.08138394115718,2014-08-01
524,524,14,RR,2014,9,20.052006935543485,24.15762541453044,72.46568364461264,12.011997555083177,2014-09-01
525,525,14,RR,2014,10,20.05963021760346,24.116938047511603,77.70267778622207,11.940183221104371,2014-10-01
526,526,14,RR,2014,11,20.37569845199585,24.403384886847604,77.4082315741645,11.881244043853163,2014-11-01
527,527,14,RR,2014,12,20.342411451442267,24.331835580641226,74.34196678079586,11.853525311449635,2014-12-01
528,528,14,RR,2015,1,20.049063586163264,24.088784933602938,72.95431222402922,11.868406145905515,2015-01-01
529,529,14,RR,2015,2,20.335347532090687,24.42464471998669,68.61642066410609,11.917484389569587,2015-02-01
530,530,14,RR,2015,3,20.923318483496228,25.028093432354677,71.31942488147367,11.985615788758716,2015-03-01
531,531,14,RR,2015,4,20.63051579581367,24.718075413174105,73.78311704847549,12.05760832840854,2015-04-01
532,532,14,RR,2015,5,19.88824879841138,23.848711198376076,83.68383001512098,12.117132479521452,2015-05-01
533,533,14,RR,2015,6,19.60505590438843,23.5823637093438,84.56629864162869,12.14634454110276,2015-06-01
534,534,14,RR,2015,7,19.46155934692711,23.47213517465899,83.29928907168808,12.132641008714677,2015-07-01
535,535,14,RR,2015,8,19.942607170022946,24.035492390458305,79.92925070485761,12.08138394115718,2015-08-01
536,536,14,RR,2015,9,20.619179202185737,24.768055263095437,71.36910865783692,12.011997555083177,2015-09-01
537,537,14,RR,2015,10,21.178810248836395,25.325355496970555,71.0011328502368,11.940183221104371,2015-10-01
538,538,14,RR,2015,11,21.196852520836725,25.32561889648437,73.41427689446344,11.881244043853163,2015-11-01
539,539,14,RR,2015,12,20.570962920240177,24.60303951796665,71.79063439317929,11.853525311449635,2015-12-01
540,540,14,RR,2016,1,20.793303030280654,24.78357250664824,64.61024416851741,11.868406145905515,2016-01-01
541,541,14,RR,2016,2,21.15251188826287,25.119991061331213,72.00119843757015,11.917484389569587,2016-02-01
542,542,14,RR,2016,3,21.863637719103085,25.981294734503635,69.18514725879956,11.985615788758716,2016-03-01
543,543,14,RR,2016,4,20.593904421064583,24.60957060496013,79.83747543334961,12.05760832840854,2016-04-01
544,544,14,RR,2016,5,20.3369167676536,24.35076365317068,83.89458646056474,12.117132479521452,2016-05-01
545,545,14,RR,2016,6,19.52184480243259,23.574616101582844,84.8264178805881,12.14634454110276,2016-06-01
546,546,14,RR,2016,7,19.79404964857204,23.83658263914047,83.93792847664126,12.132641008714677,2016-07-01
547,547,14,RR,2016,8,19.87494399983396,23.92434986073484,80.41971294444095,12.08138394115718,2016-08-01
548,548,14,RR,2016,9,20.007894802093507,24.11645654890272,78.81666141086154,12.011997555083177,2016-09-01
549,549,14,RR,2016,10,20.683593953040337,24.841900314823278,74.62223384405978,11.940183221104371,2016-10-01
550,550,14,RR,2016,11,20.58708730061849,24.81154069264729,78.21542588975694,11.881244043853163,2016-11-01
551,551,14,RR,2016,12,20.56081897981705,24.663057930238782,79.89678853352865,11.853525311449635,2016-12-01
552,552,14,RR,2017,1,19.89488277435303,23.92148309933242,78.19007341938635,11.868406145905515,2017-01-01
553,553,14,RR,2017,2,19.687948260988502,23.718894032069617,78.64288230169387,11.917484389569587,2017-02-01
554,554,14,RR,2017,3,20.048457149792743,24.05008348034274,78.87682091497605,11.985615788758716,2017-03-01
555,555,14,RR,2017,4,20.301849077012807,24.30752684275309,79.14023764716255,12.05760832840854,2017-04-01
556,556,14,RR,2017,5,20.09336988592661,24.12259808201944,83.52498358449628,12.117132479521452,2017-05-01
557,557,14,RR,2017,6,19.97882215923733,24.10012582990858,84.26717259724934,12.14634454110276,2017-06-01
558,558,14,RR,2017,7,19.24373979465936,23.318652544739425,84.50406430152155,12.132641008714677,2017-07-01
559,559,14,RR,2017,8,20.12429795829199,24.200772689491192,76.97404140349357,12.08138394115718,2017-08-01
560,560,14,RR,2017,9,20.13462935977512,24.17501959482829,77.89918613009984,12.011997555083177,2017-09-01
561,561,14,RR,2017,10,20.76627087746897,24.8451714259322,75.08268249675793,11.940183221104371,2017-10-01
562,562,14,RR,2017,11,20.907664597829186,24.95984711964925,71.99713595072429,11.881244043853163,2017-11-01
563,563,14,RR,2017,12,20.493504977482623,24.509354892853768,76.19706614504578,11.853525311449635,2017-12-01
564,564,14,RR,2018,1,19.576340423091764,23.6676636316443,74.15985768636068,11.868406145905515,2018-01-01
565,565,14,RR,2018,2,20.004587934130715,24.0219631649199,68.2012796765282,11.917484389569587,2018-02-01
566,566,14,RR,2018,3,20.56543159279772,24.692240228960596,76.00086872552032,11.985615788758716,2018-03-01
567,567,14,RR,2018,4,20.247425774468315,24.40478999667697,81.47836520724826,12.05760832840854,2018-04-01
568,568,14,RR,2018,5,19.750570239815666,23.646236354048536,85.33528877176265,12.117132479521452,2018-05-01
569,569,14,RR,2018,6,19.346098887125653,23.309791353013782,85.69766084459093,12.14634454110276,2018-06-01
570,570,14,RR,2018,7,19.121810209622947,23.066817765594813,86.28328525994412,12.132641008714677,2018-07-01
571,571,14,RR,2018,8,19.49989320898569,23.52307545651672,78.14404308360109,12.08138394115718,2018-08-01
572,572,14,RR,2018,9,19.90588431252373,23.932374343872077,78.44888944837781,12.011997555083177,2018-09-01
573,573,14,RR,2018,10,20.67273329457929,24.707970678678123,72.37443905902165,11.940183221104371,2018-10-01
574,574,14,RR,2018,11,20.8715848965115,24.88973862965901,75.48476439581978,11.881244043853163,2018-11-01
575,575,14,RR,2018,12,19.684799903951667,23.672551809331424,75.45006679411857,11.853525311449635,2018-12-01
576,576,14,RR,2019,1,20.06448168395668,23.995541332614035,72.92342937838647,11.868406145905515,2019-01-01
577,577,14,RR,2019,2,20.433108543214345,24.391155756087528,69.04726580665225,11.917484389569587,2019-02-01
578,578,14,RR,2019,3,21.05500610310544,25.11795564056725,65.46584254439159,11.985615788758716,2019-03-01
579,579,14,RR,2019,4,21.45865793016221,25.54589479658339,68.68769667731391,12.05760832840854,2019-04-01
580,580,14,RR,2019,5,20.155281153032856,24.075149367957987,84.90628721175655,12.117132479521452,2019-05-01
581,581,14,RR,2019,6,19.722922469245063,23.63682499779595,84.345531700982,12.14634454110276,2019-06-01
582,582,14,RR,2019,7,19.34473843728342,23.33063422992665,83.06101589407972,12.132641008714677,2019-07-01
583,583,14,RR,2019,8,19.28758672898816,23.270542308848395,81.74350000196888,12.08138394115718,2019-08-01
584,584,14,RR,2019,9,19.812627896202933,23.827895283169216,77.80539798312718,12.011997555083177,2019-09-01
585,585,14,RR,2019,10,19.98992722829183,24.046591928953767,78.56666505875127,11.940183221104371,2019-10-01
586,586,14,RR,2019,11,20.323876690334743,24.3061216990153,78.86598215738931,11.881244043853163,2019-11-01
587,587,14,RR,2019,12,20.32826134466356,24.270163267402243,79.77706228276735,11.853525311449635,2019-12-01
588,588,14,RR,2020,1,19.91847846943845,23.915345239126555,73.57773114276189,11.868406145905515,2020-01-01
589,589,14,RR,2020,2,20.19945877338278,24.218759128965186,69.08092879372082,11.917484389569587,2020-02-01
590,590,14,RR,2020,3,20.915269507131267,24.95719596288537,69.4472775613108,11.985615788758716,2020-03-01
591,591,14,RR,2020,4,20.875420701768665,24.869534030490453,78.14926339043512,12.05760832840854,2020-04-01
592,592,14,RR,2020,5,20.247624169626544,24.144282683505807,86.06790879772555,12.117132479521452,2020-05-01
593,593,14,RR,2020,6,19.487474210527207,23.426005859375,85.45694156222872,12.14634454110276,2020-06-01
594,594,14,RR,2020,7,19.526245430977117,23.54001874616069,82.44751805131153,12.132641008714677,2020-07-01
595,595,14,RR,2020,8,19.819280884855537,23.83860398159232,80.25114906885291,12.08138394115718,2020-08-01
596,596,14,RR,2020,9,20.286980465783014,24.370457437303333,75.07272248162164,12.011997555083177,2020-09-01
597,597,14,RR,2020,10,20.534797520791333,24.71274857879967,76.6748030631773,11.940183221104371,2020-10-01
598,598,14,RR,2020,11,20.43616036944919,24.452225346035423,80.10239835951064,11.881244043853163,2020-11-01
599,599,14,RR,2020,12,20.22327511284941,24.279020834481845,80.25699887839696,11.853525311449635,2020-12-01
600,600,14,RR,2021,1,19.693381838644704,23.668067891110656,81.45567453035746,11.868406145905515,2021-01-01
601,601,14,RR,2021,2,19.976999219258627,24.024445361182803,77.34396921793619,11.917484389569587,2021-02-01
602,602,14,RR,2021,3,19.90285829933741,23.90516459557318,79.97346481815461,11.985615788758716,2021-03-01
603,603,14,RR,2021,4,19.92018329408433,23.873241721259223,83.02598556518554,12.05760832840854,2021-04-01
604,604,14,RR,2021,5,19.903097212186424,23.833458525134677,85.27783295005881,12.117132479521452,2021-05-01
605,605,14,RR,2021,6,19.94936978446113,23.859341545104986,81.53484386867947,12.14634454110276,2021-06-01
606,606,14,RR,2021,7,19.58477538734354,23.46614431565808,81.35310959354524,12.132641008714677,2021-07-01
607,607,14,RR,2021,8,20.041143214318065,23.91398541850429,78.54424773185484,12.08138394115718,2021-08-01
608,608,14,RR,2021,9,20.28033420774672,24.31162852393256,77.44849160088434,12.011997555083177,2021-09-01
609,609,14,RR,2021,10,20.572910876940657,24.603260044385028,78.70792923793998,11.940183221104371,2021-10-01
610,610,14,RR,2021,11,20.72174035602146,24.735545569525826,79.73454494900173,11.881244043853163,2021-11-01
611,611,14,RR,2021,12,20.582687285638624,24.539492781444263,83.30528493901735,11.853525311449635,2021-12-01
612,612,14,RR,2022,1,19.800187410334104,23.82077857396936,76.99214915613975,11.868406145905515,2022-01-01
613,613,14,RR,2022,2,20.305683590116956,24.341797170184908,79.45937614440918,11.917484389569587,2022-02-01
614,614,14,RR,2022,3,20.07670216304,24.021121732650265,81.831542148385,11.985615788758716,2022-03-01
615,615,14,RR,2022,4,19.86951979107327,23.814222946166996,82.18489968193902,12.05760832840854,2022-04-01
616,616,14,RR,2022,5,19.44757466675133,23.369592957855552,85.77191496818297,12.117132479521452,2022-05-01
617,617,14,RR,2022,6,19.155142534044053,23.077894066704644,85.22336169772679,12.14634454110276,2022-06-01
618,618,14,RR,2022,7,19.49647513358824,23.429464344311786,83.91062797628423,12.132641008714677,2022-07-01
619,619,14,RR,2022,8,19.54633123951573,23.53593918585008,80.19149010771065,12.08138394115718,2022-08-01
620,620,14,RR,2022,9,19.71164279301961,23.68638707054986,78.45682193332249,12.011997555083177,2022-09-01
621,621,14,RR,2022,10,19.97877259613365,23.97562091376192,80.00881150768649,11.940183221104371,2022-10-01
622,622,14,RR,2022,11,19.7855491426256,23.75736903296577,81.2091530863444,11.881244043853163,2022-11-01
623,623,14,RR,2022,12,19.5379514058431,23.474413820492323,78.78099683535996,11.853525311449635,2022-12-01
624,624,15,PA,2010,1,22.536737362418247,23.898149011475542,82.29814546715453,12.153768394769951,2010-01-01
625,625,15,PA,2010,2,22.92756056237769,24.297389228622635,83.19370421448669,12.09641325046071,2010-02-01
626,626,15,PA,2010,3,23.11004144473671,24.475878928709644,81.84340831223929,12.016806126698006,2010-03-01
627,627,15,PA,2010,4,22.87136811298646,24.07390838258472,85.63680360345019,11.932690588744007,2010-04-01
628,628,15,PA,2010,5,22.931706781987543,24.28455398347882,82.3928821932885,11.863133088433676,2010-05-01
629,629,15,PA,2010,6,21.8505175832824,23.48506759652447,78.31223108518374,11.828990650545553,2010-06-01
630,630,15,PA,2010,7,21.53651535357736,23.339034226579106,75.23820336322711,11.845007691215171,2010-07-01
631,631,15,PA,2010,8,21.369341681618305,23.46322754266809,71.77905469980891,11.90490905378666,2010-08-01
632,632,15,PA,2010,9,22.3100751083214,24.17566974524296,70.26469133194787,11.985982392987331,2010-09-01
633,633,15,PA,2010,10,22.674497379773687,24.346816403909376,73.22032049614931,12.069889919207183,2010-10-01
634,634,15,PA,2010,11,22.776650049080654,24.41416598900215,76.22410408055588,12.138764232170043,2010-11-01
635,635,15,PA,2010,12,22.47537318917448,23.93259574542485,80.74998623679944,12.17116147421198,2010-12-01
636,636,15,PA,2011,1,21.66605400689536,22.975219165931943,85.32283197459319,12.153768394769951,2011-01-01
637,637,15,PA,2011,2,21.7915293558256,23.03103326822256,86.48094554904934,12.09641325046071,2011-02-01
638,638,15,PA,2011,3,22.003169468286583,23.247057372389435,85.83137152336425,12.016806126698006,2011-03-01
639,639,15,PA,2011,4,22.08554594088823,23.324824519479748,86.07489088187407,11.932690588744007,2011-04-01
640,640,15,PA,2011,5,22.456220285633798,23.829772130861635,83.81370958172923,11.863133088433676,2011-05-01
641,641,15,PA,2011,6,21.727682076745378,23.43540594505541,78.440513762005,11.828990650545553,2011-06-01
642,642,15,PA,2011,7,21.167703911006623,23.02526429423946,75.9696687207436,11.845007691215171,2011-07-01
643,643,15,PA,2011,8,21.561562998526632,23.5410459769275,73.18287185576008,11.90490905378666,2011-08-01
644,644,15,PA,2011,9,22.0945612033764,23.9744137628373,70.5973735933815,11.985982392987331,2011-09-01
645,645,15,PA,2011,10,22.21502369089641,23.874365908336404,74.87918895064857,12.069889919207183,2011-10-01
646,646,15,PA,2011,11,22.26100703953029,23.85664558499565,77.58719857844996,12.138764232170043,2011-11-01
647,647,15,PA,2011,12,22.26371945115048,23.90468368470037,77.14862233511944,12.17116147421198,2011-12-01
648,648,15,PA,2012,1,21.856839235281264,23.24743519823249,82.4899510220752,12.153768394769951,2012-01-01
649,649,15,PA,2012,2,21.490108479871672,22.935507469646375,84.20129289298221,12.09641325046071,2012-02-01
650,650,15,PA,2012,3,21.83395826717061,23.197120209566336,84.9886098991203,12.016806126698006,2012-03-01
651,651,15,PA,2012,4,22.237897192681583,23.69751001060148,83.50519830308038,11.932690588744007,2012-04-01
652,652,15,PA,2012,5,21.82371481971388,23.474729714371023,80.24377526770105,11.863133088433676,2012-05-01
653,653,15,PA,2012,6,21.37060698573684,23.083555566569867,79.35074645089102,11.828990650545553,2012-06-01
654,654,15,PA,2012,7,21.181197290358146,23.06586017432236,76.28659644579741,11.845007691215171,2012-07-01
655,655,15,PA,2012,8,21.115407307799288,23.16201997873559,70.59232082749875,11.90490905378666,2012-08-01
656,656,15,PA,2012,9,21.986842112552317,23.723241159576915,70.70497447549602,11.985982392987331,2012-09-01
657,657,15,PA,2012,10,22.45408832120648,24.04046977477931,72.58460245921977,12.069889919207183,2012-10-01
658,658,15,PA,2012,11,22.64044900373979,24.21929597832384,73.37448344641909,12.138764232170043,2012-11-01
659,659,15,PA,2012,12,22.326594893775837,23.79984375738329,78.80906526138303,12.17116147421198,2012-12-01
660,660,15,PA,2013,1,22.504848791706948,23.782904910784893,82.80965840261042,12.153768394769951,2013-01-01
661,661,15,PA,2013,2,22.11456393911725,23.41427097292173,83.33610939411889,12.09641325046071,2013-02-01
662,662,15,PA,2013,3,22.5464950817033,23.83983068269641,84.05926852756076,12.016806126698006,2013-03-01
663,663,15,PA,2013,4,22.444345548417832,23.682028232680427,84.32407222500554,11.932690588744007,2013-04-01
664,664,15,PA,2013,5,22.15222218515198,23.498896266397185,82.6250227788016,11.863133088433676,2013-05-01
665,665,15,PA,2013,6,21.806378427258245,23.433707592222422,78.8300163383837,11.828990650545553,2013-06-01
666,666,15,PA,2013,7,21.06721558921226,22.758778914328545,77.64084814355365,11.845007691215171,2013-07-01
667,667,15,PA,2013,8,21.601094275819783,23.453557397729607,75.09333594041914,11.90490905378666,2013-08-01
668,668,15,PA,2013,9,22.27796372219368,23.89591492988445,74.58416367371878,11.985982392987331,2013-09-01
669,669,15,PA,2013,10,22.37994440909355,24.00788975573782,73.7842732441468,12.069889919207183,2013-10-01
670,670,15,PA,2013,11,22.32929019221553,23.875505396171853,78.0276868308032,12.138764232170043,2013-11-01
671,671,15,PA,2013,12,22.40337091577523,23.88538965956712,77.85281070586173,12.17116147421198,2013-12-01
672,672,15,PA,2014,1,21.88893713788747,23.176560638198715,81.61436062474405,12.153768394769951,2014-01-01
673,673,15,PA,2014,2,22.03979357651302,23.19292277286923,86.1068494868657,12.09641325046071,2014-02-01
674,674,15,PA,2014,3,22.232268187734817,23.41565348469656,85.87269253200955,12.016806126698006,2014-03-01
675,675,15,PA,2014,4,22.26080214491597,23.45084938649778,85.45585958516156,11.932690588744007,2014-04-01
676,676,15,PA,2014,5,22.310457336005346,23.53014820237313,83.9972961384763,11.863133088433676,2014-05-01
677,677,15,PA,2014,6,21.91384795330189,23.467650972030786,79.3172937296055,11.828990650545553,2014-06-01
678,678,15,PA,2014,7,21.43558877856073,23.12517278168791,76.68635748193256,11.845007691215171,2014-07-01
679,679,15,PA,2014,8,21.48955511555449,23.29451057560555,73.24443042064654,11.90490905378666,2014-08-01
680,680,15,PA,2014,9,21.97663130230374,23.63813922493546,73.65656579335531,11.985982392987331,2014-09-01
681,681,15,PA,2014,10,22.2639335966452,23.86952823293679,74.68210043189346,12.069889919207183,2014-10-01
682,682,15,PA,2014,11,22.42738571166992,23.97568582031462,74.37426959320351,12.138764232170043,2014-11-01
683,683,15,PA,2014,12,22.26267785496182,23.854015212759748,76.0136122789007,12.17116147421198,2014-12-01
684,684,15,PA,2015,1,21.819212743031084,23.27899946363169,80.41432604567552,12.153768394769951,2015-01-01
685,685,15,PA,2015,2,21.884865544618123,23.20575748502262,83.71009872451661,12.09641325046071,2015-02-01
686,686,15,PA,2015,3,21.97132233052271,23.201196952105423,86.15183288136691,12.016806126698006,2015-03-01
687,687,15,PA,2015,4,22.26990514198939,23.481390529650227,85.15528008849532,11.932690588744007,2015-04-01
688,688,15,PA,2015,5,22.44239084865885,23.71886582015663,82.48471516263955,11.863133088433676,2015-05-01
689,689,15,PA,2015,6,21.801330440132705,23.316741457691897,78.41096817652384,11.828990650545553,2015-06-01
690,690,15,PA,2015,7,21.645016554435948,23.24783557461154,76.89725994209235,11.845007691215171,2015-07-01
691,691,15,PA,2015,8,21.574329298456934,23.3874681489442,71.96168112242094,11.90490905378666,2015-08-01
692,692,15,PA,2015,9,22.399586200272594,23.95336152094382,69.89422034599164,11.985982392987331,2015-09-01
693,693,15,PA,2015,10,22.82482607219381,24.30713195399144,69.12239864051983,12.069889919207183,2015-10-01
694,694,15,PA,2015,11,22.90063850923821,24.44612974767332,70.67854387671859,12.138764232170043,2015-11-01
695,695,15,PA,2015,12,22.986495395287815,24.50663057065779,73.38893729726047,12.17116147421198,2015-12-01
696,696,15,PA,2016,1,23.07481859832681,24.458380144984066,80.25440191026229,12.153768394769951,2016-01-01
697,697,15,PA,2016,2,22.692059938935028,24.044036364189967,81.57566899449432,12.09641325046071,2016-02-01
698,698,15,PA,2016,3,22.89035824763732,24.15741896714788,84.94694511010228,12.016806126698006,2016-03-01
699,699,15,PA,2016,4,22.89719473189778,24.285199445706827,83.37743182888738,11.932690588744007,2016-04-01
700,700,15,PA,2016,5,22.696696173332924,24.188445036129284,80.57156588270672,11.863133088433676,2016-05-01
701,701,15,PA,2016,6,21.81997160514196,23.39216852541323,77.35236577987672,11.828990650545553,2016-06-01
702,702,15,PA,2016,7,21.368515603858512,23.290293504260347,73.30147517881086,11.845007691215171,2016-07-01
703,703,15,PA,2016,8,21.889436747438165,23.736294982253863,70.38833972801018,11.90490905378666,2016-08-01
704,704,15,PA,2016,9,22.46452760630184,24.049312820257963,72.6382338417901,11.985982392987331,2016-09-01
705,705,15,PA,2016,10,22.690101598326024,24.306063783638795,73.21165162089905,12.069889919207183,2016-10-01
706,706,15,PA,2016,11,22.980670495827997,24.58486633212478,74.08436409808971,12.138764232170043,2016-11-01
707,707,15,PA,2016,12,22.57242542697537,23.980167687152875,79.83947097699702,12.17116147421198,2016-12-01
708,708,15,PA,2017,1,21.96423196878057,23.22306910723341,84.78241373048462,12.153768394769951,2017-01-01
709,709,15,PA,2017,2,22.144404255681568,23.318277524577248,85.79340255071246,12.09641325046071,2017-02-01
710,710,15,PA,2017,3,22.147987875887143,23.32671770186407,86.18941968487155,12.016806126698006,2017-03-01
711,711,15,PA,2017,4,22.446826014695343,23.66410708957248,84.96631428753888,11.932690588744007,2017-04-01
712,712,15,PA,2017,5,22.61440475824486,23.956017592901823,81.58208563165425,11.863133088433676,2017-05-01
713,713,15,PA,2017,6,21.7279209834558,23.43565005373072,77.60584247642093,11.828990650545553,2017-06-01
714,714,15,PA,2017,7,20.84750638490937,22.78757679740161,71.23995169687441,11.845007691215171,2017-07-01
715,715,15,PA,2017,8,21.959239635416257,23.79948033269588,71.29642286950114,11.90490905378666,2017-08-01
716,716,15,PA,2017,9,22.401530613060352,24.11196958621343,68.66114052313345,11.985982392987331,2017-09-01
717,717,15,PA,2017,10,22.779615455203587,24.3691610952432,72.3541188342597,12.069889919207183,2017-10-01
718,718,15,PA,2017,11,22.63566663839199,24.25193651782142,73.69274204042223,12.138764232170043,2017-11-01
719,719,15,PA,2017,12,22.630342752702774,24.06184845842341,78.97732323130398,12.17116147421198,2017-12-01
720,720,15,PA,2018,1,22.026387476579263,23.29417558895644,82.5255601944462,12.153768394769951,2018-01-01
721,721,15,PA,2018,2,22.214779098355574,23.33681331078212,86.28012864930288,12.09641325046071,2018-02-01
722,722,15,PA,2018,3,22.43575991268226,23.663919353997837,84.64045367360542,12.016806126698006,2018-03-01
723,723,15,PA,2018,4,22.113366089043797,23.26123733211447,85.64221899597733,11.932690588744007,2018-04-01
724,724,15,PA,2018,5,22.13539404851989,23.44736866498079,82.81700225201132,11.863133088433676,2018-05-01
725,725,15,PA,2018,6,21.45357118050257,23.195811288224327,76.5561868455675,11.828990650545553,2018-06-01
726,726,15,PA,2018,7,21.1568309017407,22.983009555861088,74.46173316603493,11.845007691215171,2018-07-01
727,727,15,PA,2018,8,21.48913398523912,23.199087433917548,74.69672459171665,11.90490905378666,2018-08-01
728,728,15,PA,2018,9,22.2274838341607,23.92735804319382,74.00780200869949,11.985982392987331,2018-09-01
729,729,15,PA,2018,10,22.58292312562252,24.232315644995715,73.25623627119167,12.069889919207183,2018-10-01
730,730,15,PA,2018,11,22.88234550378941,24.449247158898245,75.96513429747688,12.138764232170043,2018-11-01
731,731,15,PA,2018,12,22.09242886454401,23.32065340438624,83.90758340247643,12.17116147421198,2018-12-01
732,732,15,PA,2019,1,21.99757427468522,23.27614340303619,83.95538887071781,12.153768394769951,2019-01-01
733,733,15,PA,2019,2,22.252855178855715,23.451766362265936,85.62196916625614,12.09641325046071,2019-02-01
734,734,15,PA,2019,3,22.382398457510067,23.52219643729562,85.84922508355965,12.016806126698006,2019-03-01
735,735,15,PA,2019,4,22.69110750004097,23.84758719779827,85.84771887991162,11.932690588744007,2019-04-01
736,736,15,PA,2019,5,22.56455212254678,23.850990718410863,83.49189340940086,11.863133088433676,2019-05-01
737,737,15,PA,2019,6,21.85966120362282,23.48734246183325,78.66084003095274,11.828990650545553,2019-06-01
738,738,15,PA,2019,7,21.40055236530133,23.195789213248908,76.07876943089201,11.845007691215171,2019-07-01
739,739,15,PA,2019,8,21.455198292877512,23.366643092965568,72.71470153289029,11.90490905378666,2019-08-01
740,740,15,PA,2019,9,22.33085087581917,23.966630268979955,72.83231275964665,11.985982392987331,2019-09-01
741,741,15,PA,2019,10,22.36026213716008,23.87518675182028,76.07547344016345,12.069889919207183,2019-10-01
742,742,15,PA,2019,11,22.53474250678663,24.007746051858973,77.56957652833727,12.138764232170043,2019-11-01
743,743,15,PA,2019,12,22.68421720262069,24.13065785490057,80.4786507801343,12.17116147421198,2019-12-01
744,744,15,PA,2020,1,22.37865034910086,23.577502761263148,85.2890961999107,12.153768394769951,2020-01-01
745,745,15,PA,2020,2,22.41655964138864,23.56688121041119,86.49487502547517,12.09641325046071,2020-02-01
746,746,15,PA,2020,3,22.476093013226773,23.67395383781857,86.03436347147897,12.016806126698006,2020-03-01
747,747,15,PA,2020,4,22.535173724315783,23.70136170608026,86.28186269866096,11.932690588744007,2020-04-01
748,748,15,PA,2020,5,22.56602607961197,23.857365127959987,83.56074769351645,11.863133088433676,2020-05-01
749,749,15,PA,2020,6,21.823555828686118,23.318209164672428,79.64769201543596,11.828990650545553,2020-06-01
750,750,15,PA,2020,7,21.17031291501069,22.86608183405305,74.43889047937154,11.845007691215171,2020-07-01
751,751,15,PA,2020,8,21.58465091707886,23.31024756482852,70.5703893203462,11.90490905378666,2020-08-01
752,752,15,PA,2020,9,22.02309176988072,23.582726078563265,71.00440691577063,11.985982392987331,2020-09-01
753,753,15,PA,2020,10,22.49560682918863,23.96991498965944,74.10500615044734,12.069889919207183,2020-10-01
754,754,15,PA,2020,11,22.532190809868,23.81929708366041,81.71099961598715,12.138764232170043,2020-11-01
755,755,15,PA,2020,12,22.448118268375328,23.82780156169741,81.53925004911251,12.17116147421198,2020-12-01
756,756,15,PA,2021,1,22.071889041999764,23.39524762049371,84.86838116867995,12.153768394769951,2021-01-01
757,757,15,PA,2021,2,22.197972728146446,23.4599385318302,86.80624378484393,12.09641325046071,2021-02-01
758,758,15,PA,2021,3,21.81718745111992,23.05626191204167,87.70816739229319,12.016806126698006,2021-03-01
759,759,15,PA,2021,4,22.28436863952213,23.563653708828824,86.30304225462454,11.932690588744007,2021-04-01
760,760,15,PA,2021,5,22.06936605344109,23.46347126396753,84.1554792482793,11.863133088433676,2021-05-01
761,761,15,PA,2021,6,21.683070654780774,23.23634550085774,81.18810346744678,11.828990650545553,2021-06-01
762,762,15,PA,2021,7,21.2383968180653,22.905425278516656,78.83017652436396,11.845007691215171,2021-07-01
763,763,15,PA,2021,8,21.48809073774618,22.947596058196066,75.04888078046956,11.90490905378666,2021-08-01
764,764,15,PA,2021,9,22.09071740000336,23.36311093348044,78.69696984202773,11.985982392987331,2021-09-01
765,765,15,PA,2021,10,22.438903091201645,23.700619221588187,79.46724624531242,12.069889919207183,2021-10-01
766,766,15,PA,2021,11,22.503046197361417,23.73966863552729,81.32986329573173,12.138764232170043,2021-11-01
767,767,15,PA,2021,12,22.87187818387076,24.117663962012124,83.6507713700708,12.17116147421198,2021-12-01
768,768,15,PA,2022,1,21.91706502352137,23.01835222141717,86.92644662412691,12.153768394769951,2022-01-01
769,769,15,PA,2022,2,22.190421524501986,23.34544749770846,85.75659861640324,12.09641325046071,2022-02-01
770,770,15,PA,2022,3,22.16849707318036,23.26219240140744,88.05686813443364,12.016806126698006,2022-03-01
771,771,15,PA,2022,4,22.197967361962355,23.349157745308347,87.58844113526521,11.932690588744007,2022-04-01
772,772,15,PA,2022,5,21.72198447766697,23.03401266374896,84.78475081279714,11.863133088433676,2022-05-01
773,773,15,PA,2022,6,21.33914682445703,22.75756804589872,80.70424744288127,11.828990650545553,2022-06-01
774,774,15,PA,2022,7,21.22837000893008,22.87398956326173,76.67232213909054,11.845007691215171,2022-07-01
775,775,15,PA,2022,8,21.29178889186579,22.923694811841493,73.59427842786235,11.90490905378666,2022-08-01
776,776,15,PA,2022,9,21.959481593635346,23.5858098520173,72.21284554092972,11.985982392987331,2022-09-01
777,777,15,PA,2022,10,22.5070960923335,23.968927241568068,74.93241449752588,12.069889919207183,2022-10-01
778,778,15,PA,2022,11,22.14487644456051,23.48857479007156,80.59009034015514,12.138764232170043,2022-11-01
779,779,15,PA,2022,12,22.05875350625712,23.31368172937824,83.251352790436,12.17116147421198,2022-12-01
780,780,16,AP,2010,1,22.15982936659167,23.70106334840098,85.9554766685732,11.953452077036806,2010-01-01
781,781,16,AP,2010,2,22.6356929072312,24.236503213644028,85.5135555607932,11.970811623297264,2010-02-01
782,782,16,AP,2010,3,22.713129951107888,24.33885096350024,84.63967563259986,11.994911784368206,2010-03-01
783,783,16,AP,2010,4,22.68411306937536,24.212775047620138,87.98956276575724,12.02037802470736,2010-04-01
784,784,16,AP,2010,5,22.785419456420406,24.350359412931628,86.98430001351142,12.04143287732207,2010-05-01
785,785,16,AP,2010,6,21.82115642229716,23.478886250654856,84.52877569198608,12.051765179601045,2010-06-01
786,786,16,AP,2010,7,21.759652926075844,23.450117480370302,84.26239927353397,12.046918299454337,2010-07-01
787,787,16,AP,2010,8,21.86884520899865,23.566786773743168,81.19589808679396,12.028788072623753,2010-08-01
788,788,16,AP,2010,9,22.107028392950696,23.88734603325526,76.79074549674988,12.00424397036101,2010-09-01
789,789,16,AP,2010,10,21.719959262878664,23.58942461782886,74.3097318064782,11.978840785636583,2010-10-01
790,790,16,AP,2010,11,21.71409241358439,23.47034105459849,78.42191262245179,11.95799288451612,2010-11-01
791,791,16,AP,2010,12,21.72423175457985,23.24772068377464,84.53742430287022,11.948188788263096,2010-12-01
792,792,16,AP,2011,1,21.426838744071222,22.90725722620564,87.80276573857954,11.953452077036806,2011-01-01
793,793,16,AP,2011,2,21.635677699531826,23.094233512878414,87.79814607756478,11.970811623297264,2011-02-01
794,794,16,AP,2011,3,21.733948473007448,23.206958836124787,88.02898769993936,11.994911784368206,2011-03-01
795,795,16,AP,2011,4,22.01103747288386,23.445738144715627,88.35341629981994,12.02037802470736,2011-04-01
796,796,16,AP,2011,5,22.3143663021826,23.7590190018377,87.96376240637994,12.04143287732207,2011-05-01
797,797,16,AP,2011,6,21.747881495952605,23.378729649384816,84.39645697275797,12.051765179601045,2011-06-01
798,798,16,AP,2011,7,21.21524211283653,22.799649915387555,82.9416865533398,12.046918299454337,2011-07-01
799,799,16,AP,2011,8,21.28801402738017,23.174673191962704,79.2394664210658,12.028788072623753,2011-08-01
800,800,16,AP,2011,9,21.659759255250297,23.537064774831137,76.43969848950704,12.00424397036101,2011-09-01
801,801,16,AP,2011,10,21.619174303547027,23.42034721374512,76.95386046748007,11.978840785636583,2011-10-01
802,802,16,AP,2011,11,21.445382010936736,23.299188168843585,77.71105553309123,11.95799288451612,2011-11-01
803,803,16,AP,2011,12,21.471735389001907,23.25437076245585,77.32181602908719,11.948188788263096,2011-12-01
804,804,16,AP,2012,1,21.547849566705764,23.070304820614474,86.43107397325576,11.953452077036806,2012-01-01
805,805,16,AP,2012,2,21.19282650125438,22.63854612153152,87.08977855485061,11.970811623297264,2012-02-01
806,806,16,AP,2012,3,21.576344966888428,22.988401970555707,87.72662307370094,11.994911784368206,2012-03-01
807,807,16,AP,2012,4,21.916221594810487,23.33027130365372,87.45365896224976,12.02037802470736,2012-04-01
808,808,16,AP,2012,5,21.539063169110207,23.15906443518977,84.05518296457106,12.04143287732207,2012-05-01
809,809,16,AP,2012,6,21.197927816708884,22.864665679136916,82.94800674120586,12.051765179601045,2012-06-01
810,810,16,AP,2012,7,21.51842381877284,23.25988376525141,83.16730300841793,12.046918299454337,2012-07-01
811,811,16,AP,2012,8,21.606356513115667,23.31907985671874,80.22662381202944,12.028788072623753,2012-08-01
812,812,16,AP,2012,9,21.31606494585673,23.07437871297201,75.91459226608276,12.00424397036101,2012-09-01
813,813,16,AP,2012,10,21.56935034259673,23.362839498827533,74.27928024722684,11.978840785636583,2012-10-01
814,814,16,AP,2012,11,21.3832870443662,23.226625307401022,73.08530241648356,11.95799288451612,2012-11-01
815,815,16,AP,2012,12,21.765303823255724,23.4582492151568,78.81671739393664,11.948188788263096,2012-12-01
816,816,16,AP,2013,1,22.07334383072392,23.527747769509592,85.49265536954326,11.953452077036806,2013-01-01
817,817,16,AP,2013,2,21.806161705936702,23.250831684895925,87.81900646005359,11.970811623297264,2013-02-01
818,818,16,AP,2013,3,22.14604682691636,23.632598477025187,86.3486021257216,11.994911784368206,2013-03-01
819,819,16,AP,2013,4,22.212383365631105,23.66805528402329,86.78265465100607,12.02037802470736,2013-04-01
820,820,16,AP,2013,5,22.049947996293344,23.58132737298165,87.00894837225637,12.04143287732207,2013-05-01
821,821,16,AP,2013,6,21.697108836968734,23.480880169073743,82.23328700065613,12.051765179601045,2013-06-01
822,822,16,AP,2013,7,21.117833845077023,22.8212885010627,82.95312712269444,12.046918299454337,2013-07-01
823,823,16,AP,2013,8,21.6618312674184,23.438436777360977,81.22708422137845,12.028788072623753,2013-08-01
824,824,16,AP,2013,9,21.7435732682546,23.646763491630555,77.2985246181488,12.00424397036101,2013-09-01
825,825,16,AP,2013,10,21.73177778720856,23.681078653181757,74.79801616361064,11.978840785636583,2013-10-01
826,826,16,AP,2013,11,21.64412879149119,23.602933824062347,76.19876265525818,11.95799288451612,2013-11-01
827,827,16,AP,2013,12,21.880973877445346,23.524371031791933,79.7028310375829,11.948188788263096,2013-12-01
828,828,16,AP,2014,1,21.44292987162067,22.935545867489232,84.17145673690304,11.953452077036806,2014-01-01
829,829,16,AP,2014,2,21.83324690376009,23.247741694961277,88.09744676521846,11.970811623297264,2014-02-01
830,830,16,AP,2014,3,22.062111077770112,23.458490387085945,87.03902602964831,11.994911784368206,2014-03-01
831,831,16,AP,2014,4,22.35868399143219,23.736203145980834,85.84120049476624,12.02037802470736,2014-04-01
832,832,16,AP,2014,5,22.330250643914745,23.69100206898105,86.56104604659542,12.04143287732207,2014-05-01
833,833,16,AP,2014,6,22.659474527835847,24.055152062575026,83.3760944366455,12.051765179601045,2014-06-01
834,834,16,AP,2014,7,21.96577098292689,23.635458377099805,80.74473130318427,12.046918299454337,2014-07-01
835,835,16,AP,2014,8,21.82157102707893,23.692035775030813,79.37972844031549,12.028788072623753,2014-08-01
836,836,16,AP,2014,9,21.33290608326594,23.193512745698293,75.14808276494344,12.00424397036101,2014-09-01
837,837,16,AP,2014,10,21.663933134848072,23.5219934755756,74.7600878438642,11.978840785636583,2014-10-01
838,838,16,AP,2014,11,21.566225186983743,23.415829928716025,74.38034100532532,11.95799288451612,2014-11-01
839,839,16,AP,2014,12,21.71089719956921,23.450393146084203,76.88282320576329,11.948188788263096,2014-12-01
840,840,16,AP,2015,1,21.70648673657448,23.203926659399464,81.76463434773106,11.953452077036806,2015-01-01
841,841,16,AP,2015,2,21.736960994345804,23.209517159632277,85.05176590170178,11.970811623297264,2015-02-01
842,842,16,AP,2015,3,21.839660632994867,23.27566481790235,87.21137809753418,11.994911784368206,2015-03-01
843,843,16,AP,2015,4,21.84469128449758,23.435092266400652,86.33525935808818,12.02037802470736,2015-04-01
844,844,16,AP,2015,5,22.08468001119552,23.78613616189649,83.75520956900812,12.04143287732207,2015-05-01
845,845,16,AP,2015,6,22.604749699433643,24.18315182129542,81.14596803983052,12.051765179601045,2015-06-01
846,846,16,AP,2015,7,22.532302887209,24.160229075339533,78.86584203473983,12.046918299454337,2015-07-01
847,847,16,AP,2015,8,22.13925894229643,23.9725451507876,77.85349592085808,12.028788072623753,2015-08-01
848,848,16,AP,2015,9,21.74748984972636,23.693975643316904,73.38554813067118,12.00424397036101,2015-09-01
849,849,16,AP,2015,10,21.861506004487318,23.75564222566543,71.95006910447151,11.978840785636583,2015-10-01
850,850,16,AP,2015,11,22.12999358177185,23.88631349404653,71.99314832687378,11.95799288451612,2015-11-01
851,851,16,AP,2015,12,22.482685731303302,24.075742025529184,76.86530999214419,11.948188788263096,2015-12-01
852,852,16,AP,2016,1,22.285629657007032,23.811289237391563,80.12506161966631,11.953452077036806,2016-01-01
853,853,16,AP,2016,2,22.39998080401585,23.8413174892294,85.77881783452527,11.970811623297264,2016-02-01
854,854,16,AP,2016,3,22.74169429655998,24.18114406447257,86.25609384044525,11.994911784368206,2016-03-01
855,855,16,AP,2016,4,22.651961827278136,24.23670154809952,86.88200956980387,12.02037802470736,2016-04-01
856,856,16,AP,2016,5,22.64332132954751,24.337817253605014,85.20740995099467,12.04143287732207,2016-05-01
857,857,16,AP,2016,6,22.32065798838933,23.819411826133727,81.7869836807251,12.051765179601045,2016-06-01
858,858,16,AP,2016,7,22.45784262687929,23.992908889247527,80.39218115037487,12.046918299454337,2016-07-01
859,859,16,AP,2016,8,22.59918270957085,24.1991647712646,75.44227089420441,12.028788072623753,2016-08-01
860,860,16,AP,2016,9,22.512319338321685,24.13661609490713,74.3900603612264,12.00424397036101,2016-09-01
861,861,16,AP,2016,10,22.36653322173703,24.26911122183646,73.11393640887353,11.978840785636583,2016-10-01
862,862,16,AP,2016,11,22.31243323485057,24.12383395433426,74.29373250007629,11.95799288451612,2016-11-01
863,863,16,AP,2016,12,22.545982037821123,24.002384389600447,80.33992958068848,11.948188788263096,2016-12-01
864,864,16,AP,2017,1,22.01204597180889,23.4372997437754,86.06427631070537,11.953452077036806,2017-01-01
865,865,16,AP,2017,2,22.04527421934264,23.45717493551118,86.97735897132328,11.970811623297264,2017-02-01
866,866,16,AP,2017,3,22.11134927118978,23.47954322445777,87.25884116080499,11.994911784368206,2017-03-01
867,867,16,AP,2017,4,22.53378907442093,23.926369035243987,85.33940420150756,12.02037802470736,2017-04-01
868,868,16,AP,2017,5,22.883172192881187,24.185623445818504,81.93675811829105,12.04143287732207,2017-05-01
869,869,16,AP,2017,6,22.87983340024948,24.19999294281006,80.67256965637208,12.051765179601045,2017-06-01
870,870,16,AP,2017,7,22.66964597471299,24.00221210910428,76.92857985342702,12.046918299454337,2017-07-01
871,871,16,AP,2017,8,22.89981462109473,24.429988080455413,75.3010645374175,12.028788072623753,2017-08-01
872,872,16,AP,2017,9,22.370184461275738,24.07430750131607,75.41845053037008,12.00424397036101,2017-09-01
873,873,16,AP,2017,10,22.161896797918505,23.869934028194795,73.88337541395619,11.978840785636583,2017-10-01
874,874,16,AP,2017,11,22.19675279458364,23.852951661745703,72.89566899935404,11.95799288451612,2017-11-01
875,875,16,AP,2017,12,22.219163256306803,23.773456188940237,80.5807623094128,11.948188788263096,2017-12-01
876,876,16,AP,2018,1,21.77164375397467,23.22108595217428,83.8893191276058,11.953452077036806,2018-01-01
877,877,16,AP,2018,2,21.83145387683596,23.23152866533825,86.70927284445081,11.970811623297264,2018-02-01
878,878,16,AP,2018,3,22.23301471433332,23.67680601919851,85.54433661122476,11.994911784368206,2018-03-01
879,879,16,AP,2018,4,22.15986610253652,23.474222075939178,85.59422251383464,12.02037802470736,2018-04-01
880,880,16,AP,2018,5,22.555974379662544,23.92868220421576,84.35994611247894,12.04143287732207,2018-05-01
881,881,16,AP,2018,6,22.51324503819148,24.0204728325208,80.25599629084269,12.051765179601045,2018-06-01
882,882,16,AP,2018,7,21.948577323267536,23.425894687252654,78.32522473796722,12.046918299454337,2018-07-01
883,883,16,AP,2018,8,21.950403463455935,23.54642311219246,74.27452770356209,12.028788072623753,2018-08-01
884,884,16,AP,2018,9,22.3924374739329,24.042476693789165,72.63987023035685,12.00424397036101,2018-09-01
885,885,16,AP,2018,10,22.355851719456336,24.031224354620903,70.48818940501059,11.978840785636583,2018-10-01
886,886,16,AP,2018,11,22.740012816588084,24.37210708061854,72.03601799805959,11.95799288451612,2018-11-01
887,887,16,AP,2018,12,21.87869977566504,23.330553885429136,83.19661564980784,11.948188788263096,2018-12-01
888,888,16,AP,2019,1,22.09636072574123,23.586840371931757,83.11065503089658,11.953452077036806,2019-01-01
889,889,16,AP,2019,2,22.23441267439297,23.65665148837226,84.43842009135655,11.970811623297264,2019-02-01
890,890,16,AP,2019,3,22.27687773396892,23.76494542629488,84.99713311656829,11.994911784368206,2019-03-01
891,891,16,AP,2019,4,22.44936980009079,23.878017564614613,87.01358734766643,12.02037802470736,2019-04-01
892,892,16,AP,2019,5,22.597356530927843,24.17370150166173,85.31796712260092,12.04143287732207,2019-05-01
893,893,16,AP,2019,6,22.269814161459607,23.94385103782018,82.58109372456869,12.051765179601045,2019-06-01
894,894,16,AP,2019,7,22.02493266520962,23.75957021790166,79.51596773824384,12.046918299454337,2019-07-01
895,895,16,AP,2019,8,22.519898568430254,24.22187151831965,76.50210485150737,12.028788072623753,2019-08-01
896,896,16,AP,2019,9,22.66481520732244,24.324360871315,72.6117570400238,12.00424397036101,2019-09-01
897,897,16,AP,2019,10,22.759749435609383,24.524019506669813,71.70244199998918,11.978840785636583,2019-10-01
898,898,16,AP,2019,11,22.747489853700003,24.47101759115855,73.32008102734883,11.95799288451612,2019-11-01
899,899,16,AP,2019,12,22.78945081464706,24.361282106368773,79.82766428301412,11.948188788263096,2019-12-01
900,900,16,AP,2020,1,22.23056836282053,23.74547759179146,84.3240083109948,11.953452077036806,2020-01-01
901,901,16,AP,2020,2,22.36281662973864,23.818407527331647,84.40076045332283,11.970811623297264,2020-02-01
902,902,16,AP,2020,3,22.579129084464043,24.015167732392587,84.02593603441792,11.994911784368206,2020-03-01
903,903,16,AP,2020,4,22.52916045188904,24.018407769997918,85.69963733355203,12.02037802470736,2020-04-01
904,904,16,AP,2020,5,22.97720363832289,24.42878209006402,84.26377067258281,12.04143287732207,2020-05-01
905,905,16,AP,2020,6,22.412411868572235,24.00793990691503,83.78488926887512,12.051765179601045,2020-06-01
906,906,16,AP,2020,7,22.147459560824977,23.832927876903163,80.49650999807542,12.046918299454337,2020-07-01
907,907,16,AP,2020,8,22.706066370010376,24.383437475850503,77.16679952990624,12.028788072623753,2020-08-01
908,908,16,AP,2020,9,22.78334401448568,24.34376560846965,74.2204358736674,12.00424397036101,2020-09-01
909,909,16,AP,2020,10,22.870251105677696,24.46396207424902,71.97242781423753,11.978840785636583,2020-10-01
910,910,16,AP,2020,11,22.68653415044149,24.227800341447196,81.43017811775208,11.95799288451612,2020-11-01
911,911,16,AP,2020,12,22.505392405294604,24.04359420653312,79.91136023306078,11.948188788263096,2020-12-01
912,912,16,AP,2021,1,22.224331694264567,23.677908658981323,84.87259989400064,11.953452077036806,2021-01-01
913,913,16,AP,2021,2,22.0409634581634,23.48067416037832,86.53237291744777,11.970811623297264,2021-02-01
914,914,16,AP,2021,3,21.695219505217768,23.17525892872964,86.93419351885396,11.994911784368206,2021-03-01
915,915,16,AP,2021,4,22.39325644572576,23.83529161214829,86.54238409996033,12.02037802470736,2021-04-01
916,916,16,AP,2021,5,22.725396437029683,24.02061183990971,85.97996707116404,12.04143287732207,2021-05-01
917,917,16,AP,2021,6,22.74894969065984,24.08826463619868,82.1426642258962,12.051765179601045,2021-06-01
918,918,16,AP,2021,7,22.749378058218188,24.16395040481321,82.59894878633561,12.046918299454337,2021-07-01
919,919,16,AP,2021,8,23.24813421310917,24.64172258300166,78.99625579772457,12.028788072623753,2021-08-01
920,920,16,AP,2021,9,23.061382901668548,24.42519405682881,77.58758974075317,12.00424397036101,2021-09-01
921,921,16,AP,2021,10,23.39143826115516,24.753292283704205,76.8433970943574,11.978840785636583,2021-10-01
922,922,16,AP,2021,11,23.041123700141902,24.303959314028425,79.35798796017964,11.95799288451612,2021-11-01
923,923,16,AP,2021,12,23.04608194289669,24.40817717198403,82.92575114773166,11.948188788263096,2021-12-01
924,924,16,AP,2022,1,21.9811730154099,23.321388479202025,88.08416129696754,11.953452077036806,2022-01-01
925,925,16,AP,2022,2,22.681928434542247,24.027413300105504,85.5776675428663,11.970811623297264,2022-02-01
926,926,16,AP,2022,3,22.426349459155915,23.74092943822184,87.55872232683244,11.994911784368206,2022-03-01
927,927,16,AP,2022,4,22.40938548644384,23.815068022410077,87.18978805541992,12.02037802470736,2022-04-01
928,928,16,AP,2022,5,22.271089050077624,23.72173717714125,87.05976297009376,12.04143287732207,2022-05-01
929,929,16,AP,2022,6,21.69839069048564,23.287794689337414,83.93513334592183,12.051765179601045,2022-06-01
930,930,16,AP,2022,7,21.81388729618441,23.40160292963828,84.61627404920516,12.046918299454337,2022-07-01
931,931,16,AP,2022,8,22.263818721617422,23.974130142119623,79.29047907552412,12.028788072623753,2022-08-01
932,932,16,AP,2022,9,22.56262902021408,24.24179311593373,74.36308910051982,12.00424397036101,2022-09-01
933,933,16,AP,2022,10,22.9570811217831,24.59865200904108,73.4839940071106,11.978840785636583,2022-10-01
934,934,16,AP,2022,11,22.48832159837087,23.98515273332596,77.82308015823364,11.95799288451612,2022-11-01
935,935,16,AP,2022,12,21.91811781544839,23.3563617198698,82.77921301318753,11.948188788263096,2022-12-01
936,936,17,TO,2010,1,21.10267833701749,22.528968282076782,79.64888156741256,12.479020093319182,2010-01-01
937,937,17,TO,2010,2,21.63274135545493,23.00670880722485,79.47339955630798,12.300248959434578,2010-02-01
938,938,17,TO,2010,3,21.827934096932385,23.21324918573875,80.76847377767362,12.052326906176262,2010-03-01
939,939,17,TO,2010,4,21.44399394966144,22.96487252580748,76.01039607279021,11.790408221501428,2010-04-01
940,940,17,TO,2010,5,21.242252962028765,22.83688042694467,71.15536579318876,11.573678181452625,2010-05-01
941,941,17,TO,2010,6,18.849516686547,20.68675144136095,62.698816792513256,11.467203906422498,2010-06-01
942,942,17,TO,2010,7,18.04421290368651,20.110056907014638,54.81584780541007,11.517162777795104,2010-07-01
943,943,17,TO,2010,8,17.35939653767984,19.561227719007498,46.29049239752879,11.703869433791324,2010-08-01
944,944,17,TO,2010,9,20.04170489642832,22.301194617959805,43.24416847091785,11.956355529912408,2010-09-01
945,945,17,TO,2010,10,21.709164192074,23.248810184945302,66.54965143785812,12.217629402476485,2010-10-01
946,946,17,TO,2010,11,21.533962240607902,22.974184106236734,76.21674858020077,12.43223631437492,2010-11-01
947,947,17,TO,2010,12,21.513265521212613,22.977938385788818,79.2942026137863,12.533270659936727,2010-12-01
948,948,17,TO,2011,1,20.91034927244224,22.358786480032283,82.15295847398994,12.479020093319182,2011-01-01
949,949,17,TO,2011,2,20.796075323992863,22.158794827475944,83.19904169786382,12.300248959434578,2011-02-01
950,950,17,TO,2011,3,21.25022501667737,22.607633942599417,83.17889002908214,12.052326906176262,2011-03-01
951,951,17,TO,2011,4,21.148113416996505,22.57036788629399,80.28905970895892,11.790408221501428,2011-04-01
952,952,17,TO,2011,5,20.47803521748346,22.093449535268064,72.9776294023926,11.573678181452625,2011-05-01
953,953,17,TO,2011,6,18.55824274570822,20.3873155209658,64.22679500717054,11.467203906422498,2011-06-01
954,954,17,TO,2011,7,17.473865075021756,19.487392912665715,56.79277461563858,11.517162777795104,2011-07-01
955,955,17,TO,2011,8,18.481788131968827,20.60138805041487,49.93674611613712,11.703869433791324,2011-08-01
956,956,17,TO,2011,9,19.50259199302545,21.720300501999525,43.68235381101247,11.956355529912408,2011-09-01
957,957,17,TO,2011,10,21.25316198786773,22.7049724692174,70.92976939780553,12.217629402476485,2011-10-01
958,958,17,TO,2011,11,21.044659337837345,22.420903006446164,80.43634891921668,12.43223631437492,2011-11-01
959,959,17,TO,2011,12,21.10493113397584,22.49199929882518,79.04025400373769,12.533270659936727,2011-12-01
960,960,17,TO,2012,1,20.591762067768684,21.940911357876985,83.47665977699349,12.479020093319182,2012-01-01
961,961,17,TO,2012,2,20.414550792842668,21.8073265271576,80.80365838533713,12.300248959434578,2012-02-01
962,962,17,TO,2012,3,20.97913507331853,22.38261144845661,80.8793934016251,12.052326906176262,2012-03-01
963,963,17,TO,2012,4,21.111631440773284,22.59716325892533,77.15971294009714,11.790408221501428,2012-04-01
964,964,17,TO,2012,5,20.253766294697595,21.815075695279525,72.65070575316618,11.573678181452625,2012-05-01
965,965,17,TO,2012,6,19.14525580371884,20.84960172067729,67.41501879794991,11.467203906422498,2012-06-01
966,966,17,TO,2012,7,17.39235369194741,19.3239596148438,56.85310068703716,11.517162777795104,2012-07-01
967,967,17,TO,2012,8,17.682457580398204,19.832083658044425,46.76305559113618,11.703869433791324,2012-08-01
968,968,17,TO,2012,9,20.31966720279172,22.266919640099687,48.20007358523581,11.956355529912408,2012-09-01
969,969,17,TO,2012,10,21.847475573534645,23.402801933297425,60.57857961382437,12.217629402476485,2012-10-01
970,970,17,TO,2012,11,21.790784946963083,23.14635420234369,78.43060203753501,12.43223631437492,2012-11-01
971,971,17,TO,2012,12,21.19744874374804,22.56919746151046,76.97370418691116,12.533270659936727,2012-12-01
972,972,17,TO,2013,1,21.33308292547382,22.647391147308102,81.99635234114797,12.479020093319182,2013-01-01
973,973,17,TO,2013,2,21.15982303810512,22.519304035378877,79.57150662178125,12.300248959434578,2013-02-01
974,974,17,TO,2013,3,21.57861070860896,22.92775800726645,81.46182559587254,12.052326906176262,2013-03-01
975,975,17,TO,2013,4,21.597102324167885,22.9658807475504,79.42465547977876,11.790408221501428,2013-04-01
976,976,17,TO,2013,5,20.711194324781125,22.2144841384268,73.77511351012829,11.573678181452625,2013-05-01
977,977,17,TO,2013,6,19.59378363199943,21.25702455232469,68.47730503036536,11.467203906422498,2013-06-01
978,978,17,TO,2013,7,18.657427445175088,20.59726122344666,59.23069583470541,11.517162777795104,2013-07-01
979,979,17,TO,2013,8,18.629118651794872,20.667585947918045,50.60348452401842,11.703869433791324,2013-08-01
980,980,17,TO,2013,9,21.270711175200464,23.10641520703725,53.98569213171943,11.956355529912408,2013-09-01
981,981,17,TO,2013,10,21.644350517097664,23.22294260283085,64.96704414422564,12.217629402476485,2013-10-01
982,982,17,TO,2013,11,21.169146467112807,22.55327340270118,76.6492230870455,12.43223631437492,2013-11-01
983,983,17,TO,2013,12,21.29446600561879,22.63580982954548,81.57322032447757,12.533270659936727,2013-12-01
984,984,17,TO,2014,1,20.63431546991844,22.016590465440306,79.50319694028595,12.479020093319182,2014-01-01
985,985,17,TO,2014,2,21.00054933404873,22.36791468205702,82.03347048999595,12.300248959434578,2014-02-01
986,986,17,TO,2014,3,21.23411829406852,22.59680223011257,82.7375538211379,12.052326906176262,2014-03-01
987,987,17,TO,2014,4,21.35117115231155,22.791929901818293,80.7335399755757,11.790408221501428,2014-04-01
988,988,17,TO,2014,5,20.78399796418398,22.38082665969944,73.69317526207581,11.573678181452625,2014-05-01
989,989,17,TO,2014,6,18.80614527581121,20.61341657135412,65.20192408024265,11.467203906422498,2014-06-01
990,990,17,TO,2014,7,18.299802886385685,20.23276725006812,57.75474443521984,11.517162777795104,2014-07-01
991,991,17,TO,2014,8,18.237755643101405,20.3608259839341,49.70900393539362,11.703869433791324,2014-08-01
992,992,17,TO,2014,9,20.810660659552195,22.65897958604552,56.37786290422618,11.956355529912408,2014-09-01
993,993,17,TO,2014,10,21.031042773144296,22.687517216156355,63.5422072358573,12.217629402476485,2014-10-01
994,994,17,TO,2014,11,21.440770570036893,22.890404437771803,75.9261638723689,12.43223631437492,2014-11-01
995,995,17,TO,2014,12,21.160483754464103,22.594113142978955,78.24645985735903,12.533270659936727,2014-12-01
996,996,17,TO,2015,1,20.707983706384223,22.167619494944777,77.24807582473667,12.479020093319182,2015-01-01
997,997,17,TO,2015,2,20.783997449453416,22.18464335679763,80.35708626593251,12.300248959434578,2015-02-01
998,998,17,TO,2015,3,21.186765777674648,22.51242524361937,81.90060280237488,12.052326906176262,2015-03-01
999,999,17,TO,2015,4,21.46390814015048,22.82201018802268,81.51229423138736,11.790408221501428,2015-04-01
1000,1000,17,TO,2015,5,20.883236296798277,22.405865280388625,75.25297674753186,11.573678181452625,2015-05-01
1001,1001,17,TO,2015,6,18.945833381817494,20.7428975848557,64.51082743637853,11.467203906422498,2015-06-01
1002,1002,17,TO,2015,7,18.65620583441064,20.499930607744147,58.976020332278,11.517162777795104,2015-07-01
1003,1003,17,TO,2015,8,18.20284908225625,20.290457622610408,49.51907944120424,11.703869433791324,2015-08-01
1004,1004,17,TO,2015,9,20.89919451752441,22.84484040056773,50.51189243581941,11.956355529912408,2015-09-01
1005,1005,17,TO,2015,10,22.09316197313657,23.766502693762327,55.3247221802636,12.217629402476485,2015-10-01
1006,1006,17,TO,2015,11,22.01795974269473,23.454874225314573,69.09352469272751,12.43223631437492,2015-11-01
1007,1007,17,TO,2015,12,21.665254357852085,23.16220816627515,70.17313061791856,12.533270659936727,2015-12-01
1008,1008,17,TO,2016,1,21.760306391314305,23.092264161693105,83.54880893200006,12.479020093319182,2016-01-01
1009,1009,17,TO,2016,2,21.766940967642142,23.3297851139486,70.25115662737775,12.300248959434578,2016-02-01
1010,1010,17,TO,2016,3,22.218948088048588,23.6297559859886,79.10909603399531,12.052326906176262,2016-03-01
1011,1011,17,TO,2016,4,21.78369059551248,23.306405252689935,73.96588184347542,11.790408221501428,2016-04-01
1012,1012,17,TO,2016,5,20.57352151669325,22.217212876191297,68.13665673748804,11.573678181452625,2016-05-01
1013,1013,17,TO,2016,6,19.2983826049512,21.17249690268537,64.10078994055732,11.467203906422498,2016-06-01
1014,1014,17,TO,2016,7,17.31576434153364,19.45873710466776,51.73490619283178,11.517162777795104,2016-07-01
1015,1015,17,TO,2016,8,18.94446940786132,21.08553046255052,48.17348324414278,11.703869433791324,2016-08-01
1016,1016,17,TO,2016,9,21.13689198230954,22.976018171058858,55.45779115278943,11.956355529912408,2016-09-01
1017,1017,17,TO,2016,10,21.515431082090995,23.083653543188557,65.11985913903234,12.217629402476485,2016-10-01
1018,1018,17,TO,2016,11,21.6183116057508,23.100615918093165,71.79781901499064,12.43223631437492,2016-11-01
1019,1019,17,TO,2016,12,21.26753947031584,22.6769433073556,76.69413205082829,12.533270659936727,2016-12-01
1020,1020,17,TO,2017,1,20.843223262148573,22.233767810679,80.21827814611655,12.479020093319182,2017-01-01
1021,1021,17,TO,2017,2,21.01698323707541,22.34039972301377,83.41081101945836,12.300248959434578,2017-02-01
1022,1022,17,TO,2017,3,21.22295340663957,22.595517171566268,81.29927661264543,12.052326906176262,2017-03-01
1023,1023,17,TO,2017,4,21.48642273932624,22.88602734389637,79.73519600884234,11.790408221501428,2017-04-01
1024,1024,17,TO,2017,5,20.68649877785917,22.29173385529818,71.9053937213054,11.573678181452625,2017-05-01
1025,1025,17,TO,2017,6,18.055093385161253,19.886102663584463,63.707520757075976,11.467203906422498,2017-06-01
1026,1026,17,TO,2017,7,16.14522303503554,18.31317296938875,54.46133129025148,11.517162777795104,2017-07-01
1027,1027,17,TO,2017,8,17.934759595494285,20.128198295658773,49.09750172864481,11.703869433791324,2017-08-01
1028,1028,17,TO,2017,9,19.6996885837125,22.12415157153452,41.44309707614158,11.956355529912408,2017-09-01
1029,1029,17,TO,2017,10,21.95561012322069,23.772158499022986,53.34726300995376,12.217629402476485,2017-10-01
1030,1030,17,TO,2017,11,21.655994398816883,23.036598794694715,74.52284069381457,12.43223631437492,2017-11-01
1031,1031,17,TO,2017,12,21.19849978181596,22.54520194938272,80.62708577093876,12.533270659936727,2017-12-01
1032,1032,17,TO,2018,1,20.655736907061303,22.06403418111812,80.40955463089836,12.479020093319182,2018-01-01
1033,1033,17,TO,2018,2,20.9446280073654,22.31782480281034,83.96420288870047,12.300248959434578,2018-02-01
1034,1034,17,TO,2018,3,21.29875348233435,22.69430932181981,82.62409211621535,12.052326906176262,2018-03-01
1035,1035,17,TO,2018,4,20.836527771115016,22.296881063722022,80.21392743318772,11.790408221501428,2018-04-01
1036,1036,17,TO,2018,5,19.829874468502627,21.53085959906588,70.52153850315509,11.573678181452625,2018-05-01
1037,1037,17,TO,2018,6,17.40643409916537,19.277675408196394,61.98920401337621,11.467203906422498,2018-06-01
1038,1038,17,TO,2018,7,16.508430010206215,18.557941184461075,54.70482296522047,11.517162777795104,2018-07-01
1039,1039,17,TO,2018,8,18.925649771310805,20.90774146252869,54.28432714958483,11.703869433791324,2018-08-01
1040,1040,17,TO,2018,9,20.716663669339187,22.65643243080706,55.30400942155212,11.956355529912408,2018-09-01
1041,1041,17,TO,2018,10,21.57869399985461,23.056921350510557,70.40213344943139,12.217629402476485,2018-10-01
1042,1042,17,TO,2018,11,21.60355732458101,23.003069715705703,78.70730347027309,12.43223631437492,2018-11-01
1043,1043,17,TO,2018,12,21.057120539633573,22.480037243467496,77.54272576378791,12.533270659936727,2018-12-01
1044,1044,17,TO,2019,1,20.985183529467616,22.38166749944928,79.3301746565827,12.479020093319182,2019-01-01
1045,1045,17,TO,2019,2,21.21641399191438,22.62191211478928,81.70140581238797,12.300248959434578,2019-02-01
1046,1046,17,TO,2019,3,21.483158120203804,22.83725720686878,83.1555392853371,12.052326906176262,2019-03-01
1047,1047,17,TO,2019,4,21.639910191826395,23.05286946193777,81.31630408929692,11.790408221501428,2019-04-01
1048,1048,17,TO,2019,5,21.014785297178676,22.578169012434884,75.32491327455298,11.573678181452625,2019-05-01
1049,1049,17,TO,2019,6,18.55343326527437,20.374305123162213,63.73419687101882,11.467203906422498,2019-06-01
1050,1050,17,TO,2019,7,17.47291915359727,19.475787791776444,58.47198050678897,11.517162777795104,2019-07-01
1051,1051,17,TO,2019,8,17.789640232094147,20.056098696526533,49.95903891304248,11.703869433791324,2019-08-01
1052,1052,17,TO,2019,9,20.334892784548607,22.398992934558606,50.086342686714886,11.956355529912408,2019-09-01
1053,1053,17,TO,2019,10,21.456082819675068,22.96354505229533,69.7062692622293,12.217629402476485,2019-10-01
1054,1054,17,TO,2019,11,21.498599130644216,22.94434769673885,75.77665750242824,12.43223631437492,2019-11-01
1055,1055,17,TO,2019,12,21.71741191592231,23.161319743289447,76.87137047800174,12.533270659936727,2019-12-01
1056,1056,17,TO,2020,1,21.64945499281176,23.022601789154457,82.42658357582614,12.479020093319182,2020-01-01
1057,1057,17,TO,2020,2,21.58600822047482,22.96201367852588,82.62386064900858,12.300248959434578,2020-02-01
1058,1058,17,TO,2020,3,21.73318747916391,23.06212500835356,83.85780987725177,12.052326906176262,2020-03-01
1059,1059,17,TO,2020,4,21.497871645234472,22.89959717345753,81.87800761892926,11.790408221501428,2020-04-01
1060,1060,17,TO,2020,5,20.99778616115759,22.56760901236208,76.14403184424644,11.573678181452625,2020-05-01
1061,1061,17,TO,2020,6,18.630706711638744,20.48929623162432,67.56342386296042,11.467203906422498,2020-06-01
1062,1062,17,TO,2020,7,16.802357311563053,18.90734376396096,58.34420728030574,11.517162777795104,2020-07-01
1063,1063,17,TO,2020,8,17.946325034325017,20.05123417779724,51.85671016837416,11.703869433791324,2020-08-01
1064,1064,17,TO,2020,9,19.80020615923033,22.0667205783103,47.85639767589615,11.956355529912408,2020-09-01
1065,1065,17,TO,2020,10,21.65504338730789,23.340544480407672,61.73166014130638,12.217629402476485,2020-10-01
1066,1066,17,TO,2020,11,21.75254267868664,23.305573263099728,73.2985765736166,12.43223631437492,2020-11-01
1067,1067,17,TO,2020,12,21.40384794603951,22.90908512169481,76.69023185795491,12.533270659936727,2020-12-01
1068,1068,17,TO,2021,1,21.195777005567216,22.679176302237256,78.70738278997833,12.479020093319182,2021-01-01
1069,1069,17,TO,2021,2,21.33249411112481,22.722206032410924,84.97354198310751,12.300248959434578,2021-02-01
1070,1070,17,TO,2021,3,21.03731134812609,22.45861577246244,81.1035985028171,12.052326906176262,2021-03-01
1071,1071,17,TO,2021,4,21.322564252903707,22.755480745713488,80.71477591608354,11.790408221501428,2021-04-01
1072,1072,17,TO,2021,5,19.56765894182709,21.2318694359688,72.17762446674622,11.573678181452625,2021-05-01
1073,1073,17,TO,2021,6,18.455477197450413,20.23532396975181,65.60187325511906,11.467203906422498,2021-06-01
1074,1074,17,TO,2021,7,17.23730293507641,19.138670514979424,57.32835822239308,11.517162777795104,2021-07-01
1075,1075,17,TO,2021,8,18.36551493186357,20.35863664980747,49.476611218172486,11.703869433791324,2021-08-01
1076,1076,17,TO,2021,9,21.04870855505232,22.79179674464164,59.22584951661474,11.956355529912408,2021-09-01
1077,1077,17,TO,2021,10,21.48715207880516,22.97939796518577,73.09605176832262,12.217629402476485,2021-10-01
1078,1078,17,TO,2021,11,21.17583098034207,22.58810989370735,82.89873373548475,12.43223631437492,2021-11-01
1079,1079,17,TO,2021,12,21.484994441900213,22.890507426054967,86.10851712602008,12.533270659936727,2021-12-01
1080,1080,17,TO,2022,1,20.78419031071038,22.25263899543994,82.72845125939791,12.479020093319182,2022-01-01
1081,1081,17,TO,2022,2,21.058532296814874,22.481671886600918,82.86778745719855,12.300248959434578,2022-02-01
1082,1082,17,TO,2022,3,21.025502005705675,22.4869146420082,83.73324757237589,12.052326906176262,2022-03-01
1083,1083,17,TO,2022,4,21.135232128628157,22.638557227338246,78.94129743415961,11.790408221501428,2022-04-01
1084,1084,17,TO,2022,5,19.05986506027643,20.76382187697029,70.17294553914738,11.573678181452625,2022-05-01
1085,1085,17,TO,2022,6,17.906053728108212,19.742434981000795,66.16093117601866,11.467203906422498,2022-06-01
1086,1086,17,TO,2022,7,17.129779200178756,19.19945455145244,57.057902958697966,11.517162777795104,2022-07-01
1087,1087,17,TO,2022,8,18.057781278132616,20.327168787347382,49.55606883295342,11.703869433791324,2022-08-01
1088,1088,17,TO,2022,9,19.699092252077243,21.766331773295963,53.19942378357446,11.956355529912408,2022-09-01
1089,1089,17,TO,2022,10,21.648284971644856,23.342372912435472,62.53404137528836,12.217629402476485,2022-10-01
1090,1090,17,TO,2022,11,21.03058130941231,22.481190614220047,80.4404827904644,12.43223631437492,2022-11-01
1091,1091,17,TO,2022,12,21.06190379132359,22.500026879495408,83.80226728306981,12.533270659936727,2022-12-01
1092,1092,21,MA,2010,1,22.610866590295448,23.58390719386963,78.4210960203318,12.217133179116647,2010-01-01
1093,1093,21,MA,2010,2,23.228487718882256,24.245302585805224,79.09547135765573,12.136144230921383,2010-02-01
1094,1094,21,MA,2010,3,23.215561156927148,24.172227837097704,78.85097575113255,12.023731885628347,2010-03-01
1095,1095,21,MA,2010,4,23.015893246757635,23.944517021940968,82.94641618040117,11.904952779407784,2010-04-01
1096,1096,21,MA,2010,5,22.987304304158936,23.99549614140905,79.83236677664004,11.806732548075468,2010-05-01
1097,1097,21,MA,2010,6,21.550297305550995,22.66076150797479,74.73625985363844,11.758521953529938,2010-06-01
1098,1098,21,MA,2010,7,20.934133307654168,22.192809381083784,69.3265398501003,11.78113860494715,2010-07-01
1099,1099,21,MA,2010,8,20.71724546683992,22.10107727073464,62.84724512577978,11.86572297696874,2010-08-01
1100,1100,21,MA,2010,9,22.123952095482935,23.33847980938749,58.396777273433,11.980205773134257,2010-09-01
1101,1101,21,MA,2010,10,23.16699577054812,24.17372676049226,65.29642288096862,12.098691115606714,2010-10-01
1102,1102,21,MA,2010,11,23.260755405045145,24.301800187575285,68.97013487867129,12.195946576170384,2010-11-01
1103,1103,21,MA,2010,12,22.926119939770903,23.93619178141388,74.71918108233977,12.241692851435184,2010-12-01
1104,1104,21,MA,2011,1,22.23979963163963,23.23865487399384,80.8003997541881,12.217133179116647,2011-01-01
1105,1105,21,MA,2011,2,22.052914746895365,22.996268590395974,83.95704770417807,12.136144230921383,2011-02-01
1106,1106,21,MA,2011,3,22.39288631165313,23.289468680197903,83.32131385037674,12.023731885628347,2011-03-01
1107,1107,21,MA,2011,4,22.37863263600433,23.247734179401544,83.96384296212145,11.904952779407784,2011-04-01
1108,1108,21,MA,2011,5,22.571703813999992,23.516316777798224,80.96615097762678,11.806732548075468,2011-05-01
1109,1109,21,MA,2011,6,21.38652119717107,22.502314663958806,75.02909093115554,11.758521953529938,2011-06-01
1110,1110,21,MA,2011,7,20.595651599650967,21.83584888087387,72.18807198796812,11.78113860494715,2011-07-01
1111,1111,21,MA,2011,8,21.05794255262465,22.326009803529264,67.61756645986331,11.86572297696874,2011-08-01
1112,1112,21,MA,2011,9,21.750454089755102,22.980000865367884,61.49226553077522,11.980205773134257,2011-09-01
1113,1113,21,MA,2011,10,22.79526317387186,23.811381548851337,68.88558298300647,12.098691115606714,2011-10-01
1114,1114,21,MA,2011,11,22.746687174795596,23.7481957223192,73.88779106960502,12.195946576170384,2011-11-01
1115,1115,21,MA,2011,12,22.885580175713656,23.957596028490837,71.35449167713467,12.241692851435184,2011-12-01
1116,1116,21,MA,2012,1,22.31457348246976,23.33398186485321,77.76885159366178,12.217133179116647,2012-01-01
1117,1117,21,MA,2012,2,21.888097536956,22.86030928470667,81.04557153437185,12.136144230921383,2012-02-01
1118,1118,21,MA,2012,3,22.145046782773584,23.07669398241311,82.7818530669481,12.023731885628347,2012-03-01
1119,1119,21,MA,2012,4,22.708493767429243,23.701841721190466,80.5405155340098,11.904952779407784,2012-04-01
1120,1120,21,MA,2012,5,22.3709498067056,23.423645949813825,76.61482704449537,11.806732548075468,2012-05-01
1121,1121,21,MA,2012,6,21.833957980634978,22.976788887047363,74.20046423166396,11.758521953529938,2012-06-01
1122,1122,21,MA,2012,7,21.22684042921955,22.528538397557494,67.26386358749642,11.78113860494715,2012-07-01
1123,1123,21,MA,2012,8,20.90927771719565,22.240909854706885,59.68184819965071,11.86572297696874,2012-08-01
1124,1124,21,MA,2012,9,22.281006241870184,23.43948230567616,58.07134381952008,11.980205773134257,2012-09-01
1125,1125,21,MA,2012,10,23.30120861120948,24.322527513862703,60.96982740841986,12.098691115606714,2012-10-01
1126,1126,21,MA,2012,11,23.590040296270367,24.539106859479634,67.51021535436861,12.195946576170384,2012-11-01
1127,1127,21,MA,2012,12,23.233825269914306,24.25188971664499,72.74596744705774,12.241692851435184,2012-12-01
1128,1128,21,MA,2013,1,23.260531674562703,24.21085708201933,77.2506575030807,12.217133179116647,2013-01-01
1129,1129,21,MA,2013,2,22.863289455428884,23.825224443828688,78.21646927437395,12.136144230921383,2013-02-01
1130,1130,21,MA,2013,3,23.1683524279072,24.1148263705296,80.82310936038768,12.023731885628347,2013-03-01
1131,1131,21,MA,2013,4,22.990427031861287,23.87054016564482,81.64411397954468,11.904952779407784,2013-04-01
1132,1132,21,MA,2013,5,22.46734131174668,23.403265565611623,79.77180238817039,11.806732548075468,2013-05-01
1133,1133,21,MA,2013,6,21.896059537849485,22.929320456099035,76.16458047611921,11.758521953529938,2013-06-01
1134,1134,21,MA,2013,7,21.177496364996696,22.31117419706016,71.77102577319485,11.78113860494715,2013-07-01
1135,1135,21,MA,2013,8,21.72392312856952,22.98170871913247,64.95534766594014,11.86572297696874,2013-08-01
1136,1136,21,MA,2013,9,22.60571924288701,23.74896754954817,60.93915831335862,11.980205773134257,2013-09-01
1137,1137,21,MA,2013,10,22.958454947530456,24.04486181946164,63.92511293511344,12.098691115606714,2013-10-01
1138,1138,21,MA,2013,11,22.699833075937956,23.77873522850775,71.62177507192492,12.195946576170384,2013-11-01
1139,1139,21,MA,2013,12,23.018116257600767,23.999042754544,72.5941236775822,12.241692851435184,2013-12-01
1140,1140,21,MA,2014,1,22.0520749038939,23.020029303611825,78.57320376493006,12.217133179116647,2014-01-01
1141,1141,21,MA,2014,2,22.351572807404928,23.273553868357173,83.0773952313361,12.136144230921383,2014-02-01
1142,1142,21,MA,2014,3,22.588876762237028,23.511549427513916,83.11553902000132,12.023731885628347,2014-03-01
1143,1143,21,MA,2014,4,22.50246034774546,23.462526721046085,84.01408977362051,11.904952779407784,2014-04-01
1144,1144,21,MA,2014,5,22.31744430982041,23.297326643257485,82.35566347535305,11.806732548075468,2014-05-01
1145,1145,21,MA,2014,6,21.71200602849325,22.90569322442496,75.8948436912853,11.758521953529938,2014-06-01
1146,1146,21,MA,2014,7,21.224459924863744,22.554637594210263,70.66335844536388,11.78113860494715,2014-07-01
1147,1147,21,MA,2014,8,21.14952984610408,22.52881276315117,64.6890289989396,11.86572297696874,2014-08-01
1148,1148,21,MA,2014,9,22.46501511326217,23.63924267617972,64.76598409954487,11.980205773134257,2014-09-01
1149,1149,21,MA,2014,10,22.89258704703648,23.96027121976986,64.50208509923516,12.098691115606714,2014-10-01
1150,1150,21,MA,2014,11,22.860108406020014,23.84679742071852,68.31015196066298,12.195946576170384,2014-11-01
1151,1151,21,MA,2014,12,22.870227554285,23.90624616233629,69.75940509953222,12.241692851435184,2014-12-01
1152,1152,21,MA,2015,1,22.341099486869176,23.36884093366124,73.71746643801332,12.217133179116647,2015-01-01
1153,1153,21,MA,2015,2,22.33388754817669,23.30875281553036,80.06943932609231,12.136144230921383,2015-02-01
1154,1154,21,MA,2015,3,22.30129648279219,23.201875138853392,83.3770875019217,12.023731885628347,2015-03-01
1155,1155,21,MA,2015,4,22.338293088159983,23.28890857725832,82.64402217015326,11.904952779407784,2015-04-01
1156,1156,21,MA,2015,5,22.446803421433337,23.38489220977733,80.25112120740495,11.806732548075468,2015-05-01
1157,1157,21,MA,2015,6,21.578707725478026,22.64003517016105,74.73519577870171,11.758521953529938,2015-06-01
1158,1158,21,MA,2015,7,21.54842231963708,22.68272895155184,69.34041428569523,11.78113860494715,2015-07-01
1159,1159,21,MA,2015,8,21.271904927368983,22.51042164263407,62.08668769279561,11.86572297696874,2015-08-01
1160,1160,21,MA,2015,9,22.62951185633693,23.68633962417345,60.309354252969065,11.980205773134257,2015-09-01
1161,1161,21,MA,2015,10,23.30164179030013,24.29088990245653,59.14860166751277,12.098691115606714,2015-10-01
1162,1162,21,MA,2015,11,23.52596059556015,24.482278100466395,61.44171098044025,12.195946576170384,2015-11-01
1163,1163,21,MA,2015,12,23.892730369811712,24.91003265199396,61.7832596150695,12.241692851435184,2015-12-01
1164,1164,21,MA,2016,1,23.328913450914488,24.22214228177967,78.50126839959995,12.217133179116647,2016-01-01
1165,1165,21,MA,2016,2,23.03025427369269,23.951713644452337,76.40172858293535,12.136144230921383,2016-02-01
1166,1166,21,MA,2016,3,23.45618548676077,24.31627265592201,82.28194190000237,12.023731885628347,2016-03-01
1167,1167,21,MA,2016,4,23.44051008722566,24.31628104267032,79.83710497432773,11.904952779407784,2016-04-01
1168,1168,21,MA,2016,5,23.09669711846059,24.070112466280506,77.27951868941034,11.806732548075468,2016-05-01
1169,1169,21,MA,2016,6,21.940125644261936,23.023431648746616,71.6764092317924,11.758521953529938,2016-06-01
1170,1170,21,MA,2016,7,21.10094793948302,22.364730515132,64.85923071972272,11.78113860494715,2016-07-01
1171,1171,21,MA,2016,8,21.891752705064377,23.089883341590063,60.452931857913605,11.86572297696874,2016-08-01
1172,1172,21,MA,2016,9,23.11700468663979,24.13540144332909,61.32816007060389,11.980205773134257,2016-09-01
1173,1173,21,MA,2016,10,23.32548115734397,24.33079960946256,62.67872502868661,12.098691115606714,2016-10-01
1174,1174,21,MA,2016,11,23.80250423536872,24.80983556287446,63.23788370170535,12.195946576170384,2016-11-01
1175,1175,21,MA,2016,12,23.46929351638787,24.442538616826315,70.83845061257811,12.241692851435184,2016-12-01
1176,1176,21,MA,2017,1,22.609814775846008,23.56226158822577,79.66674008687716,12.217133179116647,2017-01-01
1177,1177,21,MA,2017,2,22.55644200835438,23.407866247866483,82.65931575466254,12.136144230921383,2017-02-01
1178,1178,21,MA,2017,3,22.44561187406165,23.284169066514057,83.93727557762286,12.023731885628347,2017-03-01
1179,1179,21,MA,2017,4,22.622284549941664,23.47879800020092,82.48333614249749,11.904952779407784,2017-04-01
1180,1180,21,MA,2017,5,22.64956445043254,23.544304908252283,79.61246112751468,11.806732548075468,2017-05-01
1181,1181,21,MA,2017,6,21.55001245504517,22.631353480548537,73.94974230225735,11.758521953529938,2017-06-01
1182,1182,21,MA,2017,7,20.316470431416707,21.517318206714524,65.4110980895116,11.78113860494715,2017-07-01
1183,1183,21,MA,2017,8,21.74439243627406,22.950060929056967,62.9798383212327,11.86572297696874,2017-08-01
1184,1184,21,MA,2017,9,22.493324500404743,23.65720202479677,56.68370474333404,11.980205773134257,2017-09-01
1185,1185,21,MA,2017,10,23.536087445559215,24.627227366971848,59.23706503355327,12.098691115606714,2017-10-01
1186,1186,21,MA,2017,11,23.25237297608922,24.198958707185387,65.75052128394812,12.195946576170384,2017-11-01
1187,1187,21,MA,2017,12,23.208239259772306,24.172027124875864,71.22471275063066,12.241692851435184,2017-12-01
1188,1188,21,MA,2018,1,22.16695533614643,23.103657001298583,78.03106112683601,12.217133179116647,2018-01-01
1189,1189,21,MA,2018,2,22.26581861848813,23.106306804646938,83.45542219361637,12.136144230921383,2018-02-01
1190,1190,21,MA,2018,3,22.75921132771172,23.623839743693445,81.7592367198043,12.023731885628347,2018-03-01
1191,1191,21,MA,2018,4,22.270300469347227,23.10473952051681,82.6809057373422,11.904952779407784,2018-04-01
1192,1192,21,MA,2018,5,22.010734852841445,22.932842285827665,78.69287301272362,11.806732548075468,2018-05-01
1193,1193,21,MA,2018,6,21.2175024847098,22.371402728612523,72.3894965920397,11.758521953529938,2018-06-01
1194,1194,21,MA,2018,7,21.08035666509849,22.324322868921044,68.41451881933801,11.78113860494715,2018-07-01
1195,1195,21,MA,2018,8,21.723928201600845,22.841989219498807,65.08072508676845,11.86572297696874,2018-08-01
1196,1196,21,MA,2018,9,22.73982478462606,23.74682665501139,62.4130490011517,11.980205773134257,2018-09-01
1197,1197,21,MA,2018,10,23.28339673463774,24.24255569399032,65.31988790270228,12.098691115606714,2018-10-01
1198,1198,21,MA,2018,11,23.394973844829973,24.37535962604341,70.05116430127309,12.195946576170384,2018-11-01
1199,1199,21,MA,2018,12,22.318567217592506,23.22334290429744,78.48199187293349,12.241692851435184,2018-12-01
1200,1200,21,MA,2019,1,22.27367548391797,23.25740170269713,80.0284169756925,12.217133179116647,2019-01-01
1201,1201,21,MA,2019,2,22.42012133953052,23.280895193914898,83.32237172330815,12.136144230921383,2019-02-01
1202,1202,21,MA,2019,3,22.502554778803223,23.3345484437995,84.84644963976284,12.023731885628347,2019-03-01
1203,1203,21,MA,2019,4,22.821288871765137,23.680803008599582,84.28438956147882,11.904952779407784,2019-04-01
1204,1204,21,MA,2019,5,22.643512835983927,23.571572769196795,80.48912072156892,11.806732548075468,2019-05-01
1205,1205,21,MA,2019,6,21.525280005811,22.614532207893337,74.52424034024897,11.758521953529938,2019-06-01
1206,1206,21,MA,2019,7,21.086165665623263,22.2324205491843,71.57406371348996,11.78113860494715,2019-07-01
1207,1207,21,MA,2019,8,21.217779503617187,22.47605798119366,64.21213607708697,11.86572297696874,2019-08-01
1208,1208,21,MA,2019,9,22.64877199342906,23.751325023082728,63.141848153086485,11.980205773134257,2019-09-01
1209,1209,21,MA,2019,10,23.18267865476556,24.18774558949545,65.73851366356399,12.098691115606714,2019-10-01
1210,1210,21,MA,2019,11,23.50071883604457,24.493256885921166,67.7296289294546,12.195946576170384,2019-11-01
1211,1211,21,MA,2019,12,23.59688692219069,24.594410929049708,69.91101914677024,12.241692851435184,2019-12-01
1212,1212,21,MA,2020,1,22.7992671015572,23.71006390086889,82.1183119289443,12.217133179116647,2020-01-01
1213,1213,21,MA,2020,2,22.91232314049942,23.805526249665967,83.30424126831618,12.136144230921383,2020-02-01
1214,1214,21,MA,2020,3,22.938931992951733,23.785986092676463,84.75944766967102,12.023731885628347,2020-03-01
1215,1215,21,MA,2020,4,22.82892701856552,23.657364759430543,84.14651574575774,11.904952779407784,2020-04-01
1216,1216,21,MA,2020,5,23.0081381884978,23.870154931000517,78.95099787841815,11.806732548075468,2020-05-01
1217,1217,21,MA,2020,6,21.80353398638021,22.819217552091303,74.46714837327714,11.758521953529938,2020-06-01
1218,1218,21,MA,2020,7,20.60405324666837,21.802913033202017,69.14147301168202,11.78113860494715,2020-07-01
1219,1219,21,MA,2020,8,20.84412750886634,22.067003259195232,63.87830891275328,11.86572297696874,2020-08-01
1220,1220,21,MA,2020,9,22.324257184979373,23.439184330502236,61.47195668725923,11.980205773134257,2020-09-01
1221,1221,21,MA,2020,10,23.299446740227715,24.26588060087837,64.68888138087308,12.098691115606714,2020-10-01
1222,1222,21,MA,2020,11,23.33790355732181,24.297917433707944,75.55822412751604,12.195946576170384,2020-11-01
1223,1223,21,MA,2020,12,23.10246420665076,24.06371786832916,77.05995884398145,12.241692851435184,2020-12-01
1224,1224,21,MA,2021,1,22.611947583748183,23.53505725585565,81.32487087439725,12.217133179116647,2021-01-01
1225,1225,21,MA,2021,2,22.51446148562855,23.451762282589375,83.67141103713115,12.136144230921383,2021-02-01
1226,1226,21,MA,2021,3,22.129817390470247,23.031459291462948,85.93822691219779,12.023731885628347,2021-03-01
1227,1227,21,MA,2021,4,22.58081089494415,23.51165037140502,82.98980312200918,11.904952779407784,2021-04-01
1228,1228,21,MA,2021,5,22.15812559994011,23.13241871756821,80.3093933263115,11.806732548075468,2021-05-01
1229,1229,21,MA,2021,6,21.580096482278385,22.567832965968027,79.15151098107779,11.758521953529938,2021-06-01
1230,1230,21,MA,2021,7,21.207309859139578,22.25613163363549,75.85261729299818,11.78113860494715,2021-07-01
1231,1231,21,MA,2021,8,21.336192606249305,22.41802516890189,69.05790833390554,11.86572297696874,2021-08-01
1232,1232,21,MA,2021,9,22.714374324986096,23.70758050546485,69.74394832851334,11.980205773134257,2021-09-01
1233,1233,21,MA,2021,10,23.04368828968713,24.023858978682046,73.29326890832303,12.098691115606714,2021-10-01
1234,1234,21,MA,2021,11,23.056168504940565,24.01834161761353,77.99030503362371,12.195946576170384,2021-11-01
1235,1235,21,MA,2021,12,23.208020772093278,24.215475825829618,79.83461785064829,12.241692851435184,2021-12-01
1236,1236,21,MA,2022,1,21.783409126874897,22.72097711916113,84.8306364499213,12.217133179116647,2022-01-01
1237,1237,21,MA,2022,2,22.33509985061756,23.285449046536133,84.49495389510173,12.136144230921383,2022-02-01
1238,1238,21,MA,2022,3,21.84908648531026,22.782773781588304,87.3933680355593,12.023731885628347,2022-03-01
1239,1239,21,MA,2022,4,22.240031361030542,23.1207850615916,84.6884263725691,11.904952779407784,2022-04-01
1240,1240,21,MA,2022,5,21.99576459881525,22.956783268025323,81.8866998642147,11.806732548075468,2022-05-01
1241,1241,21,MA,2022,6,21.32092807113484,22.345467902621547,77.85659584889214,11.758521953529938,2022-06-01
1242,1242,21,MA,2022,7,20.714297148170207,21.86164956215464,72.71789028167157,11.78113860494715,2022-07-01
1243,1243,21,MA,2022,8,20.682858952941487,21.901214994433666,66.25957854095,11.86572297696874,2022-08-01
1244,1244,21,MA,2022,9,21.951050613186503,23.10621754225864,64.82919857476347,11.980205773134257,2022-09-01
1245,1245,21,MA,2022,10,22.9314589523819,24.02224316943608,65.42051180741294,12.098691115606714,2022-10-01
1246,1246,21,MA,2022,11,22.54772092347504,23.5207153449227,76.92872414947838,12.195946576170384,2022-11-01
1247,1247,21,MA,2022,12,22.505138532038305,23.51612497286898,77.78595803959578,12.241692851435184,2022-12-01
1248,1248,22,PI,2010,1,20.94515823026956,22.34553942482592,72.74497056282061,12.344548293939464,2010-01-01
1249,1249,22,PI,2010,2,21.864160462301605,23.285268504400644,68.13849134712804,12.216006843808705,2010-02-01
1250,1250,22,PI,2010,3,21.631278322314337,22.995591046348693,73.65611125521946,12.03765010768635,2010-03-01
1251,1251,22,PI,2010,4,21.162013864801043,22.55889563617252,76.22462095816931,11.849204110214885,2010-04-01
1252,1252,22,PI,2010,5,20.609378343353622,22.17381497791835,66.43691374409583,11.693335160535488,2010-05-01
1253,1253,22,PI,2010,6,19.898108868513788,21.43370489861284,62.12626504671006,11.616802258517684,2010-06-01
1254,1254,22,PI,2010,7,19.507647840383417,21.09908227546973,55.90815434917327,11.652708125519151,2010-07-01
1255,1255,22,PI,2010,8,19.40311702660152,21.10351484107532,48.47037691619539,11.786955812193868,2010-08-01
1256,1256,22,PI,2010,9,20.73279137540431,22.38776690647716,44.94973590146928,11.968596959248398,2010-09-01
1257,1257,22,PI,2010,10,21.75361079279728,23.337068559936665,52.46636148257189,12.156577710587198,2010-10-01
1258,1258,22,PI,2010,11,21.64789142665409,23.116148358867285,57.44215039639246,12.31091720597117,2010-11-01
1259,1259,22,PI,2010,12,21.039904674077366,22.46406936810313,69.75300201347896,12.383538783245678,2010-12-01
1260,1260,22,PI,2011,1,20.670627040659777,22.02705416014667,74.03845446615175,12.344548293939464,2011-01-01
1261,1261,22,PI,2011,2,20.666599182145937,22.003052403732223,79.74165089458836,12.216006843808705,2011-02-01
1262,1262,22,PI,2011,3,20.54651143309158,21.862325598841988,81.87806495103969,12.03765010768635,2011-03-01
1263,1263,22,PI,2011,4,20.4553832285461,21.82378357592083,79.14181302729106,11.849204110214885,2011-04-01
1264,1264,22,PI,2011,5,20.17170845391014,21.62416677389826,73.67241119734153,11.693335160535488,2011-05-01
1265,1265,22,PI,2011,6,18.77012568470977,20.405110326693173,63.96071970462799,11.616802258517684,2011-06-01
1266,1266,22,PI,2011,7,18.509498161928995,20.196982208759557,58.90939392032711,11.652708125519151,2011-07-01
1267,1267,22,PI,2011,8,19.209934875300405,20.92206384166045,51.15957288038896,11.786955812193868,2011-08-01
1268,1268,22,PI,2011,9,20.077029996826536,21.800042712688448,45.81101730664572,11.968596959248398,2011-09-01
1269,1269,22,PI,2011,10,21.654300106011227,23.22745789772904,55.8883808818281,12.156577710587198,2011-10-01
1270,1270,22,PI,2011,11,21.314868355081195,22.753797015122007,63.57414211091542,12.31091720597117,2011-11-01
1271,1271,22,PI,2011,12,21.139836785156056,22.683058146782184,59.71071043953918,12.383538783245678,2011-12-01
1272,1272,22,PI,2012,1,21.27280150910127,22.696061741097186,66.68262641056342,12.344548293939464,2012-01-01
1273,1273,22,PI,2012,2,20.41627115510368,21.822386485308847,70.78386260194732,12.216006843808705,2012-02-01
1274,1274,22,PI,2012,3,20.683012858513862,22.13562869036802,70.51647832206866,12.03765010768635,2012-03-01
1275,1275,22,PI,2012,4,20.522387884060542,22.03726818802811,65.24844806251072,11.849204110214885,2012-04-01
1276,1276,22,PI,2012,5,20.63973441417865,22.15137402939906,57.830836385076495,11.693335160535488,2012-05-01
1277,1277,22,PI,2012,6,20.12557224035263,21.72787408204306,54.07007685161772,11.616802258517684,2012-06-01
1278,1278,22,PI,2012,7,19.690118993344942,21.38502226241173,49.77842784312464,11.652708125519151,2012-07-01
1279,1279,22,PI,2012,8,19.448146583984528,21.16998737089096,45.041924830955296,11.786955812193868,2012-08-01
1280,1280,22,PI,2012,9,20.56087678926332,22.320670705182213,41.41658815400941,11.968596959248398,2012-09-01
1281,1281,22,PI,2012,10,22.185916556466008,23.83657536116613,42.0458131605579,12.156577710587198,2012-10-01
1282,1282,22,PI,2012,11,22.442058067378547,23.96673992361341,55.83026303365117,12.31091720597117,2012-11-01
1283,1283,22,PI,2012,12,21.784179734194883,23.2124300181591,60.01504178146064,12.383538783245678,2012-12-01
1284,1284,22,PI,2013,1,21.66816757900924,23.018730991447026,70.95222730350933,12.344548293939464,2013-01-01
1285,1285,22,PI,2013,2,21.410463325223144,22.8164197367673,64.772800660255,12.216006843808705,2013-02-01
1286,1286,22,PI,2013,3,21.882517027964788,23.3045368331918,69.66023802043107,12.03765010768635,2013-03-01
1287,1287,22,PI,2013,4,21.24657555619876,22.628950869469413,74.42633150475366,11.849204110214885,2013-04-01
1288,1288,22,PI,2013,5,20.79621806273812,22.23259141505589,67.55387723116282,11.693335160535488,2013-05-01
1289,1289,22,PI,2013,6,20.080478586327462,21.58653396155153,60.31294071901412,11.616802258517684,2013-06-01
1290,1290,22,PI,2013,7,19.52504708360417,21.17748776311699,54.64412683660534,11.652708125519151,2013-07-01
1291,1291,22,PI,2013,8,20.400717877435245,22.04913946931263,47.7196756664509,11.786955812193868,2013-08-01
1292,1292,22,PI,2013,9,21.360569820517583,23.031612097649347,43.64222440549305,11.968596959248398,2013-09-01
1293,1293,22,PI,2013,10,22.08273815312144,23.73151293163475,47.04158025320773,12.156577710587198,2013-10-01
1294,1294,22,PI,2013,11,21.958103169713706,23.50900549718312,55.59650861365454,12.31091720597117,2013-11-01
1295,1295,22,PI,2013,12,21.55052978294785,22.97729718822488,66.09439960657726,12.383538783245678,2013-12-01
1296,1296,22,PI,2014,1,21.01875215164528,22.46307752676274,66.07156436838862,12.344548293939464,2014-01-01
1297,1297,22,PI,2014,2,21.1725388531174,22.55651375164791,73.0692336577542,12.216006843808705,2014-02-01
1298,1298,22,PI,2014,3,21.103737583083493,22.48756862538201,77.41041082390993,12.03765010768635,2014-03-01
1299,1299,22,PI,2014,4,20.838841921374915,22.26953183696384,77.1568962205024,11.849204110214885,2014-04-01
1300,1300,22,PI,2014,5,20.2913163989645,21.845728678774723,69.93962874170822,11.693335160535488,2014-05-01
1301,1301,22,PI,2014,6,19.598033092561224,21.297718237269493,59.49595274130503,11.616802258517684,2014-06-01
1302,1302,22,PI,2014,7,19.508520326032063,21.178170742939148,54.2579748388809,11.652708125519151,2014-07-01
1303,1303,22,PI,2014,8,19.703438827931052,21.450992698493643,48.21598707063957,11.786955812193868,2014-08-01
1304,1304,22,PI,2014,9,21.05383085111777,22.768292040342377,45.805399151075456,11.968596959248398,2014-09-01
1305,1305,22,PI,2014,10,22.08557710298745,23.7913981173445,47.54945346314786,12.156577710587198,2014-10-01
1306,1306,22,PI,2014,11,21.738004947844008,23.38236895657721,57.77986201047897,12.31091720597117,2014-11-01
1307,1307,22,PI,2014,12,21.397061067929464,23.054248131639948,61.421241029616326,12.383538783245678,2014-12-01
1308,1308,22,PI,2015,1,21.359849411496366,22.81138478226376,61.68489513968542,12.344548293939464,2015-01-01
1309,1309,22,PI,2015,2,21.17910714325856,22.64235250682247,71.24757587301488,12.216006843808705,2015-02-01
1310,1310,22,PI,2015,3,21.032951882907323,22.47791100262497,76.5027746280767,12.03765010768635,2015-03-01
1311,1311,22,PI,2015,4,20.902768019835158,22.40640735995202,75.77958063454855,11.849204110214885,2015-04-01
1312,1312,22,PI,2015,5,20.84610105989166,22.379921965610045,68.62557086472138,11.693335160535488,2015-05-01
1313,1313,22,PI,2015,6,19.8329849260194,21.43360189795494,60.11408764350982,11.616802258517684,2015-06-01
1314,1314,22,PI,2015,7,20.229664092926384,21.8867687040485,54.04244778672671,11.652708125519151,2015-07-01
1315,1315,22,PI,2015,8,19.78873931908388,21.538727254636825,46.20431215285157,11.786955812193868,2015-08-01
1316,1316,22,PI,2015,9,21.00454089641571,22.754299295374324,41.77180626732962,11.968596959248398,2015-09-01
1317,1317,22,PI,2015,10,22.60505383080601,24.31530985304837,42.345824214170605,12.156577710587198,2015-10-01
1318,1318,22,PI,2015,11,22.84084723364739,24.460943945816584,46.62438556892531,12.31091720597117,2015-11-01
1319,1319,22,PI,2015,12,22.925077309531552,24.60111571182304,47.053892046075816,12.383538783245678,2015-12-01
1320,1320,22,PI,2016,1,21.97078690001492,23.305053686491355,75.45322640041051,12.344548293939464,2016-01-01
1321,1321,22,PI,2016,2,21.11630524907793,22.539621461201182,69.03895129300103,12.216006843808705,2016-02-01
1322,1322,22,PI,2016,3,22.23543161510872,23.597155181218948,71.53223022392818,12.03765010768635,2016-03-01
1323,1323,22,PI,2016,4,21.87950784677551,23.34473964628719,65.91532828183401,11.849204110214885,2016-04-01
1324,1324,22,PI,2016,5,21.16982615955414,22.791696670967315,60.37636159696887,11.693335160535488,2016-05-01
1325,1325,22,PI,2016,6,20.10876415669918,21.732921085896947,56.05510344675609,11.616802258517684,2016-06-01
1326,1326,22,PI,2016,7,19.287426031542264,21.080438907932027,48.75103698732666,11.652708125519151,2016-07-01
1327,1327,22,PI,2016,8,19.921916932142278,21.67559170077473,43.8941968987065,11.786955812193868,2016-08-01
1328,1328,22,PI,2016,9,22.00549586684931,23.716383870158875,45.53224211789313,11.968596959248398,2016-09-01
1329,1329,22,PI,2016,10,22.506305516727508,24.223616511865693,45.44446864133607,12.156577710587198,2016-10-01
1330,1330,22,PI,2016,11,23.107758327467103,24.75758639687584,48.109720974876765,12.31091720597117,2016-11-01
1331,1331,22,PI,2016,12,22.2842439874526,23.85806382883529,58.46659303645384,12.383538783245678,2016-12-01
1332,1332,22,PI,2017,1,21.886136175300667,23.317979741206365,64.76701395083133,12.344548293939464,2017-01-01
1333,1333,22,PI,2017,2,21.47779069445571,22.780168104840783,76.34056388966891,12.216006843808705,2017-02-01
1334,1334,22,PI,2017,3,21.24487461499904,22.553870072013225,77.94604000298109,12.03765010768635,2017-03-01
1335,1335,22,PI,2017,4,21.273319935514813,22.61108991759164,74.05620884327662,11.849204110214885,2017-04-01
1336,1336,22,PI,2017,5,21.160346955335637,22.63677215713509,65.49933014816952,11.693335160535488,2017-05-01
1337,1337,22,PI,2017,6,20.24074779677959,21.796077868058568,59.40328107731683,11.616802258517684,2017-06-01
1338,1338,22,PI,2017,7,19.195875429887376,20.8637008992483,53.257161470602185,11.652708125519151,2017-07-01
1339,1339,22,PI,2017,8,20.1206219571252,21.79535714931752,48.501878316501326,11.786955812193868,2017-08-01
1340,1340,22,PI,2017,9,21.089504424305183,22.69865514039993,46.07071041578338,11.968596959248398,2017-09-01
1341,1341,22,PI,2017,10,22.832303507536786,24.512634181756574,43.64964598746893,12.156577710587198,2017-10-01
1342,1342,22,PI,2017,11,22.50919243551436,24.040492991890225,55.654976143155785,12.31091720597117,2017-11-01
1343,1343,22,PI,2017,12,22.22602254344571,23.723442749219007,61.83841534748605,12.383538783245678,2017-12-01
1344,1344,22,PI,2018,1,21.26496513689169,22.70462906635302,68.95301353656751,12.344548293939464,2018-01-01
1345,1345,22,PI,2018,2,21.25122482648917,22.62149637207693,79.88148847526433,12.216006843808705,2018-02-01
1346,1346,22,PI,2018,3,21.37415126199547,22.746333591949004,78.68201970889272,12.03765010768635,2018-03-01
1347,1347,22,PI,2018,4,20.586003705575354,22.01961830996332,77.47756086587906,11.849204110214885,2018-04-01
1348,1348,22,PI,2018,5,19.89751072138685,21.498268082806597,66.87061231916401,11.693335160535488,2018-05-01
1349,1349,22,PI,2018,6,18.83791873313132,20.631979828505287,58.16204867817107,11.616802258517684,2018-06-01
1350,1350,22,PI,2018,7,18.83522417303604,20.703545167286823,53.110449729427216,11.652708125519151,2018-07-01
1351,1351,22,PI,2018,8,19.67933415158004,21.4533283446791,48.5949689394318,11.786955812193868,2018-08-01
1352,1352,22,PI,2018,9,21.340568757199105,23.015167709759304,45.51776406083788,11.968596959248398,2018-09-01
1353,1353,22,PI,2018,10,22.203687431900185,23.751768369828504,51.97597008449141,12.156577710587198,2018-10-01
1354,1354,22,PI,2018,11,22.79752112513497,24.316456609396703,55.65208000285285,12.31091720597117,2018-11-01
1355,1355,22,PI,2018,12,21.223827913197503,22.65142473372446,72.09161285266349,12.383538783245678,2018-12-01
1356,1356,22,PI,2019,1,21.36521721202108,22.79581174405489,70.83651326273993,12.344548293939464,2019-01-01
1357,1357,22,PI,2019,2,21.626304124995155,22.998481719165436,77.38860700203449,12.216006843808705,2019-02-01
1358,1358,22,PI,2019,3,21.60925699173031,22.951735460813147,79.14613504563609,12.03765010768635,2019-03-01
1359,1359,22,PI,2019,4,21.582043929327103,22.9833813951129,79.48866611719131,11.849204110214885,2019-04-01
1360,1360,22,PI,2019,5,20.83236651678789,22.339115763314854,72.5014889410564,11.693335160535488,2019-05-01
1361,1361,22,PI,2019,6,19.54567095367681,21.27659942209721,63.4622292592412,11.616802258517684,2019-06-01
1362,1362,22,PI,2019,7,19.57516019492655,21.246412845525875,58.86550287002792,11.652708125519151,2019-07-01
1363,1363,22,PI,2019,8,19.796708573531447,21.608534643177613,49.56016533001228,11.786955812193868,2019-08-01
1364,1364,22,PI,2019,9,21.36564227030391,23.10060681615557,46.32055430355526,11.968596959248398,2019-09-01
1365,1365,22,PI,2019,10,22.2453255039481,23.826031704926823,49.02415660806515,12.156577710587198,2019-10-01
1366,1366,22,PI,2019,11,22.574023921858696,24.156341248466852,52.34615896940232,12.31091720597117,2019-11-01
1367,1367,22,PI,2019,12,22.310516981485254,23.896467930160902,56.01942567286953,12.383538783245678,2019-12-01
1368,1368,22,PI,2020,1,21.499411288082324,22.88094606844511,77.94767448814234,12.344548293939464,2020-01-01
1369,1369,22,PI,2020,2,21.410140611268027,22.792815895503377,80.162512843832,12.216006843808705,2020-02-01
1370,1370,22,PI,2020,3,21.594723789098627,22.92711146663411,82.97652465462136,12.03765010768635,2020-03-01
1371,1371,22,PI,2020,4,21.4063476087082,22.8126341575668,80.06878433454605,11.849204110214885,2020-04-01
1372,1372,22,PI,2020,5,20.77595649062214,22.275780016513465,75.57938157358477,11.693335160535488,2020-05-01
1373,1373,22,PI,2020,6,19.319598744880587,20.93260621896812,67.45592029889424,11.616802258517684,2020-06-01
1374,1374,22,PI,2020,7,18.47432063931968,20.181695884273896,58.382617319783854,11.652708125519151,2020-07-01
1375,1375,22,PI,2020,8,18.97591080671082,20.756056680520008,52.48729664169698,11.786955812193868,2020-08-01
1376,1376,22,PI,2020,9,20.403070684415955,22.083338427401724,49.11940985236849,11.968596959248398,2020-09-01
1377,1377,22,PI,2020,10,21.6084386698112,23.14672659838804,52.10914126574169,12.156577710587198,2020-10-01
1378,1378,22,PI,2020,11,21.469402649147167,22.92810093263785,67.70216631889343,12.31091720597117,2020-11-01
1379,1379,22,PI,2020,12,21.160671823722428,22.607154446538143,65.9755238492368,12.383538783245678,2020-12-01
1380,1380,22,PI,2021,1,21.09936286254962,22.521589392615905,70.5182547783522,12.344548293939464,2021-01-01
1381,1381,22,PI,2021,2,21.01348019953893,22.388591095805168,77.7718025500677,12.216006843808705,2021-02-01
1382,1382,22,PI,2021,3,20.498996085148253,21.903328680223037,78.5566903347244,12.03765010768635,2021-03-01
1383,1383,22,PI,2021,4,20.62558621253286,22.067344179607574,76.5585550052779,11.849204110214885,2021-04-01
1384,1384,22,PI,2021,5,19.679403078858204,21.21553500319406,71.33765502349573,11.693335160535488,2021-05-01
1385,1385,22,PI,2021,6,19.35707928623472,20.87084821334907,65.20321659474146,11.616802258517684,2021-06-01
1386,1386,22,PI,2021,7,19.18084506882775,20.655082262468778,62.12463107746318,11.652708125519151,2021-07-01
1387,1387,22,PI,2021,8,19.76061612546169,21.14787373825701,53.70564126913449,11.786955812193868,2021-08-01
1388,1388,22,PI,2021,9,21.746993925457907,23.158157102125035,49.59333055019379,11.968596959248398,2021-09-01
1389,1389,22,PI,2021,10,22.328222629661383,23.65488932649112,56.68481132127173,12.156577710587198,2021-10-01
1390,1390,22,PI,2021,11,21.77968306569826,23.017334514572507,73.02791611977986,12.31091720597117,2021-11-01
1391,1391,22,PI,2021,12,21.94194936532579,23.17609574470652,76.30547236627149,12.383538783245678,2021-12-01
1392,1392,22,PI,2022,1,20.592727295814026,21.81012417561448,81.47901632653952,12.344548293939464,2022-01-01
1393,1393,22,PI,2022,2,20.69647326046715,21.97492361129547,81.17142033090397,12.216006843808705,2022-02-01
1394,1394,22,PI,2022,3,20.74846767225573,21.97519977768445,83.45448411774525,12.03765010768635,2022-03-01
1395,1395,22,PI,2022,4,20.50984984380858,21.76015121255602,80.71437270811626,11.849204110214885,2022-04-01
1396,1396,22,PI,2022,5,19.95185582950917,21.243837244224988,75.09002308197284,11.693335160535488,2022-05-01
1397,1397,22,PI,2022,6,18.88652901479176,20.301694534931865,70.13544893775668,11.616802258517684,2022-06-01
1398,1398,22,PI,2022,7,18.857967847777957,20.286325154491287,62.01760150979741,11.652708125519151,2022-07-01
1399,1399,22,PI,2022,8,19.027685213885547,20.60071502330666,51.692262514670325,11.786955812193868,2022-08-01
1400,1400,22,PI,2022,9,20.39987259053049,21.91099150464648,49.53362544973692,11.968596959248398,2022-09-01
1401,1401,22,PI,2022,10,21.862182833906694,23.355660256976904,50.11155970799758,12.156577710587198,2022-10-01
1402,1402,22,PI,2022,11,21.390519918146587,22.77949868809609,72.6676597884723,12.31091720597117,2022-11-01
1403,1403,22,PI,2022,12,21.28567591158476,22.715756024083785,73.11400496465271,12.383538783245678,2022-12-01
1404,1404,23,CE,2010,1,21.207977811384,23.020175247673905,73.18336074716748,12.253372861785255,2010-01-01
1405,1405,23,CE,2010,2,22.014475400773637,23.888336767321046,70.34817774029253,12.158863916314337,2010-02-01
1406,1406,23,CE,2010,3,22.072365603975296,23.896715650718978,71.23414297893036,12.027691941551696,2010-03-01
1407,1407,23,CE,2010,4,21.83254692900008,23.596973905356037,79.14138398930646,11.889092002201693,2010-04-01
1408,1408,23,CE,2010,5,21.430139080672244,23.248986619050505,74.3621286964684,11.774477444045312,2010-05-01
1409,1409,23,CE,2010,6,20.412244687736894,22.25551489470661,69.41314804243005,11.718217131291896,2010-06-01
1410,1410,23,CE,2010,7,20.30503186922087,22.16379484321092,64.15036341050565,11.744610353020914,2010-07-01
1411,1411,23,CE,2010,8,20.060548856917137,21.95705056257368,58.072875598704165,11.843314904792424,2010-08-01
1412,1412,23,CE,2010,9,20.490857281201126,22.442996500886007,56.96979976598767,11.97690278657966,2010-09-01
1413,1413,23,CE,2010,10,21.40111483815341,23.22011817722133,61.47439201550264,12.11516002664916,2010-10-01
1414,1414,23,CE,2010,11,21.64575881767964,23.48527970072152,60.2566839646602,12.228648944159588,2010-11-01
1415,1415,23,CE,2010,12,21.32869051967396,23.190893155829603,70.82055548698672,12.282033544338615,2010-12-01
1416,1416,23,CE,2011,1,20.68300337794787,22.480170358615037,78.30264995074707,12.253372861785255,2011-01-01
1417,1417,23,CE,2011,2,20.835465756262312,22.63969185485603,82.29339290775867,12.158863916314337,2011-02-01
1418,1418,23,CE,2011,3,20.71263286609302,22.49086832398285,83.69514327296703,12.027691941551696,2011-03-01
1419,1419,23,CE,2011,4,20.680105211078256,22.43038309207861,84.44307050704955,11.889092002201693,2011-04-01
1420,1420,23,CE,2011,5,20.686621316017643,22.464046279979456,82.5227396451407,11.774477444045312,2011-05-01
1421,1421,23,CE,2011,6,19.600508078975952,21.46326034397319,77.04732438515926,11.718217131291896,2011-06-01
1422,1422,23,CE,2011,7,19.39280515181901,21.24487161502597,73.29944628050752,11.744610353020914,2011-07-01
1423,1423,23,CE,2011,8,19.341999971849887,21.25038165196797,65.78628718000309,11.843314904792424,2011-08-01
1424,1424,23,CE,2011,9,19.91685939422552,21.82453582442325,60.61125182137973,11.97690278657966,2011-09-01
1425,1425,23,CE,2011,10,21.026472092677967,22.86570581781245,65.67601761476857,12.11516002664916,2011-10-01
1426,1426,23,CE,2011,11,21.04031405016996,22.8653948020244,67.06893736521403,12.228648944159588,2011-11-01
1427,1427,23,CE,2011,12,21.22211691674477,23.07987470345945,64.96341063029969,12.282033544338615,2011-12-01
1428,1428,23,CE,2012,1,21.456701951809386,23.279143442779905,68.48864842397468,12.253372861785255,2012-01-01
1429,1429,23,CE,2012,2,20.85764742844823,22.641164494418668,74.14115504775269,12.158863916314337,2012-02-01
1430,1430,23,CE,2012,3,20.925693144303384,22.718157595036576,76.83330380799559,12.027691941551696,2012-03-01
1431,1431,23,CE,2012,4,21.152334912790767,22.966059222601466,75.08215683163077,11.889092002201693,2012-04-01
1432,1432,23,CE,2012,5,20.873097747940506,22.71044835836991,67.7670987270992,11.774477444045312,2012-05-01
1433,1433,23,CE,2012,6,20.474414000131084,22.337508404082147,66.28701324324676,11.718217131291896,2012-06-01
1434,1434,23,CE,2012,7,20.145996187713003,22.063188209440064,61.16641977157701,11.744610353020914,2012-07-01
1435,1435,23,CE,2012,8,19.950694416549062,21.85329940877489,56.36362976713568,11.843314904792424,2012-08-01
1436,1436,23,CE,2012,9,20.33886294693187,22.236447684315667,56.23061816588692,11.97690278657966,2012-09-01
1437,1437,23,CE,2012,10,21.23939454104088,23.089058055115284,57.46252055656358,12.11516002664916,2012-10-01
1438,1438,23,CE,2012,11,21.64387331250785,23.443200879511625,59.63361742047296,12.228648944159588,2012-11-01
1439,1439,23,CE,2012,12,22.138307618894213,23.956915452470284,62.28545824374591,12.282033544338615,2012-12-01
1440,1440,23,CE,2013,1,22.050250591770297,23.90816117336172,66.91043930401474,12.253372861785255,2013-01-01
1441,1441,23,CE,2013,2,21.938670082121902,23.77700060346852,66.9095758569907,12.158863916314337,2013-02-01
1442,1442,23,CE,2013,3,22.233347299222693,24.077464830658045,69.51992378729757,12.027691941551696,2013-03-01
1443,1443,23,CE,2013,4,21.579686925376677,23.35687904046929,76.87222034965737,11.889092002201693,2013-04-01
1444,1444,23,CE,2013,5,21.01672992833366,22.820508033329777,77.21470432428625,11.774477444045312,2013-05-01
1445,1445,23,CE,2013,6,20.440971674780915,22.25318352692369,74.99032503556514,11.718217131291896,2013-06-01
1446,1446,23,CE,2013,7,19.691550975929303,21.55272290315401,70.1727674719662,11.744610353020914,2013-07-01
1447,1447,23,CE,2013,8,20.202155584539973,22.09031734493304,61.36987228580812,11.843314904792424,2013-08-01
1448,1448,23,CE,2013,9,20.83578853037046,22.731907272684403,57.92496950730033,11.97690278657966,2013-09-01
1449,1449,23,CE,2013,10,21.350023499879395,23.218985609720665,58.05285267809832,12.11516002664916,2013-10-01
1450,1450,23,CE,2013,11,21.40245488104613,23.26336500264597,62.32060433539791,12.228648944159588,2013-11-01
1451,1451,23,CE,2013,12,21.489944881844487,23.360310679231084,63.93937076191414,12.282033544338615,2013-12-01
1452,1452,23,CE,2014,1,21.414301137603186,23.25124575713908,67.28901951042165,12.253372861785255,2014-01-01
1453,1453,23,CE,2014,2,21.28566351958684,23.05961328707867,74.19823522745452,12.158863916314337,2014-02-01
1454,1454,23,CE,2014,3,21.24509784550018,23.00197629741332,77.81521098510079,12.027691941551696,2014-03-01
1455,1455,23,CE,2014,4,21.186483136812846,22.940449995579925,81.51517237234806,11.889092002201693,2014-04-01
1456,1456,23,CE,2014,5,20.741396456413483,22.523828103197907,79.1238585200584,11.774477444045312,2014-05-01
1457,1457,23,CE,2014,6,20.30026873661124,22.180317284058837,69.7105526951776,11.718217131291896,2014-06-01
1458,1458,23,CE,2014,7,19.687891122669527,21.60589660936117,64.3125956342732,11.744610353020914,2014-07-01
1459,1459,23,CE,2014,8,19.8395276322104,21.769396628771723,58.54104568647302,11.843314904792424,2014-08-01
1460,1460,23,CE,2014,9,20.76618552726248,22.645607120403344,59.64733216382455,11.97690278657966,2014-09-01
1461,1461,23,CE,2014,10,21.277386449162456,23.131592215194274,58.50812272503868,12.11516002664916,2014-10-01
1462,1462,23,CE,2014,11,21.347172812793566,23.18552953782289,61.77226323390353,12.228648944159588,2014-11-01
1463,1463,23,CE,2014,12,21.693534161231963,23.554312101085923,62.00835248430849,12.282033544338615,2014-12-01
1464,1464,23,CE,2015,1,21.57660269118626,23.41585139505994,62.925465939590005,12.253372861785255,2015-01-01
1465,1465,23,CE,2015,2,21.54087290056744,23.369532060178912,70.77972374199341,12.158863916314337,2015-02-01
1466,1466,23,CE,2015,3,21.206418319637947,22.971319112670702,78.63817340762552,12.027691941551696,2015-03-01
1467,1467,23,CE,2015,4,21.04164383791495,22.82236858589062,79.92178416666776,11.889092002201693,2015-04-01
1468,1468,23,CE,2015,5,21.126248779169806,22.98534436480026,73.21469799097926,11.774477444045312,2015-05-01
1469,1469,23,CE,2015,6,20.273670299675157,22.152968081875123,69.3771020827086,11.718217131291896,2015-06-01
1470,1470,23,CE,2015,7,20.240875585885068,22.054557643799427,68.50693557506524,11.744610353020914,2015-07-01
1471,1471,23,CE,2015,8,19.725489012823868,21.71330014418753,59.20352491188852,11.843314904792424,2015-08-01
1472,1472,23,CE,2015,9,20.598255673353226,22.53871339939643,58.23217301506927,11.97690278657966,2015-09-01
1473,1473,23,CE,2015,10,21.14778699898285,23.024061347458503,56.88034582004307,12.11516002664916,2015-10-01
1474,1474,23,CE,2015,11,21.46017820731453,23.32705139802849,57.52352782401486,12.228648944159588,2015-11-01
1475,1475,23,CE,2015,12,22.093947266462305,23.95183988807913,59.78738813413644,12.282033544338615,2015-12-01
1476,1476,23,CE,2016,1,21.892188676109157,23.63404717552378,76.49167169461244,12.253372861785255,2016-01-01
1477,1477,23,CE,2016,2,21.40099198171224,23.20126467487444,74.35634867183451,12.158863916314337,2016-02-01
1478,1478,23,CE,2016,3,22.120848726256533,23.92677359694685,74.70021126347204,12.027691941551696,2016-03-01
1479,1479,23,CE,2016,4,21.57292355005292,23.382672493699665,77.8397360580555,11.889092002201693,2016-04-01
1480,1480,23,CE,2016,5,21.138098774584947,23.029835040238265,72.77417669590527,11.774477444045312,2016-05-01
1481,1481,23,CE,2016,6,20.334797794058705,22.287283789247702,66.88042020313982,11.718217131291896,2016-06-01
1482,1482,23,CE,2016,7,19.95194981375717,21.90110838797785,60.33728564905753,11.744610353020914,2016-07-01
1483,1483,23,CE,2016,8,19.984704373427896,22.005866295826557,57.301922701184246,11.843314904792424,2016-08-01
1484,1484,23,CE,2016,9,20.95383744187977,22.908464378895967,59.02951539703038,11.97690278657966,2016-09-01
1485,1485,23,CE,2016,10,21.49486165344297,23.443089897134364,56.21552379201539,12.11516002664916,2016-10-01
1486,1486,23,CE,2016,11,22.185610031736072,24.073798196212103,57.57167464615642,12.228648944159588,2016-11-01
1487,1487,23,CE,2016,12,22.18174362316372,24.02127697691844,63.6715099286565,12.282033544338615,2016-12-01
1488,1488,23,CE,2017,1,21.967907331100182,23.788264942369825,67.62688289283871,12.253372861785255,2017-01-01
1489,1489,23,CE,2017,2,21.52701849411733,23.312306541833816,76.43120808556954,12.158863916314337,2017-02-01
1490,1490,23,CE,2017,3,21.19463720662731,22.92599547661705,83.61325196831959,12.027691941551696,2017-03-01
1491,1491,23,CE,2017,4,21.188518822884213,22.98132755203524,80.97197403009388,11.889092002201693,2017-04-01
1492,1492,23,CE,2017,5,21.066441502176527,22.900410882219525,75.96149966559605,11.774477444045312,2017-05-01
1493,1493,23,CE,2017,6,20.44020541042521,22.33286891812864,70.62811065549435,11.718217131291896,2017-06-01
1494,1494,23,CE,2017,7,19.653879665559337,21.483955452686278,64.75680609471668,11.744610353020914,2017-07-01
1495,1495,23,CE,2017,8,20.044787296740573,21.94367249851307,60.84695957017981,11.843314904792424,2017-08-01
1496,1496,23,CE,2017,9,20.726763120077656,22.603670715249105,56.9339396269425,11.97690278657966,2017-09-01
1497,1497,23,CE,2017,10,21.52019458850336,23.3781710848066,57.95933072195816,12.11516002664916,2017-10-01
1498,1498,23,CE,2017,11,21.37282072633937,23.24581334038057,60.9860829823259,12.228648944159588,2017-11-01
1499,1499,23,CE,2017,12,22.051288766580075,23.91640373968309,63.45244360505114,12.282033544338615,2017-12-01
1500,1500,23,CE,2018,1,21.572876889107103,23.38739340201668,68.36329854186755,12.253372861785255,2018-01-01
1501,1501,23,CE,2018,2,21.0919356897751,22.87916595410116,79.63625450682196,12.158863916314337,2018-02-01
1502,1502,23,CE,2018,3,21.41586815190683,23.18947894309045,78.8065940855596,12.027691941551696,2018-03-01
1503,1503,23,CE,2018,4,20.73233762979508,22.478852219166964,83.84256909964742,11.889092002201693,2018-04-01
1504,1504,23,CE,2018,5,20.27570049592188,22.109275875051427,77.74533206918296,11.774477444045312,2018-05-01
1505,1505,23,CE,2018,6,19.26124728710755,21.196084087136864,69.7893217612004,11.718217131291896,2018-06-01
1506,1506,23,CE,2018,7,19.565984435201862,21.5132853314385,65.20864761360565,11.744610353020914,2018-07-01
1507,1507,23,CE,2018,8,19.763278684475644,21.729025732417597,60.776414201771225,11.843314904792424,2018-08-01
1508,1508,23,CE,2018,9,20.52116792823957,22.446318608781567,58.06186875122181,11.97690278657966,2018-09-01
1509,1509,23,CE,2018,10,21.377969125042792,23.25688760745408,60.2565438055223,12.11516002664916,2018-10-01
1510,1510,23,CE,2018,11,21.890270245593527,23.841347554801168,59.47621571361155,12.228648944159588,2018-11-01
1511,1511,23,CE,2018,12,21.14392490540781,23.063713147295807,71.81076317381893,12.282033544338615,2018-12-01
1512,1512,23,CE,2019,1,21.03297385962113,22.94973744550226,73.54089532092443,12.253372861785255,2019-01-01
1513,1513,23,CE,2019,2,21.455910350965414,23.2557046276442,80.82034020986616,12.158863916314337,2019-02-01
1514,1514,23,CE,2019,3,21.147848438915663,22.90989685125471,83.28147430740934,12.027691941551696,2019-03-01
1515,1515,23,CE,2019,4,21.327353260482568,23.09638409856437,84.89575813542241,11.889092002201693,2019-04-01
1516,1516,23,CE,2019,5,20.858059793167328,22.68378810594995,79.87142636230918,11.774477444045312,2019-05-01
1517,1517,23,CE,2019,6,19.852389703971756,21.75067573077437,72.67391076986341,11.718217131291896,2019-06-01
1518,1518,23,CE,2019,7,19.77885595494868,21.64992435867957,70.19916848681585,11.744610353020914,2019-07-01
1519,1519,23,CE,2019,8,19.62023075783905,21.54580766957405,61.48243000932028,11.843314904792424,2019-08-01
1520,1520,23,CE,2019,9,20.654503701562465,22.557814676865288,59.04046146696892,11.97690278657966,2019-09-01
1521,1521,23,CE,2019,10,21.013176415779142,22.89070014431968,58.46578765483926,12.11516002664916,2019-10-01
1522,1522,23,CE,2019,11,21.74208101638849,23.603986514824022,59.51562772350035,12.228648944159588,2019-11-01
1523,1523,23,CE,2019,12,22.03185537854552,23.886163022039984,60.62394442832487,12.282033544338615,2019-12-01
1524,1524,23,CE,2020,1,21.96133664446827,23.77639697979075,74.4857914959398,12.253372861785255,2020-01-01
1525,1525,23,CE,2020,2,21.47348671302624,23.21410167306617,79.97450450585521,12.158863916314337,2020-02-01
1526,1526,23,CE,2020,3,21.50697682749841,23.22953524061206,83.04186586243574,12.027691941551696,2020-03-01
1527,1527,23,CE,2020,4,21.30772408851679,23.049385585646696,81.96608010720516,11.889092002201693,2020-04-01
1528,1528,23,CE,2020,5,20.76259762943209,22.55977509198985,80.24000208642005,11.774477444045312,2020-05-01
1529,1529,23,CE,2020,6,19.61856907087824,21.47789398138074,74.96924981379856,11.718217131291896,2020-06-01
1530,1530,23,CE,2020,7,18.94343850171248,20.789563499526924,65.92810731047835,11.744610353020914,2020-07-01
1531,1531,23,CE,2020,8,19.018520450190778,20.875966604595263,59.94719747741293,11.843314904792424,2020-08-01
1532,1532,23,CE,2020,9,20.2063073227371,22.04489935757457,57.35355123298756,11.97690278657966,2020-09-01
1533,1533,23,CE,2020,10,21.006653682379703,22.812783799031006,58.58147462253651,12.11516002664916,2020-10-01
1534,1534,23,CE,2020,11,21.783548365123032,23.58752775883329,64.88606134359388,12.228648944159588,2020-11-01
1535,1535,23,CE,2020,12,21.747334038224828,23.537776046514843,61.199771188251766,12.282033544338615,2020-12-01
1536,1536,23,CE,2021,1,21.84514073770477,23.600049197088616,67.82252199419084,12.253372861785255,2021-01-01
1537,1537,23,CE,2021,2,21.43771040254498,23.19266734323146,72.66363907230566,12.158863916314337,2021-02-01
1538,1538,23,CE,2021,3,20.99523213234055,22.72628329579325,79.50125598372449,12.027691941551696,2021-03-01
1539,1539,23,CE,2021,4,20.86217641778614,22.628891376481537,78.69789378954016,11.889092002201693,2021-04-01
1540,1540,23,CE,2021,5,20.086407615125264,21.890885339712863,78.1843572599189,11.774477444045312,2021-05-01
1541,1541,23,CE,2021,6,19.84580590137537,21.725018511129463,68.17637080386065,11.718217131291896,2021-06-01
1542,1542,23,CE,2021,7,20.00484037265537,21.826829431434835,64.11143148697776,11.744610353020914,2021-07-01
1543,1543,23,CE,2021,8,20.4809481676297,22.297280380133994,58.26026146475429,11.843314904792424,2021-08-01
1544,1544,23,CE,2021,9,21.2692135102507,23.103557712098823,58.36084989810335,11.97690278657966,2021-09-01
1545,1545,23,CE,2021,10,22.105834710146567,23.88310987283939,58.768385663106095,12.11516002664916,2021-10-01
1546,1546,23,CE,2021,11,22.38366629835488,24.155701900565106,62.21661790419317,12.228648944159588,2021-11-01
1547,1547,23,CE,2021,12,22.560038741808626,24.344022398409635,65.1427819491436,12.282033544338615,2021-12-01
1548,1548,23,CE,2022,1,21.0208616861956,22.75685659431308,76.76305552719352,12.253372861785255,2022-01-01
1549,1549,23,CE,2022,2,21.27720793544876,23.05106477744831,74.46938260963985,12.158863916314337,2022-02-01
1550,1550,23,CE,2022,3,21.03934679091562,22.77726676654682,81.75526059860935,12.027691941551696,2022-03-01
1551,1551,23,CE,2022,4,20.899854157973028,22.63536529402802,82.6211735918902,11.889092002201693,2022-04-01
1552,1552,23,CE,2022,5,20.541414610299626,22.306101216173108,81.671561398981,11.774477444045312,2022-05-01
1553,1553,23,CE,2022,6,19.708991646766663,21.51177751983421,79.47187315899393,11.718217131291896,2022-06-01
1554,1554,23,CE,2022,7,19.62010491763726,21.35485939541505,71.22701356788839,11.744610353020914,2022-07-01
1555,1555,23,CE,2022,8,19.3038582549356,21.20369772790692,62.723730598225,11.843314904792424,2022-08-01
1556,1556,23,CE,2022,9,20.71674112478892,22.532276653897934,58.86595249797988,11.97690278657966,2022-09-01
1557,1557,23,CE,2022,10,21.65049662947822,23.450685287759143,57.13470303828385,12.11516002664916,2022-10-01
1558,1558,23,CE,2022,11,21.237501914432084,23.127656061061916,67.63262425712917,12.228648944159588,2022-11-01
1559,1559,23,CE,2022,12,21.229830651597588,23.063009036707516,65.91243505277272,12.282033544338615,2022-12-01
1560,1560,24,RN,2010,1,22.814104900688008,23.85573245485662,73.70114395925616,12.306760549411656,2010-01-01
1561,1561,24,RN,2010,2,23.109820586172717,24.182577249430715,72.32831389196313,12.19233260035818,2010-02-01
1562,1562,24,RN,2010,3,23.302852384137307,24.3877191851216,71.37859396283314,12.033525385742458,2010-03-01
1563,1563,24,RN,2010,4,23.00791751153455,23.9935369621018,78.08113178473984,11.86572763028358,2010-04-01
1564,1564,24,RN,2010,5,22.50837651371196,23.495283210095646,73.91325434934731,11.726960517845392,2010-05-01
1565,1565,24,RN,2010,6,21.45650293194129,22.443659167565748,73.3905128159209,11.658839678970368,2010-06-01
1566,1566,24,RN,2010,7,20.865943553158967,21.85229727981034,70.43638292960686,11.690797479880086,2010-07-01
1567,1567,24,RN,2010,8,20.41121009106753,21.40511040616639,64.65526079749287,11.810305270391158,2010-08-01
1568,1568,24,RN,2010,9,20.95113978471585,21.96855551249491,63.20825016912586,11.972037255692612,2010-09-01
1569,1569,24,RN,2010,10,22.33927699555664,23.34133128445651,65.37330737453827,12.139420272075238,2010-10-01
1570,1570,24,RN,2010,11,22.497191894744446,23.54189763326131,62.89232432580517,12.2768248354106,2010-11-01
1571,1571,24,RN,2010,12,22.59663768161879,23.670706232611405,68.41783951598521,12.341463851373687,2010-12-01
1572,1572,24,RN,2011,1,22.208352639911396,23.20644383820093,74.99773495257625,12.306760549411656,2011-01-01
1573,1573,24,RN,2011,2,22.45688164958187,23.514221917063484,77.08427370379785,12.19233260035818,2011-02-01
1574,1574,24,RN,2011,3,22.249918163064503,23.287164993536663,78.49774662067192,12.033525385742458,2011-03-01
1575,1575,24,RN,2011,4,22.012265573147527,23.000726597418566,81.84706331888835,11.86572763028358,2011-04-01
1576,1576,24,RN,2011,5,21.787973228190797,22.808288167474903,82.51017191936455,11.726960517845392,2011-05-01
1577,1577,24,RN,2011,6,21.025354996412812,22.082235449754787,76.85893321084882,11.658839678970368,2011-06-01
1578,1578,24,RN,2011,7,20.53053727535891,21.526913506012523,75.24994244279839,11.690797479880086,2011-07-01
1579,1579,24,RN,2011,8,20.378592477333875,21.45488769998416,71.02859120905941,11.810305270391158,2011-08-01
1580,1580,24,RN,2011,9,20.675505648401685,21.773684419414955,63.75120170730317,11.972037255692612,2011-09-01
1581,1581,24,RN,2011,10,21.958210010613303,23.033777330887464,65.68308628326174,12.139420272075238,2011-10-01
1582,1582,24,RN,2011,11,22.06066780623324,23.179022437607696,65.14186139592154,12.2768248354106,2011-11-01
1583,1583,24,RN,2011,12,22.130280640402976,23.22765079989773,63.85277329684916,12.341463851373687,2011-12-01
1584,1584,24,RN,2012,1,22.378325330628517,23.432332451333867,68.39432044026472,12.306760549411656,2012-01-01
1585,1585,24,RN,2012,2,22.004973026191355,23.000522980974548,71.51164245526701,12.19233260035818,2012-02-01
1586,1586,24,RN,2012,3,22.10086522720393,23.0919710840524,70.30602622147299,12.033525385742458,2012-03-01
1587,1587,24,RN,2012,4,22.378224535806925,23.35567403553489,67.80856012508065,11.86572763028358,2012-04-01
1588,1588,24,RN,2012,5,21.97707479203187,22.99600819268465,67.313778055481,11.726960517845392,2012-05-01
1589,1589,24,RN,2012,6,21.16772863231971,22.15020974286778,70.42807483025892,11.658839678970368,2012-06-01
1590,1590,24,RN,2012,7,20.438255253320776,21.45304563152806,67.36654400397204,11.690797479880086,2012-07-01
1591,1591,24,RN,2012,8,20.184228761881872,21.172071368855036,61.03229845300106,11.810305270391158,2012-08-01
1592,1592,24,RN,2012,9,20.51177585243941,21.4970320033456,60.31863140098587,11.972037255692612,2012-09-01
1593,1593,24,RN,2012,10,21.51910612420592,22.50544502902312,61.186669443803616,12.139420272075238,2012-10-01
1594,1594,24,RN,2012,11,21.96932476142685,23.07167379489678,62.01385207642576,12.2768248354106,2012-11-01
1595,1595,24,RN,2012,12,22.87115311507486,23.8904942101163,62.73528959006445,12.341463851373687,2012-12-01
1596,1596,24,RN,2013,1,23.26198339618862,24.27714184294434,65.05294355407561,12.306760549411656,2013-01-01
1597,1597,24,RN,2013,2,23.210432991194256,24.218801097445656,64.48621485394429,12.19233260035818,2013-02-01
1598,1598,24,RN,2013,3,23.57261735010912,24.56311908218652,65.9357502646075,12.033525385742458,2013-03-01
1599,1599,24,RN,2013,4,23.099789316401985,24.054298152657086,70.17214737776034,11.86572763028358,2013-04-01
1600,1600,24,RN,2013,5,22.06212385883888,23.01449494696225,72.1906764785917,11.726960517845392,2013-05-01
1601,1601,24,RN,2013,6,21.343445556701536,22.280268777630287,74.81921761031161,11.658839678970368,2013-06-01
1602,1602,24,RN,2013,7,20.57684171506054,21.544327381657936,71.70436258888944,11.690797479880086,2013-07-01
1603,1603,24,RN,2013,8,20.71740230510933,21.68843348265293,65.22326846433141,11.810305270391158,2013-08-01
1604,1604,24,RN,2013,9,21.24398714092201,22.25622797145577,64.33424116199363,11.972037255692612,2013-09-01
1605,1605,24,RN,2013,10,22.043952346147428,23.036385277005174,62.542557543024536,12.139420272075238,2013-10-01
1606,1606,24,RN,2013,11,22.34159112804664,23.349806718198124,63.880335802851086,12.2768248354106,2013-11-01
1607,1607,24,RN,2013,12,22.65608257959081,23.70267516967526,64.93860186097335,12.341463851373687,2013-12-01
1608,1608,24,RN,2014,1,22.52726604055663,23.53577586972209,64.79642257557795,12.306760549411656,2014-01-01
1609,1609,24,RN,2014,2,22.47998434422463,23.460344865650477,69.44950422086299,12.19233260035818,2014-02-01
1610,1610,24,RN,2014,3,22.60347776871656,23.55875888873832,72.3101582960984,12.033525385742458,2014-03-01
1611,1611,24,RN,2014,4,22.620300513018154,23.562856359729278,74.97851073594389,11.86572763028358,2014-04-01
1612,1612,24,RN,2014,5,21.80168478411092,22.747357712764643,75.6997446557926,11.726960517845392,2014-05-01
1613,1613,24,RN,2014,6,21.23483817125271,22.218311930369,71.83829208800417,11.658839678970368,2014-06-01
1614,1614,24,RN,2014,7,20.45059848296865,21.451642620579623,67.96566260862654,11.690797479880086,2014-07-01
1615,1615,24,RN,2014,8,20.39962943962971,21.42615232086329,62.71249516240091,11.810305270391158,2014-08-01
1616,1616,24,RN,2014,9,21.36867686364941,22.395042006745783,64.20831532811452,11.972037255692612,2014-09-01
1617,1617,24,RN,2014,10,22.044206547050926,23.073134358011668,61.96924672192166,12.139420272075238,2014-10-01
1618,1618,24,RN,2014,11,22.25747309778027,23.31019525927698,63.298485189045735,12.2768248354106,2014-11-01
1619,1619,24,RN,2014,12,22.63825271257176,23.652757552178045,62.87060050603296,12.341463851373687,2014-12-01
1620,1620,24,RN,2015,1,22.820416804006577,23.85440209447497,62.50418129947302,12.306760549411656,2015-01-01
1621,1621,24,RN,2015,2,22.814580494772173,23.86748367991582,67.88842884223618,12.19233260035818,2015-02-01
1622,1622,24,RN,2015,3,22.405355639547047,23.3516673798586,73.76742932233245,12.033525385742458,2015-03-01
1623,1623,24,RN,2015,4,22.3084678680359,23.30479864550684,73.36847305602419,11.86572763028358,2015-04-01
1624,1624,24,RN,2015,5,22.252717605584927,23.301191881491867,67.5362490786073,11.726960517845392,2015-05-01
1625,1625,24,RN,2015,6,21.23954397418542,22.290142635337844,69.5191082480425,11.658839678970368,2015-06-01
1626,1626,24,RN,2015,7,21.05832487408065,22.100802502808065,70.44637115991367,11.690797479880086,2015-07-01
1627,1627,24,RN,2015,8,20.42104441911897,21.55809675396836,63.96174703667656,11.810305270391158,2015-08-01
1628,1628,24,RN,2015,9,21.436465243569867,22.539087185126817,62.29650077515257,11.972037255692612,2015-09-01
1629,1629,24,RN,2015,10,21.73091839242677,22.90648596595792,60.829199911246135,12.139420272075238,2015-10-01
1630,1630,24,RN,2015,11,22.11342794148032,23.362663698101237,60.69697943514216,12.2768248354106,2015-11-01
1631,1631,24,RN,2015,12,22.616634751692548,23.793917319754826,63.62877555701271,12.341463851373687,2015-12-01
1632,1632,24,RN,2016,1,22.938657912043777,23.895102673155336,77.2559714078765,12.306760549411656,2016-01-01
1633,1633,24,RN,2016,2,21.93691680816833,23.05959289467288,72.49893184616968,12.19233260035818,2016-02-01
1634,1634,24,RN,2016,3,22.82693337132301,23.88397101921213,71.36505623224828,12.033525385742458,2016-03-01
1635,1635,24,RN,2016,4,22.746214890242097,23.85841392852113,74.25802626162469,11.86572763028358,2016-04-01
1636,1636,24,RN,2016,5,22.091281806499264,23.254908894580694,70.5107812776468,11.726960517845392,2016-05-01
1637,1637,24,RN,2016,6,21.23841486491129,22.451361753650293,67.81492689897914,11.658839678970368,2016-06-01
1638,1638,24,RN,2016,7,20.73834353080928,21.94010618908745,63.57929002048197,11.690797479880086,2016-07-01
1639,1639,24,RN,2016,8,20.94912413876559,22.100596180150056,61.30329017720214,11.810305270391158,2016-08-01
1640,1640,24,RN,2016,9,21.83805981634144,22.9207805271872,61.47633139254328,11.972037255692612,2016-09-01
1641,1641,24,RN,2016,10,22.306236796151584,23.45336115606646,60.26309838312483,12.139420272075238,2016-10-01
1642,1642,24,RN,2016,11,22.754164819850654,23.97199150892551,61.59585761643218,12.2768248354106,2016-11-01
1643,1643,24,RN,2016,12,23.048111205813,24.1931986702854,63.27196958356552,12.341463851373687,2016-12-01
1644,1644,24,RN,2017,1,23.330486801984527,24.354898554444752,64.13965942326811,12.306760549411656,2017-01-01
1645,1645,24,RN,2017,2,22.71856596818635,23.861248432009315,69.157358990254,12.19233260035818,2017-02-01
1646,1646,24,RN,2017,3,22.647438360269128,23.791893650855894,76.01705140277228,12.033525385742458,2017-03-01
1647,1647,24,RN,2017,4,22.396563427177018,23.50686068277873,74.62989346167284,11.86572763028358,2017-04-01
1648,1648,24,RN,2017,5,22.295258646009508,23.32555809411529,72.09872332774282,11.726960517845392,2017-05-01
1649,1649,24,RN,2017,6,21.65774624990132,22.630728719334403,70.10804662190512,11.658839678970368,2017-06-01
1650,1650,24,RN,2017,7,20.771212002152016,21.72460646884469,69.57757427472738,11.690797479880086,2017-07-01
1651,1651,24,RN,2017,8,20.655440237109023,21.661061491956115,64.03415705942615,11.810305270391158,2017-08-01
1652,1652,24,RN,2017,9,21.29371465542121,22.26396468842101,60.99014930115964,11.972037255692612,2017-09-01
1653,1653,24,RN,2017,10,22.36760630063253,23.342532933621836,61.73318416970518,12.139420272075238,2017-10-01
1654,1654,24,RN,2017,11,22.570264299282297,23.61268449086629,62.29377868104123,12.2768248354106,2017-11-01
1655,1655,24,RN,2017,12,23.01488780035852,24.03580029130051,63.29999241968,12.341463851373687,2017-12-01
1656,1656,24,RN,2018,1,23.009754412649038,24.043587830344386,65.40254943196277,12.306760549411656,2018-01-01
1657,1657,24,RN,2018,2,22.746833085809843,23.71860454182425,74.95349994737741,12.19233260035818,2018-02-01
1658,1658,24,RN,2018,3,22.88370102566827,23.90246770518706,74.49567064134591,12.033525385742458,2018-03-01
1659,1659,24,RN,2018,4,22.169169453756066,23.136620596925656,81.41279724943423,11.86572763028358,2018-04-01
1660,1660,24,RN,2018,5,21.536267486897955,22.59763793363197,76.09913578147659,11.726960517845392,2018-05-01
1661,1661,24,RN,2018,6,20.202675618002274,21.351567764244155,70.84786580860495,11.658839678970368,2018-06-01
1662,1662,24,RN,2018,7,20.270215390569945,21.34480553804412,65.66160213521302,11.690797479880086,2018-07-01
1663,1663,24,RN,2018,8,20.592986273217527,21.64863573788721,62.44543174447437,11.810305270391158,2018-08-01
1664,1664,24,RN,2018,9,21.111371361281343,22.19452699901101,61.20940668254556,11.972037255692612,2018-09-01
1665,1665,24,RN,2018,10,22.397884985643948,23.462485709290767,60.945551435482734,12.139420272075238,2018-10-01
1666,1666,24,RN,2018,11,22.91160766198012,23.968689429688595,60.79220505217592,12.2768248354106,2018-11-01
1667,1667,24,RN,2018,12,22.60013694682129,23.645636845353444,65.14045136016793,12.341463851373687,2018-12-01
1668,1668,24,RN,2019,1,22.6081787074006,23.599654282615383,67.48038873125371,12.306760549411656,2019-01-01
1669,1669,24,RN,2019,2,22.846177211268728,23.793267072623767,76.01779021025723,12.19233260035818,2019-02-01
1670,1670,24,RN,2019,3,22.530204106832485,23.4314345189773,79.48227834821276,12.033525385742458,2019-03-01
1671,1671,24,RN,2019,4,22.325708326846065,23.231258905528787,81.27691331966194,11.86572763028358,2019-04-01
1672,1672,24,RN,2019,5,21.77726242628387,22.747720847333376,77.08702100518359,11.726960517845392,2019-05-01
1673,1673,24,RN,2019,6,20.71231644282084,21.75497883094285,70.59791830675807,11.658839678970368,2019-06-01
1674,1674,24,RN,2019,7,20.41064393734504,21.42387117795187,71.47915237364862,11.690797479880086,2019-07-01
1675,1675,24,RN,2019,8,20.14712318794733,21.22872509918596,64.6652782986195,11.810305270391158,2019-08-01
1676,1676,24,RN,2019,9,21.098468295114483,22.17960107312231,63.52196637304005,11.972037255692612,2019-09-01
1677,1677,24,RN,2019,10,21.71825165920836,22.75453125502535,60.872903533900185,12.139420272075238,2019-10-01
1678,1678,24,RN,2019,11,22.61887463438297,23.652671175136295,60.476579127816144,12.2768248354106,2019-11-01
1679,1679,24,RN,2019,12,23.055522407323945,24.09910427909204,62.08440379569585,12.341463851373687,2019-12-01
1680,1680,24,RN,2020,1,23.478612112450925,24.44093801709522,70.23313969536042,12.306760549411656,2020-01-01
1681,1681,24,RN,2020,2,23.08668058420197,24.049217863711053,75.98879956598496,12.19233260035818,2020-02-01
1682,1682,24,RN,2020,3,22.762302294048254,23.676027786876787,81.09510567576494,12.033525385742458,2020-03-01
1683,1683,24,RN,2020,4,22.77488815018279,23.66602280744297,81.02688619495628,11.86572763028358,2020-04-01
1684,1684,24,RN,2020,5,22.08649834707849,22.992059911013524,80.95457586414086,11.726960517845392,2020-05-01
1685,1685,24,RN,2020,6,20.845339876924925,21.822345898679632,78.92782493408569,11.658839678970368,2020-06-01
1686,1686,24,RN,2020,7,19.92285877078201,20.87960890202028,73.39319873431808,11.690797479880086,2020-07-01
1687,1687,24,RN,2020,8,20.138967556775665,21.055444560457158,66.33761125387362,11.810305270391158,2020-08-01
1688,1688,24,RN,2020,9,21.192062794234225,22.120037215151,64.79953622418249,11.972037255692612,2020-09-01
1689,1689,24,RN,2020,10,22.075970807590377,22.984401114502308,64.05960303180025,12.139420272075238,2020-10-01
1690,1690,24,RN,2020,11,22.992164362071755,23.87362468780396,65.3192347627438,12.2768248354106,2020-11-01
1691,1691,24,RN,2020,12,22.84090412641691,23.71200766700655,63.18800797885234,12.341463851373687,2020-12-01
1692,1692,24,RN,2021,1,23.341252067039804,24.20455816046759,64.7235455519448,12.306760549411656,2021-01-01
1693,1693,24,RN,2021,2,22.87508756182355,23.73284407290156,70.36426399547489,12.19233260035818,2021-02-01
1694,1694,24,RN,2021,3,22.274251372698583,23.138884560030725,76.0500725231646,12.033525385742458,2021-03-01
1695,1695,24,RN,2021,4,22.151874416983294,23.006976009604937,80.86474971733169,11.86572763028358,2021-04-01
1696,1696,24,RN,2021,5,21.29605822261982,22.16247076727558,80.66800404313403,11.726960517845392,2021-05-01
1697,1697,24,RN,2021,6,20.7883140019552,21.693910630924734,71.91749562170216,11.658839678970368,2021-06-01
1698,1698,24,RN,2021,7,20.934177909322013,21.80988830218611,70.46012858228147,11.690797479880086,2021-07-01
1699,1699,24,RN,2021,8,20.309252212285674,21.239029825021568,69.80835729403364,11.810305270391158,2021-08-01
1700,1700,24,RN,2021,9,20.851701849139857,21.7867341660216,68.37297627340533,11.972037255692612,2021-09-01
1701,1701,24,RN,2021,10,22.27453530532457,23.26803451112184,67.81104359913222,12.139420272075238,2021-10-01
1702,1702,24,RN,2021,11,22.812829800756152,23.842278709716187,67.94224537375445,12.2768248354106,2021-11-01
1703,1703,24,RN,2021,12,23.223629935450457,24.242908312727728,71.38354679717045,12.341463851373687,2021-12-01
1704,1704,24,RN,2022,1,22.652000616986204,23.643299567001723,75.93807178753002,12.306760549411656,2022-01-01
1705,1705,24,RN,2022,2,22.416315786444905,23.40792612380916,74.43362053527702,12.19233260035818,2022-02-01
1706,1706,24,RN,2022,3,22.22006531785947,23.159890149996876,80.96254789246679,12.033525385742458,2022-03-01
1707,1707,24,RN,2022,4,21.975737903693958,22.90696497325174,82.06834989688592,11.86572763028358,2022-04-01
1708,1708,24,RN,2022,5,21.587916577025823,22.530880858959414,84.59999276939129,11.726960517845392,2022-05-01
1709,1709,24,RN,2022,6,20.447721084625183,21.398484394888204,83.81883658220667,11.658839678970368,2022-06-01
1710,1710,24,RN,2022,7,20.09849470583242,21.05070568480408,78.92760063806556,11.690797479880086,2022-07-01
1711,1711,24,RN,2022,8,19.49033089487254,20.53973611128337,70.89008099115883,11.810305270391158,2022-08-01
1712,1712,24,RN,2022,9,20.401138766701823,21.47910077786017,65.15997723638417,11.972037255692612,2022-09-01
1713,1713,24,RN,2022,10,21.671521378595077,22.741524485056985,63.76460389168032,12.139420272075238,2022-10-01
1714,1714,24,RN,2022,11,21.94928367104597,23.025434278156943,69.13776890874622,12.2768248354106,2022-11-01
1715,1715,24,RN,2022,12,21.84766900090377,22.88337746683364,68.98934462725805,12.341463851373687,2022-12-01
1716,1716,25,PB,2010,1,21.11273268861466,22.241196189415746,75.5078478426487,12.362844649253809,2010-01-01
1717,1717,25,PB,2010,2,21.659702621462404,22.79044213927304,72.47889289697113,12.227482285090044,2010-02-01
1718,1718,25,PB,2010,3,21.86756291079759,23.008663117618305,70.1025402340033,12.039650813847722,2010-03-01
1719,1719,25,PB,2010,4,21.64221134941318,22.78392950807808,77.17337387951679,11.841191896803318,2010-04-01
1720,1720,25,PB,2010,5,20.84383447570668,21.97871581107512,72.90679132171017,11.677048151637653,2010-05-01
1721,1721,25,PB,2010,6,19.993411316750475,21.12074957506896,76.06189808866903,11.596456902754293,2010-06-01
1722,1722,25,PB,2010,7,19.0048426714058,20.158004757431296,73.77003519562311,11.634266300930944,2010-07-01
1723,1723,25,PB,2010,8,18.425853104455484,19.612063623657622,68.6224491395844,11.775637738427706,2010-08-01
1724,1724,25,PB,2010,9,19.048039523439737,20.26156530251952,64.8056172939694,11.966928208280985,2010-09-01
1725,1725,25,PB,2010,10,20.710711075534324,21.89428377323932,64.75806468056992,12.164897012832206,2010-10-01
1726,1726,25,PB,2010,11,20.79650521912739,21.971990260022995,62.028175353433696,12.32742982639698,2010-11-01
1727,1727,25,PB,2010,12,20.815362056774667,21.9836664101882,68.87293724204633,12.403902215475624,2010-12-01
1728,1728,25,PB,2011,1,20.616643609452936,21.77720995223869,74.33777664264032,12.362844649253809,2011-01-01
1729,1729,25,PB,2011,2,20.824554682847097,21.96708421383356,76.77148097085312,12.227482285090044,2011-02-01
1730,1730,25,PB,2011,3,20.78919499561581,21.93855482063089,76.92946907064426,12.039650813847722,2011-03-01
1731,1731,25,PB,2011,4,20.614289744766303,21.718925129387237,80.3065890102643,11.841191896803318,2011-04-01
1732,1732,25,PB,2011,5,20.005627837140395,21.13957837313245,83.41821525791146,11.677048151637653,2011-05-01
1733,1733,25,PB,2011,6,19.16703854605043,20.354844469803155,78.40097946942477,11.596456902754293,2011-06-01
1734,1734,25,PB,2011,7,18.642940057301757,19.798863585875072,79.08905162229115,11.634266300930944,2011-07-01
1735,1735,25,PB,2011,8,18.14824531289753,19.3878406605775,72.14751771981786,11.775637738427706,2011-08-01
1736,1736,25,PB,2011,9,18.646369951045745,19.91652513598113,66.29712786995242,11.966928208280985,2011-09-01
1737,1737,25,PB,2011,10,20.208484753399425,21.423744953784038,66.5265179268103,12.164897012832206,2011-10-01
1738,1738,25,PB,2011,11,20.473879238807207,21.70647649351613,66.74156325073699,12.32742982639698,2011-11-01
1739,1739,25,PB,2011,12,20.950596714612978,22.15542299427069,63.56589687837975,12.403902215475624,2011-12-01
1740,1740,25,PB,2012,1,21.104356852933844,22.32683837815578,69.46105000901356,12.362844649253809,2012-01-01
1741,1741,25,PB,2012,2,20.81269433543729,22.013853431761827,71.02563972113323,12.227482285090044,2012-02-01
1742,1742,25,PB,2012,3,20.949225895038893,22.11737571775905,68.9145379228563,12.039650813847722,2012-03-01
1743,1743,25,PB,2012,4,21.065223770540747,22.227689225007243,66.47433864838696,11.841191896803318,2012-04-01
1744,1744,25,PB,2012,5,20.705942197662004,21.877160040183437,67.8276339348432,11.677048151637653,2012-05-01
1745,1745,25,PB,2012,6,19.76775718198585,20.93133260302123,72.28322086305718,11.596456902754293,2012-06-01
1746,1746,25,PB,2012,7,18.83221714503165,20.04853913891976,71.29651374049871,11.634266300930944,2012-07-01
1747,1747,25,PB,2012,8,18.50453972647474,19.727509518185627,65.2585040699051,11.775637738427706,2012-08-01
1748,1748,25,PB,2012,9,19.10637157137975,20.322683144043378,60.95636703422785,11.966928208280985,2012-09-01
1749,1749,25,PB,2012,10,20.215702370177745,21.436659758987325,61.68215255814559,12.164897012832206,2012-10-01
1750,1750,25,PB,2012,11,20.95949596154137,22.15483672365836,60.80733779656335,12.32742982639698,2012-11-01
1751,1751,25,PB,2012,12,21.70570013668988,22.917732872804997,61.57804443224732,12.403902215475624,2012-12-01
1752,1752,25,PB,2013,1,21.893618737773544,23.06869323440214,64.8507586837453,12.362844649253809,2013-01-01
1753,1753,25,PB,2013,2,21.88350317739356,23.079842438230447,63.50022537688427,12.227482285090044,2013-02-01
1754,1754,25,PB,2013,3,22.3727052383169,23.55044969194242,65.61849890220154,12.039650813847722,2013-03-01
1755,1755,25,PB,2013,4,21.85446780308836,22.975940655307745,71.48000463306101,11.841191896803318,2013-04-01
1756,1756,25,PB,2013,5,20.86278393719349,21.993769082977543,74.48351295732752,11.677048151637653,2013-05-01
1757,1757,25,PB,2013,6,20.076157811226157,21.226455641576887,75.98061611990936,11.596456902754293,2013-06-01
1758,1758,25,PB,2013,7,19.1492393160632,20.3330456654932,74.1118865038644,11.634266300930944,2013-07-01
1759,1759,25,PB,2013,8,19.269628391516942,20.47602697345122,68.49823490928055,11.775637738427706,2013-08-01
1760,1760,25,PB,2013,9,19.64744257435136,20.860993894654005,65.80133198337526,11.966928208280985,2013-09-01
1761,1761,25,PB,2013,10,20.67798151653306,21.88714032509074,63.76056438166275,12.164897012832206,2013-10-01
1762,1762,25,PB,2013,11,20.911824320178752,22.09873232306921,64.99558198298752,12.32742982639698,2013-11-01
1763,1763,25,PB,2013,12,21.335848108725077,22.514145129499155,65.67570935015773,12.403902215475624,2013-12-01
1764,1764,25,PB,2014,1,21.150076613280667,22.337896577980487,64.96729026495349,12.362844649253809,2014-01-01
1765,1765,25,PB,2014,2,21.27041231921512,22.41916185735816,71.65889183303472,12.227482285090044,2014-02-01
1766,1766,25,PB,2014,3,21.391832485223805,22.51087686402674,73.93387399808933,12.039650813847722,2014-03-01
1767,1767,25,PB,2014,4,21.5311418584644,22.62182777900867,75.73648390491982,11.841191896803318,2014-04-01
1768,1768,25,PB,2014,5,20.397586302424106,21.501482260135813,77.1846161628104,11.677048151637653,2014-05-01
1769,1769,25,PB,2014,6,19.469047505616786,20.604197742764367,74.68263770247432,11.596456902754293,2014-06-01
1770,1770,25,PB,2014,7,18.84206518332968,20.019684791702893,71.38843030804027,11.634266300930944,2014-07-01
1771,1771,25,PB,2014,8,18.63713900763237,19.841096279194502,66.95309902827405,11.775637738427706,2014-08-01
1772,1772,25,PB,2014,9,19.684341410849303,20.888791917364696,66.68353344186005,11.966928208280985,2014-09-01
1773,1773,25,PB,2014,10,20.37676662517908,21.592471833065588,65.44935936847092,12.164897012832206,2014-10-01
1774,1774,25,PB,2014,11,20.818255209103118,22.01572268903701,63.782456234075205,12.32742982639698,2014-11-01
1775,1775,25,PB,2014,12,21.08316634316253,22.27879970538949,63.325197462371335,12.403902215475624,2014-12-01
1776,1776,25,PB,2015,1,21.11999480817109,22.308675066565662,63.28189620353647,12.362844649253809,2015-01-01
1777,1777,25,PB,2015,2,21.436053937096997,22.62467873027736,66.84339214547333,12.227482285090044,2015-02-01
1778,1778,25,PB,2015,3,21.308778677837868,22.442542602956237,72.10733246441154,12.039650813847722,2015-03-01
1779,1779,25,PB,2015,4,21.27865025501793,22.399959577323788,71.034155100094,11.841191896803318,2015-04-01
1780,1780,25,PB,2015,5,21.066609958034512,22.20416252536848,68.41098412649342,11.677048151637653,2015-05-01
1781,1781,25,PB,2015,6,19.862834808537777,21.013761072771786,73.3601026133037,11.596456902754293,2015-06-01
1782,1782,25,PB,2015,7,19.59659254969968,20.756642216627668,75.99794912703834,11.634266300930944,2015-07-01
1783,1783,25,PB,2015,8,18.78784844886717,19.99981196599536,67.84031902496987,11.775637738427706,2015-08-01
1784,1784,25,PB,2015,9,19.829724457374425,21.037596882191476,63.65884747640612,11.966928208280985,2015-09-01
1785,1785,25,PB,2015,10,20.37774933572618,21.582212172212603,61.44388964440704,12.164897012832206,2015-10-01
1786,1786,25,PB,2015,11,20.788777514459127,21.988046014041643,58.95689816724381,12.32742982639698,2015-11-01
1787,1787,25,PB,2015,12,21.23326141989802,22.443810822873008,63.12096363422444,12.403902215475624,2015-12-01
1788,1788,25,PB,2016,1,21.577967391144465,22.72934826889932,76.81832975908763,12.362844649253809,2016-01-01
1789,1789,25,PB,2016,2,21.01722771730271,22.14956153856652,72.46009309402072,12.227482285090044,2016-02-01
1790,1790,25,PB,2016,3,21.78097141066664,22.893317362894187,72.20479168996062,12.039650813847722,2016-03-01
1791,1791,25,PB,2016,4,21.35767594025274,22.469779717940032,75.0994258031004,11.841191896803318,2016-04-01
1792,1792,25,PB,2016,5,20.566339153155702,21.702382435213032,73.9169211898753,11.677048151637653,2016-05-01
1793,1793,25,PB,2016,6,19.69474889501506,20.869277221240623,70.52417996724446,11.596456902754293,2016-06-01
1794,1794,25,PB,2016,7,19.01952511685191,20.20184810196424,65.91644550876957,11.634266300930944,2016-07-01
1795,1795,25,PB,2016,8,19.08313995109149,20.28267568212747,62.24525483444702,11.775637738427706,2016-08-01
1796,1796,25,PB,2016,9,20.19537524378709,21.38362056863326,61.54388149415431,11.966928208280985,2016-09-01
1797,1797,25,PB,2016,10,21.003053222329576,22.201368935043,59.25178742874346,12.164897012832206,2016-10-01
1798,1798,25,PB,2016,11,21.50919772862319,22.71283334181804,59.99449127094628,12.32742982639698,2016-11-01
1799,1799,25,PB,2016,12,21.822047136324144,23.012057447992188,61.81680936687817,12.403902215475624,2016-12-01
1800,1800,25,PB,2017,1,21.779878686137607,22.971790150659363,63.66244483659707,12.362844649253809,2017-01-01
1801,1801,25,PB,2017,2,21.681539084344703,22.801825677332857,68.1564679845337,12.227482285090044,2017-02-01
1802,1802,25,PB,2017,3,21.75186116778521,22.85352473049972,74.14632055546636,12.039650813847722,2017-03-01
1803,1803,25,PB,2017,4,21.426119132961396,22.530528440888865,74.28882725634384,11.841191896803318,2017-04-01
1804,1804,25,PB,2017,5,21.09484257857396,22.198066068009464,74.10678956506221,11.677048151637653,2017-05-01
1805,1805,25,PB,2017,6,20.17890565470195,21.300170291165067,75.0521853448386,11.596456902754293,2017-06-01
1806,1806,25,PB,2017,7,18.967150181329288,20.15648187957106,75.53710696412016,11.634266300930944,2017-07-01
1807,1807,25,PB,2017,8,19.04404076146231,20.251090758274145,67.3494815238733,11.775637738427706,2017-08-01
1808,1808,25,PB,2017,9,19.51045141362645,20.755483252549563,63.80658735779903,11.966928208280985,2017-09-01
1809,1809,25,PB,2017,10,20.750270108212337,22.01408939452622,62.06978674554349,12.164897012832206,2017-10-01
1810,1810,25,PB,2017,11,21.393692144328348,22.63667263236281,60.546790739666726,12.32742982639698,2017-11-01
1811,1811,25,PB,2017,12,22.08846448641445,23.283325284430628,60.68198777348747,12.403902215475624,2017-12-01
1812,1812,25,PB,2018,1,21.78766244236888,22.96667021910465,66.09990242795698,12.362844649253809,2018-01-01
1813,1813,25,PB,2018,2,21.70261873700999,22.83159422126052,73.49669256033155,12.227482285090044,2018-02-01
1814,1814,25,PB,2018,3,21.718608753425624,22.85330716887311,74.83490370379745,12.039650813847722,2018-03-01
1815,1815,25,PB,2018,4,20.972599839095043,22.076039679773896,81.96923234309494,11.841191896803318,2018-04-01
1816,1816,25,PB,2018,5,20.012755203467798,21.12859808420904,76.41870496725875,11.677048151637653,2018-05-01
1817,1817,25,PB,2018,6,18.72353205417125,19.912545050063656,71.54346181473211,11.596456902754293,2018-06-01
1818,1818,25,PB,2018,7,18.841790755371377,20.056761711150404,67.18902940334881,11.634266300930944,2018-07-01
1819,1819,25,PB,2018,8,19.173706758389613,20.36921650260088,62.67967913117334,11.775637738427706,2018-08-01
1820,1820,25,PB,2018,9,19.94949498140937,21.127449060163517,61.3307006288537,11.966928208280985,2018-09-01
1821,1821,25,PB,2018,10,21.286548603189743,22.50024388899735,60.36294676235645,12.164897012832206,2018-10-01
1822,1822,25,PB,2018,11,21.823144415782707,23.01242053284239,60.56258091890937,12.32742982639698,2018-11-01
1823,1823,25,PB,2018,12,21.487040861977626,22.688087115183627,64.88581971199282,12.403902215475624,2018-12-01
1824,1824,25,PB,2019,1,21.5581365931867,22.71427026713065,66.87577943320422,12.362844649253809,2019-01-01
1825,1825,25,PB,2019,2,21.909327582469896,23.01974698505976,74.73887522781146,12.227482285090044,2019-02-01
1826,1826,25,PB,2019,3,21.72234054889897,22.81420675918092,76.32520182722818,12.039650813847722,2019-03-01
1827,1827,25,PB,2019,4,21.66672542440873,22.75417466812248,79.00524018063851,11.841191896803318,2019-04-01
1828,1828,25,PB,2019,5,20.91795371938645,22.02299797905693,76.02267839400585,11.677048151637653,2019-05-01
1829,1829,25,PB,2019,6,19.58065604308261,20.72041094285312,72.64175683664456,11.596456902754293,2019-06-01
1830,1830,25,PB,2019,7,19.18910119641488,20.31252633661364,75.00906698027448,11.634266300930944,2019-07-01
1831,1831,25,PB,2019,8,18.59302867567696,19.77353089717609,69.14573227484941,11.775637738427706,2019-08-01
1832,1832,25,PB,2019,9,19.798872384754176,20.97457968108857,64.87169885963246,11.966928208280985,2019-09-01
1833,1833,25,PB,2019,10,20.54904360366285,21.727847409286287,60.829663275430775,12.164897012832206,2019-10-01
1834,1834,25,PB,2019,11,21.41096261998107,22.601063885710165,58.72273049689552,12.32742982639698,2019-11-01
1835,1835,25,PB,2019,12,21.843467566171363,23.049637478994388,59.63638843131896,12.403902215475624,2019-12-01
1836,1836,25,PB,2020,1,22.28891473442088,23.438745509417625,68.10792981134936,12.362844649253809,2020-01-01
1837,1837,25,PB,2020,2,22.16540190851705,23.304935780636253,73.01846627759956,12.227482285090044,2020-02-01
1838,1838,25,PB,2020,3,21.77872911748744,22.90226181209061,79.13760247679569,12.039650813847722,2020-03-01
1839,1839,25,PB,2020,4,21.613823197882272,22.714726299804777,79.52291430372115,11.841191896803318,2020-04-01
1840,1840,25,PB,2020,5,20.76149020021876,21.87723666770093,80.33292898903461,11.677048151637653,2020-05-01
1841,1841,25,PB,2020,6,19.355777209328963,20.511036085405337,79.13753890592065,11.596456902754293,2020-06-01
1842,1842,25,PB,2020,7,18.37245343187758,19.589573983912977,73.51942329732309,11.634266300930944,2020-07-01
1843,1843,25,PB,2020,8,18.6046925308424,19.80533457526625,65.62498447744335,11.775637738427706,2020-08-01
1844,1844,25,PB,2020,9,19.564512130782923,20.791319349599707,64.0181012864961,11.966928208280985,2020-09-01
1845,1845,25,PB,2020,10,20.804559748475917,21.968157022333557,61.79403252631284,12.164897012832206,2020-10-01
1846,1846,25,PB,2020,11,21.67396520149904,22.838722162574573,65.53924651837313,12.32742982639698,2020-11-01
1847,1847,25,PB,2020,12,21.605000970195658,22.75652275709,63.38347152551039,12.403902215475624,2020-12-01
1848,1848,25,PB,2021,1,22.04308342240437,23.195764655023964,64.83620321879972,12.362844649253809,2021-01-01
1849,1849,25,PB,2021,2,21.70633160586849,22.799685256134463,70.07808596044684,12.227482285090044,2021-02-01
1850,1850,25,PB,2021,3,21.214540627522457,22.275648867533864,74.60307586594875,12.039650813847722,2021-03-01
1851,1851,25,PB,2021,4,21.012440327072717,22.095689755027784,79.45690767148507,11.841191896803318,2021-04-01
1852,1852,25,PB,2021,5,20.07843307694874,21.170344998207792,80.72535831932048,11.677048151637653,2021-05-01
1853,1853,25,PB,2021,6,19.17100202606041,20.31562985276249,74.09258986617061,11.596456902754293,2021-06-01
1854,1854,25,PB,2021,7,19.27340345480637,20.438406158352358,74.85326880586486,11.634266300930944,2021-07-01
1855,1855,25,PB,2021,8,19.08383586778148,20.21319924755585,74.3164752461916,11.775637738427706,2021-08-01
1856,1856,25,PB,2021,9,20.09214459420676,21.212585366538462,69.86422712100817,11.966928208280985,2021-09-01
1857,1857,25,PB,2021,10,21.22190163591811,22.335147454289235,68.00742195181266,12.164897012832206,2021-10-01
1858,1858,25,PB,2021,11,21.786149774788026,22.915415486163266,67.08959631242739,12.32742982639698,2021-11-01
1859,1859,25,PB,2021,12,22.30322756340306,23.4054869217654,69.66994268725547,12.403902215475624,2021-12-01
1860,1860,25,PB,2022,1,21.548020319950385,22.61520150117172,75.54651586664201,12.362844649253809,2022-01-01
1861,1861,25,PB,2022,2,21.812191166838037,22.89644675771064,72.40192951505418,12.227482285090044,2022-02-01
1862,1862,25,PB,2022,3,21.681602306136963,22.743249471877707,78.98718279156104,12.039650813847722,2022-03-01
1863,1863,25,PB,2022,4,21.370677625259837,22.427437003952505,79.73513933931586,11.841191896803318,2022-04-01
1864,1864,25,PB,2022,5,20.86725986653983,21.931668493314195,82.732149403088,11.677048151637653,2022-05-01
1865,1865,25,PB,2022,6,19.671105942063267,20.753541738570004,83.40851813346282,11.596456902754293,2022-06-01
1866,1866,25,PB,2022,7,18.917042260712837,20.02916200795913,79.3185178496533,11.634266300930944,2022-07-01
1867,1867,25,PB,2022,8,18.34099955650516,19.511490559450337,72.99589810012029,11.775637738427706,2022-08-01
1868,1868,25,PB,2022,9,19.40079207185138,20.60766562802553,67.93992857426984,11.966928208280985,2022-09-01
1869,1869,25,PB,2022,10,20.76934686832105,21.94917294631797,65.50608030187054,12.164897012832206,2022-10-01
1870,1870,25,PB,2022,11,21.26875493145132,22.408967139296823,72.47318470645557,12.32742982639698,2022-11-01
1871,1871,25,PB,2022,12,21.071302200801878,22.19192757917592,70.4343947966951,12.403902215475624,2022-12-01
1872,1872,26,PE,2010,1,20.55617544059165,21.924108772090573,75.76332218951296,12.423048183488495,2010-01-01
1873,1873,26,PE,2010,2,21.270991426447164,22.65092065652705,72.6560576287856,12.265205219483468,2010-02-01
1874,1874,26,PE,2010,3,21.3030983983718,22.701495669165634,70.0876608597112,12.046223758840416,2010-03-01
1875,1875,26,PE,2010,4,21.08859433592229,22.44105062795722,78.06250226532202,11.81486188817078,2010-04-01
1876,1876,26,PE,2010,5,20.223452622726622,21.586154575936423,75.53720697213022,11.62347373195581,2010-05-01
1877,1877,26,PE,2010,6,19.53057070987812,20.87426042211229,80.921122709219,11.529486228908327,2010-06-01
1878,1878,26,PE,2010,7,18.468695458322557,19.80573642772177,79.58344026902616,11.573582467662913,2010-07-01
1879,1879,26,PE,2010,8,17.6954208806387,19.040199510680008,75.73472244441928,11.7384322969614,2010-08-01
1880,1880,26,PE,2010,9,18.259480996581093,19.660723756016164,71.21069940691409,11.961445917791565,2010-09-01
1881,1881,26,PE,2010,10,19.98145645346916,21.408151426455756,68.2842111821596,12.192237043349271,2010-10-01
1882,1882,26,PE,2010,11,20.10230687217436,21.5512339308642,63.51194192499355,12.381748088622013,2010-11-01
1883,1883,26,PE,2010,12,20.525089807965145,21.95218022608657,68.5767874510392,12.470932618183223,2010-12-01
1884,1884,26,PE,2011,1,20.37212740873388,21.764511327756907,72.6401373908697,12.423048183488495,2011-01-01
1885,1885,26,PE,2011,2,20.595676494311103,21.996544106776668,73.63042153704981,12.265205219483468,2011-02-01
1886,1886,26,PE,2011,3,20.534130848641148,21.94428822235172,74.11796535649775,12.046223758840416,2011-03-01
1887,1887,26,PE,2011,4,20.47601619941601,21.818928813588798,79.12813635287078,11.81486188817078,2011-04-01
1888,1888,26,PE,2011,5,19.949719159666653,21.297031081408303,84.11135519838267,11.62347373195581,2011-05-01
1889,1889,26,PE,2011,6,18.783997308171312,20.13984222999517,80.48792425722316,11.529486228908327,2011-06-01
1890,1890,26,PE,2011,7,18.02165690244164,19.372183756942,81.7240495976024,11.573582467662913,2011-07-01
1891,1891,26,PE,2011,8,17.580245166473603,18.97005230798628,75.25882634340796,11.7384322969614,2011-08-01
1892,1892,26,PE,2011,9,18.004198297210362,19.424180086972054,72.16143108105314,11.961445917791565,2011-09-01
1893,1893,26,PE,2011,10,19.51238227124636,20.93535894280898,69.15986440626467,12.192237043349271,2011-10-01
1894,1894,26,PE,2011,11,19.940236339189006,21.37057452754698,69.03416834153991,12.381748088622013,2011-11-01
1895,1895,26,PE,2011,12,20.27791917574857,21.765567472572915,64.0805826815783,12.470932618183223,2011-12-01
1896,1896,26,PE,2012,1,20.415518494842765,21.832006863758576,69.25365639067297,12.423048183488495,2012-01-01
1897,1897,26,PE,2012,2,20.19033368059184,21.590392046246397,70.1232449532985,12.265205219483468,2012-02-01
1898,1898,26,PE,2012,3,20.184957353463517,21.56687550156849,67.92698798774838,12.046223758840416,2012-03-01
1899,1899,26,PE,2012,4,19.9706367722456,21.35113424650137,66.9263523682304,11.81486188817078,2012-04-01
1900,1900,26,PE,2012,5,19.72241636797221,21.056218417128875,69.32338529148075,11.62347373195581,2012-05-01
1901,1901,26,PE,2012,6,19.064358229740805,20.396576977812725,74.75497146965802,11.529486228908327,2012-06-01
1902,1902,26,PE,2012,7,18.10556417912621,19.455915769387094,76.83586433592552,11.573582467662913,2012-07-01
1903,1903,26,PE,2012,8,17.568498529692352,18.938631068606863,73.15749579492491,11.7384322969614,2012-08-01
1904,1904,26,PE,2012,9,18.116030272193576,19.539358934284984,66.06514928893766,11.961445917791565,2012-09-01
1905,1905,26,PE,2012,10,19.285266780251373,20.701931920492967,65.24417812794154,12.192237043349271,2012-10-01
1906,1906,26,PE,2012,11,20.4841016261474,21.947970368896705,61.63306724886964,12.381748088622013,2012-11-01
1907,1907,26,PE,2012,12,20.966745694924203,22.409284592677967,62.80324846631515,12.470932618183223,2012-12-01
1908,1908,26,PE,2013,1,21.085328069007414,22.50776691724341,66.0459781060881,12.423048183488495,2013-01-01
1909,1909,26,PE,2013,2,21.130931373338523,22.567359665535992,63.07624132292611,12.265205219483468,2013-02-01
1910,1910,26,PE,2013,3,21.590319310130777,23.053541026309365,64.97468232038479,12.046223758840416,2013-03-01
1911,1911,26,PE,2013,4,21.015260576165243,22.41849100416985,70.78571950732798,11.81486188817078,2013-04-01
1912,1912,26,PE,2013,5,20.08814841600822,21.44251192870013,76.5975358803844,11.62347373195581,2013-05-01
1913,1913,26,PE,2013,6,19.388102995658265,20.73635324982629,78.27149642654088,11.529486228908327,2013-06-01
1914,1914,26,PE,2013,7,18.501112949798017,19.86032730901057,79.12896836857308,11.573582467662913,2013-07-01
1915,1915,26,PE,2013,8,18.35753766801548,19.741936677803,75.46190556637201,11.7384322969614,2013-08-01
1916,1916,26,PE,2013,9,18.773856083033746,20.18793208702751,70.21647638168888,11.961445917791565,2013-09-01
1917,1917,26,PE,2013,10,19.63783198419493,21.066011512764373,67.15651002405068,12.192237043349271,2013-10-01
1918,1918,26,PE,2013,11,20.118960716586184,21.582781436132347,66.54877786636352,12.381748088622013,2013-11-01
1919,1919,26,PE,2013,12,20.622526453052966,22.075391760380707,66.51340540261289,12.470932618183223,2013-12-01
1920,1920,26,PE,2014,1,20.374791035645472,21.79725686263236,65.59171295433525,12.423048183488495,2014-01-01
1921,1921,26,PE,2014,2,20.372158301357896,21.77779937938133,71.21366753489335,12.265205219483468,2014-02-01
1922,1922,26,PE,2014,3,20.765156379755886,22.17386959746041,71.5301941648272,12.046223758840416,2014-03-01
1923,1923,26,PE,2014,4,20.73803751537765,22.120357054558355,74.41853479717089,11.81486188817078,2014-04-01
1924,1924,26,PE,2014,5,19.70657244270346,21.053421457051225,79.45765715126905,11.62347373195581,2014-05-01
1925,1925,26,PE,2014,6,18.75179495828739,20.125490334759583,77.33158555445463,11.529486228908327,2014-06-01
1926,1926,26,PE,2014,7,18.06583297904712,19.46365046451001,75.5835647134928,11.573582467662913,2014-07-01
1927,1927,26,PE,2014,8,17.784987999212525,19.154440388773136,73.78222178610311,11.7384322969614,2014-08-01
1928,1928,26,PE,2014,9,18.731672003994817,20.12484015416408,71.32875314035277,11.961445917791565,2014-09-01
1929,1929,26,PE,2014,10,19.53145013785128,20.95119385565481,70.92100256923874,12.192237043349271,2014-10-01
1930,1930,26,PE,2014,11,19.991863509710285,21.440140390050583,67.44299376114556,12.381748088622013,2014-11-01
1931,1931,26,PE,2014,12,20.22330433473012,21.64125634209471,67.09333034852445,12.470932618183223,2014-12-01
1932,1932,26,PE,2015,1,20.328297423447,21.742176092690872,65.07949379550458,12.423048183488495,2015-01-01
1933,1933,26,PE,2015,2,20.734124406894544,22.186190123883836,67.66097328603638,12.265205219483468,2015-02-01
1934,1934,26,PE,2015,3,20.696685560956745,22.145744201678884,70.61665783824627,12.046223758840416,2015-03-01
1935,1935,26,PE,2015,4,20.643089996904568,22.07277957391048,68.12600250105926,11.81486188817078,2015-04-01
1936,1936,26,PE,2015,5,20.303709036839127,21.65381943226529,71.40170999462775,11.62347373195581,2015-05-01
1937,1937,26,PE,2015,6,19.30709405463675,20.61909075508947,77.89257913672407,11.529486228908327,2015-06-01
1938,1938,26,PE,2015,7,18.90642035893605,20.21038167172361,79.63701828398845,11.573582467662913,2015-07-01
1939,1939,26,PE,2015,8,18.010401645850333,19.4004919229684,72.29134683020486,11.7384322969614,2015-08-01
1940,1940,26,PE,2015,9,18.86710848894672,20.267275354482127,65.7400811686032,11.961445917791565,2015-09-01
1941,1941,26,PE,2015,10,19.824933117268632,21.23555790725965,63.19004683675138,12.192237043349271,2015-10-01
1942,1942,26,PE,2015,11,20.38662772938825,21.86446442845939,58.89279155040133,12.381748088622013,2015-11-01
1943,1943,26,PE,2015,12,20.86498850759584,22.307030029417252,63.83110971704941,12.470932618183223,2015-12-01
1944,1944,26,PE,2016,1,21.09532343873135,22.48995446322844,75.28556347227698,12.423048183488495,2016-01-01
1945,1945,26,PE,2016,2,20.48801704807796,21.88841329771897,72.06066023070237,12.265205219483468,2016-02-01
1946,1946,26,PE,2016,3,21.2758613946896,22.639647979388567,71.18068308649691,12.046223758840416,2016-03-01
1947,1947,26,PE,2016,4,20.926415461906487,22.27902033190796,73.07086761792502,11.81486188817078,2016-04-01
1948,1948,26,PE,2016,5,20.080266871258388,21.416113814331204,75.51047544827134,11.62347373195581,2016-05-01
1949,1949,26,PE,2016,6,18.839316519965298,20.183979967193327,74.90005549278813,11.529486228908327,2016-06-01
1950,1950,26,PE,2016,7,17.983549624974064,19.32562268616274,72.40988981773944,11.573582467662913,2016-07-01
1951,1951,26,PE,2016,8,17.996855789280875,19.32023400377592,67.9584151892642,11.7384322969614,2016-08-01
1952,1952,26,PE,2016,9,19.19232080172801,20.55864595036576,66.01523433699124,11.961445917791565,2016-09-01
1953,1953,26,PE,2016,10,20.170999516277128,21.551455529842936,62.66597144265997,12.192237043349271,2016-10-01
1954,1954,26,PE,2016,11,20.8078030568966,22.18349541477535,62.18328737383303,12.381748088622013,2016-11-01
1955,1955,26,PE,2016,12,21.0572086741513,22.4467881240818,63.3698237280023,12.470932618183223,2016-12-01
1956,1956,26,PE,2017,1,21.19289040983476,22.581557526996395,64.42766293502957,12.423048183488495,2017-01-01
1957,1957,26,PE,2017,2,21.302243027998053,22.669719417272887,65.8698582330846,12.265205219483468,2017-02-01
1958,1958,26,PE,2017,3,21.528455132020305,22.8895256536037,68.34776937209206,12.046223758840416,2017-03-01
1959,1959,26,PE,2017,4,21.175001305428104,22.506469265619916,73.52478450346685,11.81486188817078,2017-04-01
1960,1960,26,PE,2017,5,20.56693631235045,21.863070034880455,76.97631537997873,11.62347373195581,2017-05-01
1961,1961,26,PE,2017,6,19.545510830741,20.81746748150259,81.34523026701333,11.529486228908327,2017-06-01
1962,1962,26,PE,2017,7,18.016169325833904,19.320774850470823,81.7022257687166,11.573582467662913,2017-07-01
1963,1963,26,PE,2017,8,17.993061116166405,19.31681234739606,75.97981065386308,11.7384322969614,2017-08-01
1964,1964,26,PE,2017,9,18.27674162612445,19.605164574885716,72.87944562262383,11.961445917791565,2017-09-01
1965,1965,26,PE,2017,10,19.47002040587501,20.813826763278804,67.91593705922324,12.192237043349271,2017-10-01
1966,1966,26,PE,2017,11,20.2813067999439,21.69017055587492,63.59414192904597,12.381748088622013,2017-11-01
1967,1967,26,PE,2017,12,21.028648834910665,22.401659230530512,64.07303178862135,12.470932618183223,2017-12-01
1968,1968,26,PE,2018,1,20.80795570877792,22.202012976289296,69.54103356022988,12.423048183488495,2018-01-01
1969,1969,26,PE,2018,2,20.89020832799236,22.264005675819348,74.31957091752047,12.265205219483468,2018-02-01
1970,1970,26,PE,2018,3,20.76430847919004,22.13811586949802,74.87786512321377,12.046223758840416,2018-03-01
1971,1971,26,PE,2018,4,20.151062405627705,21.47367866713068,81.27834567263506,11.81486188817078,2018-04-01
1972,1972,26,PE,2018,5,19.38149295047156,20.730746449293964,78.19444149573755,11.62347373195581,2018-05-01
1973,1973,26,PE,2018,6,18.011269747174307,19.43748238449512,75.84784631176271,11.529486228908327,2018-06-01
1974,1974,26,PE,2018,7,17.657884389956234,19.020563854241605,74.00504654553963,11.573582467662913,2018-07-01
1975,1975,26,PE,2018,8,17.974155015229847,19.340464389842488,68.79888557217399,11.7384322969614,2018-08-01
1976,1976,26,PE,2018,9,18.896344773492952,20.255990121675573,67.1618777634441,11.961445917791565,2018-09-01
1977,1977,26,PE,2018,10,20.19184714865049,21.594121520683107,63.70034326711176,12.192237043349271,2018-10-01
1978,1978,26,PE,2018,11,20.806816942104398,22.172665333056795,64.35513413056084,12.381748088622013,2018-11-01
1979,1979,26,PE,2018,12,20.44904605369247,21.88703969986208,68.63023729645353,12.470932618183223,2018-12-01
1980,1980,26,PE,2019,1,20.71142090637587,22.15464596193268,69.8700360175102,12.423048183488495,2019-01-01
1981,1981,26,PE,2019,2,21.439232982093504,22.808883812856973,72.93689057915847,12.265205219483468,2019-02-01
1982,1982,26,PE,2019,3,21.24331957595044,22.616013911796987,74.50256477465636,12.046223758840416,2019-03-01
1983,1983,26,PE,2019,4,20.975528571916666,22.327243346062257,77.22090709243996,11.81486188817078,2019-04-01
1984,1984,26,PE,2019,5,20.16661759813905,21.546736479474315,75.17257364936496,11.62347373195581,2019-05-01
1985,1985,26,PE,2019,6,18.88605185608933,20.2507995572643,76.67921528539796,11.529486228908327,2019-06-01
1986,1986,26,PE,2019,7,18.337344739246504,19.658433896294817,79.75212740530306,11.573582467662913,2019-07-01
1987,1987,26,PE,2019,8,17.68430644934174,19.049309467199308,75.75114475961821,11.7384322969614,2019-08-01
1988,1988,26,PE,2019,9,18.76860512961512,20.083516775525137,70.6123050040093,11.961445917791565,2019-09-01
1989,1989,26,PE,2019,10,19.57180903703601,20.886955215419327,65.70400879058731,12.192237043349271,2019-10-01
1990,1990,26,PE,2019,11,20.322096111463463,21.704613788577092,61.77813975430917,12.381748088622013,2019-11-01
1991,1991,26,PE,2019,12,20.6796401366278,22.057514899910583,62.328127455744806,12.470932618183223,2019-12-01
1992,1992,26,PE,2020,1,21.218194882632307,22.58937162269549,68.71996853963523,12.423048183488495,2020-01-01
1993,1993,26,PE,2020,2,21.418777363947303,22.75382764335873,73.2527360801754,12.265205219483468,2020-02-01
1994,1994,26,PE,2020,3,21.23349799915918,22.552515286382757,78.38511398029195,12.046223758840416,2020-03-01
1995,1995,26,PE,2020,4,20.84340952928516,22.14574490215467,80.3770747716876,11.81486188817078,2020-04-01
1996,1996,26,PE,2020,5,20.1432426599433,21.452694532580328,82.49431604757216,11.62347373195581,2020-05-01
1997,1997,26,PE,2020,6,18.788876712322235,20.12605536813321,81.07119738468225,11.529486228908327,2020-06-01
1998,1998,26,PE,2020,7,17.50483512042448,18.893097733548444,77.06640761229633,11.573582467662913,2020-07-01
1999,1999,26,PE,2020,8,17.45317602124154,18.83264775045457,71.6912307652317,11.7384322969614,2020-08-01
2000,2000,26,PE,2020,9,18.339075034597645,19.73064407386641,68.26788499735405,11.961445917791565,2020-09-01
2001,2001,26,PE,2020,10,19.79465346048791,21.19315857639821,65.24118662549269,12.192237043349271,2020-10-01
2002,2002,26,PE,2020,11,20.55198783978172,21.899837148362312,68.95223706701528,12.381748088622013,2020-11-01
2003,2003,26,PE,2020,12,20.55733198236784,21.952163765172973,66.42219915363263,12.470932618183223,2020-12-01
2004,2004,26,PE,2021,1,20.727366719974874,22.088840228478,68.42647395729183,12.423048183488495,2021-01-01
2005,2005,26,PE,2021,2,20.719873597533063,22.092952758999346,70.43588434243054,12.265205219483468,2021-02-01
2006,2006,26,PE,2021,3,20.48762520232341,21.843386470184758,73.83815482555566,12.046223758840416,2021-03-01
2007,2007,26,PE,2021,4,20.28003586617069,21.63774927007979,79.3591663747594,11.81486188817078,2021-04-01
2008,2008,26,PE,2021,5,19.368356095791533,20.70543449740925,82.21406029785499,11.62347373195581,2021-05-01
2009,2009,26,PE,2021,6,18.31081089489702,19.65332874353381,79.37908923245858,11.529486228908327,2021-06-01
2010,2010,26,PE,2021,7,18.153301242524744,19.484360247641423,80.41695221410059,11.573582467662913,2021-07-01
2011,2011,26,PE,2021,8,18.13522063866571,19.433561054553422,78.1952968660277,11.7384322969614,2021-08-01
2012,2012,26,PE,2021,9,19.148235712880677,20.466904459828918,72.90237226209778,11.961445917791565,2021-09-01
2013,2013,26,PE,2021,10,20.32249226075235,21.6355635581478,69.96386622379404,12.192237043349271,2021-10-01
2014,2014,26,PE,2021,11,21.26578459687855,22.614002346819724,68.5858861349631,12.381748088622013,2021-11-01
2015,2015,26,PE,2021,12,21.399487880637235,22.732506426654723,71.76560546907102,12.470932618183223,2021-12-01
2016,2016,26,PE,2022,1,20.84009153077178,22.1702277215634,75.98805335928982,12.423048183488495,2022-01-01
2017,2017,26,PE,2022,2,21.061732317349925,22.42641393590418,70.39947189603534,12.265205219483468,2022-02-01
2018,2018,26,PE,2022,3,21.03108776067116,22.38140487871531,78.1329664963325,12.046223758840416,2022-03-01
2019,2019,26,PE,2022,4,20.65542789023856,21.9967615061912,78.17161953829337,11.81486188817078,2022-04-01
2020,2020,26,PE,2022,5,20.226769423250733,21.55511237127082,81.89370562819579,11.62347373195581,2022-05-01
2021,2021,26,PE,2022,6,19.09470756364905,20.387536414982616,84.9306794145833,11.529486228908327,2022-06-01
2022,2022,26,PE,2022,7,18.34763073369464,19.641553254649143,82.6706166548281,11.573582467662913,2022-07-01
2023,2023,26,PE,2022,8,17.664621359168397,18.994639193025243,78.58129760694035,11.7384322969614,2022-08-01
2024,2024,26,PE,2022,9,18.16830294685088,19.52852729541668,72.98872124837793,11.961445917791565,2022-09-01
2025,2025,26,PE,2022,10,19.594449889609724,20.945000726243723,69.42213662710631,12.192237043349271,2022-10-01
2026,2026,26,PE,2022,11,20.335742071054984,21.683465991158418,75.16350970337356,12.381748088622013,2022-11-01
2027,2027,26,PE,2022,12,20.088406101015472,21.477098654563765,72.8675543636627,12.470932618183223,2022-12-01
2028,2028,27,AL,2010,1,21.609998752466115,22.60386133465414,74.80425037936573,12.491025229684164,2010-01-01
2029,2029,27,AL,2010,2,22.023039079179952,23.06471957145285,74.78633850428905,12.307788908849506,2010-02-01
2030,2030,27,AL,2010,3,22.270831598502635,23.27660124909644,73.75962726923576,12.053642577199042,2010-03-01
2031,2031,27,AL,2010,4,22.24420932757309,23.22373299692191,80.46611557256163,11.785141439565022,2010-04-01
2032,2032,27,AL,2010,5,21.27963907699054,22.268102137368363,81.09417497320011,11.562986541258836,2010-05-01
2033,2033,27,AL,2010,6,20.617879538442576,21.59187676735174,85.0452122258205,11.45386140459346,2010-06-01
2034,2034,27,AL,2010,7,19.340487941920493,20.37714131793819,83.78593857902126,11.505062656144746,2010-07-01
2035,2035,27,AL,2010,8,18.553966332205786,19.637539792106093,81.15310402567971,11.696432831659267,2010-08-01
2036,2036,27,AL,2010,9,18.871769190146253,19.97687353620342,79.1691546571021,11.955258131833627,2010-09-01
2037,2037,27,AL,2010,10,20.56350574155611,21.636693663720767,75.78556325600013,12.223097806483311,2010-10-01
2038,2038,27,AL,2010,11,20.673844906551388,21.77721229378694,70.47902521494946,12.443075572224284,2010-11-01
2039,2039,27,AL,2010,12,21.55384700348074,22.615390036243337,70.64829010815654,12.546624951975687,2010-12-01
2040,2040,27,AL,2011,1,21.47710792389495,22.52814916626401,74.31650175737626,12.491025229684164,2011-01-01
2041,2041,27,AL,2011,2,21.62283967322662,22.658045483570472,73.76735081258607,12.307788908849506,2011-02-01
2042,2042,27,AL,2011,3,21.988467647183324,22.99948003697742,73.06507170192808,12.053642577199042,2011-03-01
2043,2043,27,AL,2011,4,21.777413356382084,22.728548026864047,80.94004883111693,11.785141439565022,2011-04-01
2044,2044,27,AL,2011,5,21.15513938865203,22.12783897805259,85.7215546204424,11.562986541258836,2011-05-01
2045,2045,27,AL,2011,6,19.906096536972942,20.902286101322545,83.98090241376092,11.45386140459346,2011-06-01
2046,2046,27,AL,2011,7,19.06632058067008,20.08173525144901,85.55753465878067,11.505062656144746,2011-07-01
2047,2047,27,AL,2011,8,18.58876860013572,19.738117292815563,80.65902180101659,11.696432831659267,2011-08-01
2048,2048,27,AL,2011,9,18.905047943701152,20.02599720736734,79.65239397435407,11.955258131833627,2011-09-01
2049,2049,27,AL,2011,10,20.228973452310484,21.35886713917085,75.69041436115147,12.223097806483311,2011-10-01
2050,2050,27,AL,2011,11,20.66078139566908,21.759295315212672,75.12242014392528,12.443075572224284,2011-11-01
2051,2051,27,AL,2011,12,20.94533108187053,21.97947385656464,68.19701930558206,12.546624951975687,2011-12-01
2052,2052,27,AL,2012,1,21.162171190709422,22.25280618758084,71.40639745095801,12.491025229684164,2012-01-01
2053,2053,27,AL,2012,2,21.2629111072677,22.368483829046923,72.00960056905895,12.307788908849506,2012-02-01
2054,2054,27,AL,2012,3,21.06729048705418,22.17865604965239,72.33969759835539,12.053642577199042,2012-03-01
2055,2055,27,AL,2012,4,20.64640256688486,21.78033436045927,73.38287580652175,11.785141439565022,2012-04-01
2056,2056,27,AL,2012,5,20.39616663617322,21.50407848321961,75.3164011963103,11.562986541258836,2012-05-01
2057,2057,27,AL,2012,6,19.9013883092045,21.00343204074436,81.05749686995364,11.45386140459346,2012-06-01
2058,2058,27,AL,2012,7,18.88520972899136,19.988240930266507,83.80969478117372,11.505062656144746,2012-07-01
2059,2059,27,AL,2012,8,18.47594895776053,19.60090524949732,81.65293924571743,11.696432831659267,2012-08-01
2060,2060,27,AL,2012,9,18.69818748897976,19.885490373224997,76.50463940240199,11.955258131833627,2012-09-01
2061,2061,27,AL,2012,10,19.91503394728292,21.03069375512873,74.52976230908466,12.223097806483311,2012-10-01
2062,2062,27,AL,2012,11,21.00562140146891,22.114328115749984,67.35818989572961,12.443075572224284,2012-11-01
2063,2063,27,AL,2012,12,21.437770901413977,22.44510253360949,67.84563357493758,12.546624951975687,2012-12-01
2064,2064,27,AL,2013,1,21.953157275330785,22.921589696957746,69.0566371360359,12.491025229684164,2013-01-01
2065,2065,27,AL,2013,2,21.97951728022065,22.955930071384635,66.526095181954,12.307788908849506,2013-02-01
2066,2066,27,AL,2013,3,22.452274870224045,23.46936243022265,68.24492459475127,12.053642577199042,2013-03-01
2067,2067,27,AL,2013,4,21.987825889836728,23.016420159308737,73.75117767932367,11.785141439565022,2013-04-01
2068,2068,27,AL,2013,5,21.053767374389764,22.058428941083665,82.10131305113086,11.562986541258836,2013-05-01
2069,2069,27,AL,2013,6,20.206118998184703,21.26859520058227,82.88510576135972,11.45386140459346,2013-06-01
2070,2070,27,AL,2013,7,19.344022775586087,20.42057256921796,84.07844525602027,11.505062656144746,2013-07-01
2071,2071,27,AL,2013,8,19.229997824898707,20.352140860946623,82.33996464526027,11.696432831659267,2013-08-01
2072,2072,27,AL,2013,9,19.378853180829218,20.535080649806,76.37916553597046,11.955258131833627,2013-09-01
2073,2073,27,AL,2013,10,20.105049393284105,21.210358775318007,75.21299200039887,12.223097806483311,2013-10-01
2074,2074,27,AL,2013,11,20.54971355238771,21.66213158189861,73.21331957025465,12.443075572224284,2013-11-01
2075,2075,27,AL,2013,12,21.39036432479772,22.36308823259174,70.60196999942555,12.546624951975687,2013-12-01
2076,2076,27,AL,2014,1,20.95504105897888,22.05369425754921,70.22110031436773,12.491025229684164,2014-01-01
2077,2077,27,AL,2014,2,21.301707176935103,22.3132342450759,72.26654230246024,12.307788908849506,2014-02-01
2078,2078,27,AL,2014,3,21.71980516191225,22.738162830914973,72.17019127683501,12.053642577199042,2014-03-01
2079,2079,27,AL,2014,4,21.882820679783045,22.874140063142463,77.08753452051698,11.785141439565022,2014-04-01
2080,2080,27,AL,2014,5,20.82042335483713,21.82140688380435,83.94516880824399,11.562986541258836,2014-05-01
2081,2081,27,AL,2014,6,19.82077875386656,20.902319640115977,83.22538784999473,11.45386140459346,2014-06-01
2082,2082,27,AL,2014,7,19.243434461742016,20.371760729669692,83.3409775740583,11.505062656144746,2014-07-01
2083,2083,27,AL,2014,8,18.651841343994917,19.79263676577622,81.3970572962028,11.696432831659267,2014-08-01
2084,2084,27,AL,2014,9,19.304244786929463,20.43220332525914,78.9605934616787,11.955258131833627,2014-09-01
2085,2085,27,AL,2014,10,20.099398531542786,21.226741092254816,78.5971968190569,12.223097806483311,2014-10-01
2086,2086,27,AL,2014,11,20.7009269583459,21.78366305220361,73.66755111295413,12.443075572224284,2014-11-01
2087,2087,27,AL,2014,12,20.915341894208897,21.955475976088614,71.57216971950542,12.546624951975687,2014-12-01
2088,2088,27,AL,2015,1,21.144072819178348,22.182942184144224,69.45436977480576,12.491025229684164,2015-01-01
2089,2089,27,AL,2015,2,21.61702619346918,22.649356702462637,71.90646606600251,12.307788908849506,2015-02-01
2090,2090,27,AL,2015,3,21.95200604505738,22.97637941081791,71.82531294680939,12.053642577199042,2015-03-01
2091,2091,27,AL,2015,4,21.964854445488623,22.97678836124395,70.0558380874933,11.785141439565022,2015-04-01
2092,2092,27,AL,2015,5,21.308733767003368,22.31260625717385,76.61560920097646,11.562986541258836,2015-05-01
2093,2093,27,AL,2015,6,20.327887887892384,21.342597605512037,83.70202107896992,11.45386140459346,2015-06-01
2094,2094,27,AL,2015,7,19.787653450118373,20.918365940574148,84.72326795516474,11.505062656144746,2015-07-01
2095,2095,27,AL,2015,8,18.72441869050472,20.02074614180409,79.87311730454196,11.696432831659267,2015-08-01
2096,2096,27,AL,2015,9,19.50125597380345,20.76921585058075,75.88022554559646,11.955258131833627,2015-09-01
2097,2097,27,AL,2015,10,20.193563111442163,21.425798977122582,71.77012773739393,12.223097806483311,2015-10-01
2098,2098,27,AL,2015,11,20.922007040883983,22.068647702534992,65.88539981717378,12.443075572224284,2015-11-01
2099,2099,27,AL,2015,12,21.43642508659387,22.503054118171512,70.17914763588757,12.546624951975687,2015-12-01
2100,2100,27,AL,2016,1,22.071108927235127,23.098082076138443,75.82083678803514,12.491025229684164,2016-01-01
2101,2101,27,AL,2016,2,21.78893094452916,22.821384295166304,73.12080660053329,12.307788908849506,2016-02-01
2102,2102,27,AL,2016,3,22.277971529493144,23.28433028540228,74.27751624983824,12.053642577199042,2016-03-01
2103,2103,27,AL,2016,4,21.7942970656102,22.81433494916928,77.56168631260691,11.785141439565022,2016-04-01
2104,2104,27,AL,2016,5,20.858355066732543,21.910890807236846,80.42733103410116,11.562986541258836,2016-05-01
2105,2105,27,AL,2016,6,20.03593025643841,21.13875868304882,80.76196735232485,11.45386140459346,2016-06-01
2106,2106,27,AL,2016,7,18.747049075602582,19.92461146439728,80.58308498351202,11.505062656144746,2016-07-01
2107,2107,27,AL,2016,8,18.552647523680942,19.73341772452251,76.37741011777005,11.696432831659267,2016-08-01
2108,2108,27,AL,2016,9,19.52230894799326,20.67397056280398,74.66585579292446,11.955258131833627,2016-09-01
2109,2109,27,AL,2016,10,20.699971938570567,21.89301669695648,69.46604899648321,12.223097806483311,2016-10-01
2110,2110,27,AL,2016,11,21.192157701105856,22.280657588734343,68.401064379075,12.443075572224284,2016-11-01
2111,2111,27,AL,2016,12,21.627418796146017,22.75040500877327,68.03927535817715,12.546624951975687,2016-12-01
2112,2112,27,AL,2017,1,21.75166178443325,22.89521366700879,68.07474344942405,12.491025229684164,2017-01-01
2113,2113,27,AL,2017,2,22.18242948329081,23.227951763724747,68.35919615534507,12.307788908849506,2017-02-01
2114,2114,27,AL,2017,3,22.273420565494774,23.30633371378484,69.67270354090574,12.053642577199042,2017-03-01
2115,2115,27,AL,2017,4,22.064241070217555,23.074901597640096,76.86065641789655,11.785141439565022,2017-04-01
2116,2116,27,AL,2017,5,21.22826529846095,22.294872738152343,82.84416340484717,11.562986541258836,2017-05-01
2117,2117,27,AL,2017,6,20.176925782596363,21.295129953646192,87.06646156311035,11.45386140459346,2017-06-01
2118,2118,27,AL,2017,7,18.63314034861903,19.843207923918115,86.4827254003999,11.505062656144746,2017-07-01
2119,2119,27,AL,2017,8,18.83600326854168,19.961408171451676,85.27495274794096,11.696432831659267,2017-08-01
2120,2120,27,AL,2017,9,19.07936406790041,20.278940160913407,83.37206496943055,11.955258131833627,2017-09-01
2121,2121,27,AL,2017,10,19.990856889680096,21.19233606315579,78.3433437588696,12.223097806483311,2017-10-01
2122,2122,27,AL,2017,11,20.739860621932287,21.84229530010348,71.69166958877463,12.443075572224284,2017-11-01
2123,2123,27,AL,2017,12,21.63127252107025,22.602785752288604,71.19006973667133,12.546624951975687,2017-12-01
2124,2124,27,AL,2018,1,21.710654639956477,22.78425063459576,73.31486631389814,12.491025229684164,2018-01-01
2125,2125,27,AL,2018,2,21.969464152467012,23.01794847654028,76.05735862154921,12.307788908849506,2018-02-01
2126,2126,27,AL,2018,3,22.01074675862205,23.09544445185025,75.016887820423,12.053642577199042,2018-03-01
2127,2127,27,AL,2018,4,21.24489765790553,22.300624285803902,80.90727415396498,11.785141439565022,2018-04-01
2128,2128,27,AL,2018,5,20.63935571075768,21.662258948652447,82.3324871473415,11.562986541258836,2018-05-01
2129,2129,27,AL,2018,6,19.48900502709781,20.619518747516707,82.34809963251251,11.45386140459346,2018-06-01
2130,2130,27,AL,2018,7,18.66046763310924,19.792026005237638,81.99907091974383,11.505062656144746,2018-07-01
2131,2131,27,AL,2018,8,18.86176043594283,20.055197084802074,76.60867056101655,11.696432831659267,2018-08-01
2132,2132,27,AL,2018,9,19.869195872662115,21.027727192523432,75.60025233474433,11.955258131833627,2018-09-01
2133,2133,27,AL,2018,10,21.10866514962357,22.24517443992909,70.10762266174741,12.223097806483311,2018-10-01
2134,2134,27,AL,2018,11,21.752632321251767,22.759472655626684,70.99282365063436,12.443075572224284,2018-11-01
2135,2135,27,AL,2018,12,21.559943761349025,22.62026527605051,72.03579447949559,12.546624951975687,2018-12-01
2136,2136,27,AL,2019,1,21.679743869933503,22.731233719856508,74.34279838142179,12.491025229684164,2019-01-01
2137,2137,27,AL,2019,2,22.72999139059157,23.7319559242879,73.86259325145005,12.307788908849506,2019-02-01
2138,2138,27,AL,2019,3,22.570707525051827,23.547274354286845,76.12236709884267,12.053642577199042,2019-03-01
2139,2139,27,AL,2019,4,22.15010062884661,23.138091275582905,78.25825967851029,11.785141439565022,2019-04-01
2140,2140,27,AL,2019,5,21.305315168502585,22.33216127061452,78.4185601619887,11.562986541258836,2019-05-01
2141,2141,27,AL,2019,6,20.42743645711662,21.44585470872767,83.9516034132515,11.45386140459346,2019-06-01
2142,2142,27,AL,2019,7,20.01903274706238,21.02224854500063,85.94473900695453,11.505062656144746,2019-07-01
2143,2143,27,AL,2019,8,19.137376397716174,20.19675202040941,82.70529738202417,11.696432831659267,2019-08-01
2144,2144,27,AL,2019,9,19.776416397094728,20.805007836086297,77.9628121918323,11.955258131833627,2019-09-01
2145,2145,27,AL,2019,10,20.558979123095632,21.650762670783585,72.40447008300626,12.223097806483311,2019-10-01
2146,2146,27,AL,2019,11,21.1514759150985,22.23293302885068,69.38245523864147,12.443075572224284,2019-11-01
2147,2147,27,AL,2019,12,21.854906600310333,22.87346969413878,70.11768672588428,12.546624951975687,2019-12-01
2148,2148,27,AL,2020,1,22.537056462663703,23.518649897493944,72.23969653646529,12.491025229684164,2020-01-01
2149,2149,27,AL,2020,2,23.0193621723776,23.99636716694345,76.23903705140398,12.307788908849506,2020-02-01
2150,2150,27,AL,2020,3,22.829981698332368,23.789117623099337,79.0163316057122,12.053642577199042,2020-03-01
2151,2151,27,AL,2020,4,22.301579323313597,23.23269705803565,82.84351641960394,11.785141439565022,2020-04-01
2152,2152,27,AL,2020,5,21.728804344018,22.707181785168487,86.626841205498,11.562986541258836,2020-05-01
2153,2153,27,AL,2020,6,20.437659979801552,21.505553662543203,85.46539370717565,11.45386140459346,2020-06-01
2154,2154,27,AL,2020,7,19.43012320128217,20.6197223657298,82.63866423595411,11.505062656144746,2020-07-01
2155,2155,27,AL,2020,8,18.98340634618056,20.154661193669103,80.44571282002535,11.696432831659267,2020-08-01
2156,2156,27,AL,2020,9,19.57304385129143,20.76746213576373,76.57940184025982,11.955258131833627,2020-09-01
2157,2157,27,AL,2020,10,20.97699582584292,22.124774404449752,71.95313332670479,12.223097806483311,2020-10-01
2158,2158,27,AL,2020,11,21.62032161164128,22.673607530780867,73.02775228911754,12.443075572224284,2020-11-01
2159,2159,27,AL,2020,12,21.597978196816683,22.747383667802904,70.6075254098891,12.546624951975687,2020-12-01
2160,2160,27,AL,2021,1,21.86230593855663,22.89973220547719,72.76746884755588,12.491025229684164,2021-01-01
2161,2161,27,AL,2021,2,22.04808222345945,23.079901042772608,69.94802924564907,12.307788908849506,2021-02-01
2162,2162,27,AL,2021,3,22.04066839043209,23.05865312452033,73.3598002241353,12.053642577199042,2021-03-01
2163,2163,27,AL,2021,4,21.996292884677064,22.97442590115117,79.97832881204442,11.785141439565022,2021-04-01
2164,2164,27,AL,2021,5,20.958916363725177,21.95255734783272,85.73169594124704,11.562986541258836,2021-05-01
2165,2165,27,AL,2021,6,19.59251627703897,20.68263583089791,85.06820967929816,11.45386140459346,2021-06-01
2166,2166,27,AL,2021,7,19.10377125344949,20.2172204526748,85.07240550205874,11.505062656144746,2021-07-01
2167,2167,27,AL,2021,8,18.90172448360339,20.0149006912936,82.76800662818248,11.696432831659267,2021-08-01
2168,2168,27,AL,2021,9,19.924619479584532,21.12063786251093,77.8358250736411,11.955258131833627,2021-09-01
2169,2169,27,AL,2021,10,20.96477800799954,22.12356371279384,73.90125842399043,12.223097806483311,2021-10-01
2170,2170,27,AL,2021,11,21.85646466959536,23.005305839364045,70.8686722936194,12.443075572224284,2021-11-01
2171,2171,27,AL,2021,12,21.84282117852073,22.953094987911488,73.07360150616505,12.546624951975687,2021-12-01
2172,2172,27,AL,2022,1,21.601059002185607,22.67083373181357,75.62436447408967,12.491025229684164,2022-01-01
2173,2173,27,AL,2022,2,21.81468147390029,22.934519234825583,68.12280915631634,12.307788908849506,2022-02-01
2174,2174,27,AL,2022,3,21.58758455888144,22.639555429220955,78.96322167123292,12.053642577199042,2022-03-01
2175,2175,27,AL,2022,4,21.349791192073447,22.383479021733105,78.03981943691478,11.785141439565022,2022-04-01
2176,2176,27,AL,2022,5,20.92855962358797,21.9365155010718,84.83529793620487,11.562986541258836,2022-05-01
2177,2177,27,AL,2022,6,19.979155085756886,21.03239628037596,89.43888198254156,11.45386140459346,2022-06-01
2178,2178,27,AL,2022,7,19.09988243349137,20.17608091666833,87.74025103323525,11.505062656144746,2022-07-01
2179,2179,27,AL,2022,8,18.486396693037253,19.60066742628605,85.63775554418112,11.696432831659267,2022-08-01
2180,2180,27,AL,2022,9,18.829071229111918,19.943868487488988,81.24872011421553,11.955258131833627,2022-09-01
2181,2181,27,AL,2022,10,20.17456208053531,21.352246113776555,76.2997282053533,12.223097806483311,2022-10-01
2182,2182,27,AL,2022,11,21.202143833683987,22.32184202468473,78.34237634122762,12.443075572224284,2022-11-01
2183,2183,27,AL,2022,12,21.51042387803697,22.617670926619454,76.30537882762043,12.546624951975687,2022-12-01
2184,2184,28,SE,2010,1,22.640852427328785,23.68893651244461,71.47678911762853,12.549296872190292,2010-01-01
2185,2185,28,SE,2010,2,22.96647848401751,23.952568134126206,74.20018161047074,12.344280787969916,2010-02-01
2186,2186,28,SE,2010,3,23.418342703542404,24.379159398232733,73.75420129427346,12.05999881774497,2010-03-01
2187,2187,28,SE,2010,4,22.78217001512316,23.68163973490397,80.27279425726996,11.759675367651967,2010-04-01
2188,2188,28,SE,2010,5,21.91648554073867,22.879161911831105,80.54606325211064,11.511141078973289,2010-05-01
2189,2189,28,SE,2010,6,20.972687711927627,21.925395819769964,84.35139717949761,11.389025736343951,2010-06-01
2190,2190,28,SE,2010,7,20.0328075257168,21.11120223178658,84.18441778695711,11.44632520682417,2010-07-01
2191,2191,28,SE,2010,8,19.09731034596761,20.32766594712452,80.4099173203335,11.66044165975051,2010-08-01
2192,2192,28,SE,2010,9,19.545839692009817,20.73199840291341,79.13595040893554,11.949956631533578,2010-09-01
2193,2193,28,SE,2010,10,21.431773374003747,22.51665505275931,75.15595253400905,12.249541239850007,2010-10-01
2194,2194,28,SE,2010,11,21.764423562791613,22.743598962571888,71.19752144707574,12.495641835875263,2010-11-01
2195,2195,28,SE,2010,12,22.50562903373472,23.502184773106727,70.26593178861884,12.61151857237386,2010-12-01
2196,2196,28,SE,2011,1,22.233219625001315,23.221476450274068,72.75581844042706,12.549296872190292,2011-01-01
2197,2197,28,SE,2011,2,22.3835586865743,23.39410386040097,73.8022078704834,12.344280787969916,2011-02-01
2198,2198,28,SE,2011,3,22.94228236044607,23.86287601922148,72.77090295278897,12.05999881774497,2011-03-01
2199,2199,28,SE,2011,4,22.252361084832085,23.224521831936304,78.38619734361437,11.759675367651967,2011-04-01
2200,2200,28,SE,2011,5,21.505993359473443,22.54892461058914,81.77368753412718,11.511141078973289,2011-05-01
2201,2201,28,SE,2011,6,20.11327018822564,21.158197934468586,81.40870466444228,11.389025736343951,2011-06-01
2202,2202,28,SE,2011,7,19.223455618171283,20.404771066481068,80.8178608194987,11.44632520682417,2011-07-01
2203,2203,28,SE,2011,8,18.866777831456996,20.117788895227577,77.76112352924962,11.66044165975051,2011-08-01
2204,2204,28,SE,2011,9,19.34635712771945,20.67720287746853,75.27181125217014,11.949956631533578,2011-09-01
2205,2205,28,SE,2011,10,21.34274910465364,22.4592167433872,74.46642162364016,12.249541239850007,2011-10-01
2206,2206,28,SE,2011,11,21.563391495598687,22.60196156989204,75.23745347425672,12.495641835875263,2011-11-01
2207,2207,28,SE,2011,12,22.08057511606524,23.07189714821436,69.74533538818359,12.61151857237386,2011-12-01
2208,2208,28,SE,2012,1,22.20826400756836,23.255069096883137,69.46499797041697,12.549296872190292,2012-01-01
2209,2209,28,SE,2012,2,22.26043898133026,23.339002119042405,70.28608773242468,12.344280787969916,2012-02-01
2210,2210,28,SE,2012,3,21.95702462883406,23.085892860658703,69.4872161947271,12.05999881774497,2012-03-01
2211,2211,28,SE,2012,4,21.703665409511988,22.86966129981147,69.81797227308485,11.759675367651967,2012-04-01
2212,2212,28,SE,2012,5,21.260917495399397,22.263158993464643,73.92576601254044,11.511141078973289,2012-05-01
2213,2213,28,SE,2012,6,20.713134419759115,21.73918679046631,77.82768788655599,11.389025736343951,2012-06-01
2214,2214,28,SE,2012,7,19.60398268914992,20.745200112455635,79.72567258445166,11.44632520682417,2012-07-01
2215,2215,28,SE,2012,8,19.009664334943217,20.20700794343025,77.90622991746473,11.66044165975051,2012-08-01
2216,2216,28,SE,2012,9,19.78254122161865,20.962934775458443,74.78737142266168,11.949956631533578,2012-09-01
2217,2217,28,SE,2012,10,20.683796082363333,21.7313288986042,75.2927913230978,12.249541239850007,2012-10-01
2218,2218,28,SE,2012,11,22.219691879272464,23.145412423875594,68.89568036736382,12.495641835875263,2012-11-01
2219,2219,28,SE,2012,12,22.462289321243123,23.457433717789183,67.9123579341109,12.61151857237386,2012-12-01
2220,2220,28,SE,2013,1,22.894282319263745,23.861001595117717,69.93560599706507,12.549296872190292,2013-01-01
2221,2221,28,SE,2013,2,22.99589832760039,23.957711514064243,67.62866917746408,12.344280787969916,2013-02-01
2222,2222,28,SE,2013,3,23.267712304720312,24.238562673753307,68.29951225690944,12.05999881774497,2013-03-01
2223,2223,28,SE,2013,4,22.75722566562229,23.691005282084145,72.95939645894369,11.759675367651967,2013-04-01
2224,2224,28,SE,2013,5,21.6683407978345,22.4917656207341,81.3020959242954,11.511141078973289,2013-05-01
2225,2225,28,SE,2013,6,20.793740183936222,21.75233878411187,80.56633123101128,11.389025736343951,2013-06-01
2226,2226,28,SE,2013,7,20.04424154302125,21.088789944392374,81.78818049277028,11.44632520682417,2013-07-01
2227,2227,28,SE,2013,8,19.74749766195974,20.765565179394137,80.33326189266738,11.66044165975051,2013-08-01
2228,2228,28,SE,2013,9,20.056085842132568,21.23944170888265,74.31895752122666,11.949956631533578,2013-09-01
2229,2229,28,SE,2013,10,20.963390762985394,22.06896834424747,75.18035440260364,12.249541239850007,2013-10-01
2230,2230,28,SE,2013,11,21.469800849066843,22.483422810024685,73.9171341518826,12.495641835875263,2013-11-01
2231,2231,28,SE,2013,12,22.455221615863103,23.34598984420941,72.55995898831276,12.61151857237386,2013-12-01
2232,2232,28,SE,2014,1,21.8467862561954,22.966657249696794,70.20405624225576,12.549296872190292,2014-01-01
2233,2233,28,SE,2014,2,22.048416600908556,23.055356518881663,72.30496176220122,12.344280787969916,2014-02-01
2234,2234,28,SE,2014,3,22.4819524358934,23.392990221413232,72.817320833924,12.05999881774497,2014-03-01
2235,2235,28,SE,2014,4,22.503779324001737,23.38132783932156,75.92165196736654,11.759675367651967,2014-04-01
2236,2236,28,SE,2014,5,21.394582553166213,22.3680681175314,81.20566293695921,11.511141078973289,2014-05-01
2237,2237,28,SE,2014,6,20.34996795654297,21.394493108113608,81.48634096950954,11.389025736343951,2014-06-01
2238,2238,28,SE,2014,7,19.7538927689419,20.884462696198494,80.83694504932691,11.44632520682417,2014-07-01
2239,2239,28,SE,2014,8,19.1721036554152,20.456975675193213,78.9789892742198,11.66044165975051,2014-08-01
2240,2240,28,SE,2014,9,20.045311269548204,21.12989624701606,77.03181563313802,11.949956631533578,2014-09-01
2241,2241,28,SE,2014,10,20.899072222966023,21.987993092690747,75.72025959137947,12.249541239850007,2014-10-01
2242,2242,28,SE,2014,11,21.56290535990397,22.503126097785103,74.1235740169949,12.495641835875263,2014-11-01
2243,2243,28,SE,2014,12,21.93894190716487,22.952279287358767,72.68221446375692,12.61151857237386,2014-12-01
2244,2244,28,SE,2015,1,22.202633383145898,23.306075583017,69.00716461837933,12.549296872190292,2015-01-01
2245,2245,28,SE,2015,2,22.63231300263178,23.57085075378418,72.01483844212123,12.344280787969916,2015-02-01
2246,2246,28,SE,2015,3,22.6354496313936,23.562997070640645,70.40961969191028,12.05999881774497,2015-03-01
2247,2247,28,SE,2015,4,22.70344039408366,23.563154108683268,72.50771641201443,11.759675367651967,2015-04-01
2248,2248,28,SE,2015,5,21.89891001793646,22.74750364488171,77.48172945412257,11.511141078973289,2015-05-01
2249,2249,28,SE,2015,6,20.989196989271377,21.91204253048367,80.92160848999023,11.389025736343951,2015-06-01
2250,2250,28,SE,2015,7,20.504858121974493,21.57571466794578,80.88710754394532,11.44632520682417,2015-07-01
2251,2251,28,SE,2015,8,19.666923005709084,21.0005485345984,78.32764173610236,11.66044165975051,2015-08-01
2252,2252,28,SE,2015,9,20.77355074734158,22.040075948079423,73.72020373874241,11.949956631533578,2015-09-01
2253,2253,28,SE,2015,10,21.556132449078305,22.741079105664323,70.02193388744067,12.249541239850007,2015-10-01
2254,2254,28,SE,2015,11,22.187721532185872,23.21286998409695,65.88514683702257,12.495641835875263,2015-11-01
2255,2255,28,SE,2015,12,22.235035265850765,23.21633829260385,68.0587560739825,12.61151857237386,2015-12-01
2256,2256,28,SE,2016,1,22.872803579350958,23.77801221129715,74.27134751678796,12.549296872190292,2016-01-01
2257,2257,28,SE,2016,2,22.703264102278084,23.717583197231956,71.08804865694594,12.344280787969916,2016-02-01
2258,2258,28,SE,2016,3,23.10167482437626,24.087880788003243,69.82689280520204,12.05999881774497,2016-03-01
2259,2259,28,SE,2016,4,22.65095397016737,23.712128942701558,72.39732318284777,11.759675367651967,2016-04-01
2260,2260,28,SE,2016,5,21.667965913998184,22.655392075405324,76.85436295047883,11.511141078973289,2016-05-01
2261,2261,28,SE,2016,6,20.730103257921005,21.69587599351671,78.9488255750868,11.389025736343951,2016-06-01
2262,2262,28,SE,2016,7,19.53685248139084,20.705182943856844,79.02967689103978,11.44632520682417,2016-07-01
2263,2263,28,SE,2016,8,19.325038525160924,20.545294294459847,76.03785938550067,11.66044165975051,2016-08-01
2264,2264,28,SE,2016,9,20.46451138008965,21.61713497077094,73.04982523769803,11.949956631533578,2016-09-01
2265,2265,28,SE,2016,10,21.872013834471343,22.86184366615869,68.59156260172526,12.249541239850007,2016-10-01
2266,2266,28,SE,2016,11,22.46618054114448,23.41520472632514,67.98349245537652,12.495641835875263,2016-11-01
2267,2267,28,SE,2016,12,22.82059156028173,23.727461497809298,67.11641651604765,12.61151857237386,2016-12-01
2268,2268,28,SE,2017,1,22.694806508710307,23.762818363969046,65.99150254936627,12.549296872190292,2017-01-01
2269,2269,28,SE,2017,2,22.94421217782157,23.97129429862613,66.64589417412168,12.344280787969916,2017-02-01
2270,2270,28,SE,2017,3,23.10575447984921,24.05381029846848,68.72244557042276,12.05999881774497,2017-03-01
2271,2271,28,SE,2017,4,22.853934330410425,23.73689097849528,75.76846237182617,11.759675367651967,2017-04-01
2272,2272,28,SE,2017,5,21.94490334049348,22.893120898174985,81.12547478952716,11.511141078973289,2017-05-01
2273,2273,28,SE,2017,6,20.759422715081108,21.788186743842232,85.09011314900715,11.389025736343951,2017-06-01
2274,2274,28,SE,2017,7,19.1041354796707,20.23048977185321,83.77291445824407,11.44632520682417,2017-07-01
2275,2275,28,SE,2017,8,19.22493311892273,20.25861720833727,83.80997239635836,11.66044165975051,2017-08-01
2276,2276,28,SE,2017,9,19.72000189081828,20.67183653004964,83.85015750800238,11.949956631533578,2017-09-01
2277,2277,28,SE,2017,10,20.49604464459163,21.60606201335948,78.68190381778183,12.249541239850007,2017-10-01
2278,2278,28,SE,2017,11,21.435384663052027,22.486575061374243,72.97476924472386,12.495641835875263,2017-11-01
2279,2279,28,SE,2017,12,22.308784771991032,23.235016420425907,72.2220101551343,12.61151857237386,2017-12-01
2280,2280,28,SE,2018,1,22.504952764203477,23.547685569024853,70.71626207249139,12.549296872190292,2018-01-01
2281,2281,28,SE,2018,2,22.81363364900861,23.69291663941883,73.97364201136998,12.344280787969916,2018-02-01
2282,2282,28,SE,2018,3,22.77697256436912,23.64281826470488,74.62919987996419,12.05999881774497,2018-03-01
2283,2283,28,SE,2018,4,21.73928551398383,22.749121034410265,77.28080267333985,11.759675367651967,2018-04-01
2284,2284,28,SE,2018,5,21.01678989943638,21.996652192966916,82.27319591563236,11.511141078973289,2018-05-01
2285,2285,28,SE,2018,6,20.01772745853,21.07598565334744,82.88797344292534,11.389025736343951,2018-06-01
2286,2286,28,SE,2018,7,19.25696005954537,20.36834837144421,82.37832148398122,11.44632520682417,2018-07-01
2287,2287,28,SE,2018,8,19.296473733225174,20.52313563111008,77.48157706804173,11.66044165975051,2018-08-01
2288,2288,28,SE,2018,9,20.267881060282388,21.42335683102078,74.86757306247287,11.949956631533578,2018-09-01
2289,2289,28,SE,2018,10,21.83009281281502,22.80279553895356,71.12169634747248,12.249541239850007,2018-10-01
2290,2290,28,SE,2018,11,22.31375727674696,23.25213986290826,71.80539066738552,12.495641835875263,2018-11-01
2291,2291,28,SE,2018,12,22.309615404682777,23.30304709731892,72.398832925776,12.61151857237386,2018-12-01
2292,2292,28,SE,2019,1,22.418538002916563,23.44484935145224,70.88592273507066,12.549296872190292,2019-01-01
2293,2293,28,SE,2019,2,23.54847051529657,24.40008342652094,72.38215905507406,12.344280787969916,2019-02-01
2294,2294,28,SE,2019,3,23.171491717266782,24.04338702376171,76.15123483309182,12.05999881774497,2019-03-01
2295,2295,28,SE,2019,4,22.91674335479736,23.77748250410292,78.36863577948675,11.759675367651967,2019-04-01
2296,2296,28,SE,2019,5,21.96573517255885,22.89753867118589,78.84202840005197,11.511141078973289,2019-05-01
2297,2297,28,SE,2019,6,20.7124356189304,21.674478838602703,86.45004376220703,11.389025736343951,2019-06-01
2298,2298,28,SE,2019,7,19.94457716131723,20.96343855909122,87.06260690012286,11.44632520682417,2019-07-01
2299,2299,28,SE,2019,8,19.276351189972253,20.43133277687975,83.6006540671728,11.66044165975051,2019-08-01
2300,2300,28,SE,2019,9,20.116832598792183,21.27798240237766,79.918816535102,11.949956631533578,2019-09-01
2301,2301,28,SE,2019,10,21.026970614361502,22.120327668548917,73.41240577943863,12.249541239850007,2019-10-01
2302,2302,28,SE,2019,11,22.075327662150062,23.09398181745741,69.9510648006863,12.495641835875263,2019-11-01
2303,2303,28,SE,2019,12,22.48447372846706,23.50176577414236,68.84345894762265,12.61151857237386,2019-12-01
2304,2304,28,SE,2020,1,23.12000743578839,24.04522467336347,70.82317313081475,12.549296872190292,2020-01-01
2305,2305,28,SE,2020,2,23.54116346600412,24.38587543180619,74.85446410080482,12.344280787969916,2020-02-01
2306,2306,28,SE,2020,3,23.384345756448727,24.24116483708864,77.65682461810368,12.05999881774497,2020-03-01
2307,2307,28,SE,2020,4,22.916128105163573,23.74195731608073,82.07497979058161,11.759675367651967,2020-04-01
2308,2308,28,SE,2020,5,22.27562578344858,23.172329695506765,86.10514413813108,11.511141078973289,2020-05-01
2309,2309,28,SE,2020,6,21.253562161763508,22.280047461615663,86.25901818169488,11.389025736343951,2020-06-01
2310,2310,28,SE,2020,7,20.301185054984145,21.48028798585297,83.67271998907931,11.44632520682417,2020-07-01
2311,2311,28,SE,2020,8,20.07902868291383,21.34546153037779,82.00816112231183,11.66044165975051,2020-08-01
2312,2312,28,SE,2020,9,20.393320524427622,21.71404495493571,77.92133245510526,11.949956631533578,2020-09-01
2313,2313,28,SE,2020,10,21.80150965126612,22.965635504773868,71.99943761517925,12.249541239850007,2020-10-01
2314,2314,28,SE,2020,11,22.433123943752715,23.44923351626926,73.89383901807997,12.495641835875263,2020-11-01
2315,2315,28,SE,2020,12,22.430357935915712,23.563349921934066,68.92068226311795,12.61151857237386,2020-12-01
2316,2316,28,SE,2021,1,22.57041807195192,23.54904544461158,71.21956058625251,12.549296872190292,2021-01-01
2317,2317,28,SE,2021,2,22.94936367579869,23.91716663633074,67.54892426627022,12.344280787969916,2021-02-01
2318,2318,28,SE,2021,3,22.60551026703209,23.548089886737124,69.13976166919996,12.05999881774497,2021-03-01
2319,2319,28,SE,2021,4,22.56762134128147,23.363143665737574,77.01917325676811,11.759675367651967,2021-04-01
2320,2320,28,SE,2021,5,21.07795134185463,21.96410702695129,83.6244251571163,11.511141078973289,2021-05-01
2321,2321,28,SE,2021,6,20.224650002797443,21.270880386352538,83.67983293999566,11.389025736343951,2021-06-01
2322,2322,28,SE,2021,7,19.819633704564904,20.724570357620077,85.24869374593099,11.44632520682417,2021-07-01
2323,2323,28,SE,2021,8,19.15012876859275,20.24085057371406,81.85347802274971,11.66044165975051,2021-08-01
2324,2324,28,SE,2021,9,20.88752450052897,21.930435562981497,75.86007500542536,11.949956631533578,2021-09-01
2325,2325,28,SE,2021,10,22.231345194334622,23.262695446219496,71.82948925387474,12.249541239850007,2021-10-01
2326,2326,28,SE,2021,11,22.894533446417917,23.90768826293945,72.79320188903809,12.495641835875263,2021-11-01
2327,2327,28,SE,2021,12,22.611162985524825,23.51770944000572,75.29484778455509,12.61151857237386,2021-12-01
2328,2328,28,SE,2022,1,22.274574598086776,23.090376787083123,74.76418887230658,12.549296872190292,2022-01-01
2329,2329,28,SE,2022,2,22.51368960789272,23.40495211374192,68.23892770313081,12.344280787969916,2022-02-01
2330,2330,28,SE,2022,3,21.749463045673988,22.58536200820759,77.22593178697812,12.05999881774497,2022-03-01
2331,2331,28,SE,2022,4,21.54400722079807,22.335564598931207,76.0285825398763,11.759675367651967,2022-04-01
2332,2332,28,SE,2022,5,20.911057475920646,21.70270163505308,83.16515491116432,11.511141078973289,2022-05-01
2333,2333,28,SE,2022,6,19.884133970472547,20.797826665242518,87.1367335272895,11.389025736343951,2022-06-01
2334,2334,28,SE,2022,7,19.200481002151324,20.10522657948156,85.72209840507917,11.44632520682417,2022-07-01
2335,2335,28,SE,2022,8,18.770083111998854,19.611123891850955,83.3136758061891,11.66044165975051,2022-08-01
2336,2336,28,SE,2022,9,19.883590868632,20.883365860409207,78.72649881998699,11.949956631533578,2022-09-01
2337,2337,28,SE,2022,10,21.67834508178055,22.72091615738407,72.28303983462753,12.249541239850007,2022-10-01
2338,2338,28,SE,2022,11,22.50353629557292,23.44462296210395,76.07010971238878,12.495641835875263,2022-11-01
2339,2339,28,SE,2022,12,22.72755387829196,23.694809718798567,75.64145005092827,12.61151857237386,2022-12-01
2340,2340,29,BA,2010,1,19.659213418297345,21.679021707993517,69.36728684177547,12.672731330759952,2010-01-01
2341,2341,29,BA,2010,2,20.36522934656513,22.39812287748493,67.87682206028738,12.421522578332135,2010-02-01
2342,2342,29,BA,2010,3,20.57955212894445,22.511212928874077,75.22717585091138,12.073446832707193,2010-03-01
2343,2343,29,BA,2010,4,19.616088541672767,21.593673999932744,78.15303740314633,11.705784787811892,2010-04-01
2344,2344,29,BA,2010,5,18.814465890307343,20.852889565660902,74.60688509453824,11.401346355658028,2010-05-01
2345,2345,29,BA,2010,6,16.557935031788716,18.757024474262145,73.39519953434225,11.25164758512019,2010-06-01
2346,2346,29,BA,2010,7,16.406521404445186,18.49635663508004,76.89064756328364,11.321901468078917,2010-07-01
2347,2347,29,BA,2010,8,15.2707518158319,17.514051319118476,71.78359892544083,11.584259992626864,2010-08-01
2348,2348,29,BA,2010,9,16.62564483679932,18.78993605667834,68.51146435909133,11.938740271593453,2010-09-01
2349,2349,29,BA,2010,10,19.27772888820409,21.344613355523133,67.76631164536028,12.30550142394448,2010-10-01
2350,2350,29,BA,2010,11,19.564357042426973,21.58374425169947,70.38487996925458,12.60696572030375,2010-11-01
2351,2351,29,BA,2010,12,19.63032491819261,21.63312548769224,72.80321264425582,12.749019874103595,2010-12-01
2352,2352,29,BA,2011,1,19.377880119674305,21.36174800367009,73.60218363523096,12.672731330759952,2011-01-01
2353,2353,29,BA,2011,2,19.603308784590062,21.634265097660247,70.44617400997589,12.421522578332135,2011-02-01
2354,2354,29,BA,2011,3,20.15225861108874,22.099380316106867,75.18166543602473,12.073446832707193,2011-03-01
2355,2355,29,BA,2011,4,19.20110346941258,21.21616613828688,77.35150587842713,11.705784787811892,2011-04-01
2356,2356,29,BA,2011,5,17.689298284904968,19.817825818307128,77.44384997599435,11.401346355658028,2011-05-01
2357,2357,29,BA,2011,6,16.369159582154833,18.57265617338588,75.47513770904662,11.25164758512019,2011-06-01
2358,2358,29,BA,2011,7,15.41359788277609,17.67450865288663,73.3279069602614,11.321901468078917,2011-07-01
2359,2359,29,BA,2011,8,15.884897731615162,18.15765652170017,69.38895795516278,11.584259992626864,2011-08-01
2360,2360,29,BA,2011,9,15.70236519696139,18.012350397849445,65.54807645049122,11.938740271593453,2011-09-01
2361,2361,29,BA,2011,10,18.63076462431759,20.713827238380198,70.94758817776456,12.30550142394448,2011-10-01
2362,2362,29,BA,2011,11,18.54733483278685,20.56374041544353,75.76716907784807,12.60696572030375,2011-11-01
2363,2363,29,BA,2011,12,19.053664238074635,21.10053856621636,72.02356678480301,12.749019874103595,2011-12-01
2364,2364,29,BA,2012,1,19.13045520801652,21.17816507828303,68.99405553249248,12.672731330759952,2012-01-01
2365,2365,29,BA,2012,2,19.01006846545027,21.035242809607,69.29482911158108,12.421522578332135,2012-02-01
2366,2366,29,BA,2012,3,19.135040792168788,21.22479372901707,65.87291365421555,12.073446832707193,2012-03-01
2367,2367,29,BA,2012,4,18.67519904463697,20.848870146665263,65.61103850135224,11.705784787811892,2012-04-01
2368,2368,29,BA,2012,5,18.078193328215885,20.14802536345085,71.67582838174002,11.401346355658028,2012-05-01
2369,2369,29,BA,2012,6,17.25403476024417,19.35798510628448,72.39662721117051,11.25164758512019,2012-06-01
2370,2370,29,BA,2012,7,15.761660224518828,17.965344308100804,71.57893343695524,11.321901468078917,2012-07-01
2371,2371,29,BA,2012,8,15.549084018681604,17.70070079138912,70.22604675747415,11.584259992626864,2012-08-01
2372,2372,29,BA,2012,9,16.92170604477874,19.088906783889904,64.25546446906196,11.938740271593453,2012-09-01
2373,2373,29,BA,2012,10,18.098703230138334,20.184750410799843,64.34847365711538,12.30550142394448,2012-10-01
2374,2374,29,BA,2012,11,19.897417677582787,21.79497624831044,74.2124780436881,12.60696572030375,2012-11-01
2375,2375,29,BA,2012,12,19.25385234995361,21.33803342959532,63.44073963261189,12.749019874103595,2012-12-01
2376,2376,29,BA,2013,1,20.111109928344455,22.097220719842745,69.87869080208364,12.672731330759952,2013-01-01
2377,2377,29,BA,2013,2,19.76944876076547,21.84168262782265,66.1823956080192,12.421522578332135,2013-02-01
2378,2378,29,BA,2013,3,20.30863804351318,22.358051397282736,66.03079927051539,12.073446832707193,2013-03-01
2379,2379,29,BA,2013,4,19.602415559160335,21.6214933143817,72.33513540211533,11.705784787811892,2013-04-01
2380,2380,29,BA,2013,5,18.51671054017067,20.583880578465497,74.33093681078716,11.401346355658028,2013-05-01
2381,2381,29,BA,2013,6,17.799193845225943,19.863072324351823,77.22868593186973,11.25164758512019,2013-06-01
2382,2382,29,BA,2013,7,16.564837335940812,18.71350555194174,75.59875692605253,11.321901468078917,2013-07-01
2383,2383,29,BA,2013,8,16.24017557622367,18.385224309664384,73.21880890810914,11.584259992626864,2013-08-01
2384,2384,29,BA,2013,9,17.43652120326444,19.555264068850512,69.83148740239376,11.938740271593453,2013-09-01
2385,2385,29,BA,2013,10,18.27527524922004,20.37613289810125,68.08414789572977,12.30550142394448,2013-10-01
2386,2386,29,BA,2013,11,18.899401822688574,20.92781915756153,69.12873875795603,12.60696572030375,2013-11-01
2387,2387,29,BA,2013,12,19.88048056504137,21.781713959788416,75.84264267840075,12.749019874103595,2013-12-01
2388,2388,29,BA,2014,1,18.918736021304948,20.94707099502597,69.98707107971244,12.672731330759952,2014-01-01
2389,2389,29,BA,2014,2,19.22105091947037,21.210702577573297,72.18399882341093,12.421522578332135,2014-02-01
2390,2390,29,BA,2014,3,19.633453601306872,21.570023864901906,73.59626142528832,12.073446832707193,2014-03-01
2391,2391,29,BA,2014,4,19.318585732152805,21.291260609828782,73.1608843741657,11.705784787811892,2014-04-01
2392,2392,29,BA,2014,5,18.05874704807441,20.126884180772624,75.77750921585061,11.401346355658028,2014-05-01
2393,2393,29,BA,2014,6,16.718782221194175,18.84857745586063,76.3796881848769,11.25164758512019,2014-06-01
2394,2394,29,BA,2014,7,16.311107470170892,18.44121520108152,75.95319746183742,11.321901468078917,2014-07-01
2395,2395,29,BA,2014,8,15.610365810181818,17.812533810768176,71.21095789757905,11.584259992626864,2014-08-01
2396,2396,29,BA,2014,9,16.920153099169834,19.11081072923949,66.73774667598074,11.938740271593453,2014-09-01
2397,2397,29,BA,2014,10,17.86952813444258,20.03034880661657,65.80453480882602,12.30550142394448,2014-10-01
2398,2398,29,BA,2014,11,19.00795706292327,20.9915938050341,72.84682918307688,12.60696572030375,2014-11-01
2399,2399,29,BA,2014,12,19.031230072507803,21.006763656851103,75.02576636722141,12.749019874103595,2014-12-01
2400,2400,29,BA,2015,1,18.9928279762212,21.0711609025266,67.48875015204491,12.672731330759952,2015-01-01
2401,2401,29,BA,2015,2,19.44927008301479,21.498687522711105,72.45819793608386,12.421522578332135,2015-02-01
2402,2402,29,BA,2015,3,19.714561103271333,21.743648336134164,70.02609508452728,12.073446832707193,2015-03-01
2403,2403,29,BA,2015,4,19.784669085410385,21.783818321395746,73.65899461369625,11.705784787811892,2015-04-01
2404,2404,29,BA,2015,5,18.32259204698068,20.36445506616656,78.62106080408245,11.401346355658028,2015-05-01
2405,2405,29,BA,2015,6,17.160007356663495,19.27993977773104,79.0353320151496,11.25164758512019,2015-06-01
2406,2406,29,BA,2015,7,16.462104755090877,18.627330554576467,77.04612475495756,11.321901468078917,2015-07-01
2407,2407,29,BA,2015,8,15.72677946212425,17.974766030337037,72.47948019187504,11.584259992626864,2015-08-01
2408,2408,29,BA,2015,9,17.119624033210567,19.42070030560025,63.67628954346898,11.938740271593453,2015-09-01
2409,2409,29,BA,2015,10,18.52899122337754,20.75091520133719,62.3114349100829,12.30550142394448,2015-10-01
2410,2410,29,BA,2015,11,20.004884791126447,22.13864422522956,60.61659523485948,12.60696572030375,2015-11-01
2411,2411,29,BA,2015,12,19.861956406775768,22.03535722806465,59.90497369309575,12.749019874103595,2015-12-01
2412,2412,29,BA,2016,1,20.52819708570892,22.487736301152108,77.40192317512626,12.672731330759952,2016-01-01
2413,2413,29,BA,2016,2,19.62595826879798,21.686287085885574,70.01793260068837,12.421522578332135,2016-02-01
2414,2414,29,BA,2016,3,20.081746155529387,22.17257129099361,67.72508958598306,12.073446832707193,2016-03-01
2415,2415,29,BA,2016,4,19.195748902663148,21.335806887631986,68.41058487377579,11.705784787811892,2016-04-01
2416,2416,29,BA,2016,5,18.090985333826385,20.25250768857,71.86318005443569,11.401346355658028,2016-05-01
2417,2417,29,BA,2016,6,17.098918522614465,19.27937556433735,71.91535266964651,11.25164758512019,2016-06-01
2418,2418,29,BA,2016,7,15.980807779043156,18.21553036408016,72.47030723337471,11.321901468078917,2016-07-01
2419,2419,29,BA,2016,8,16.48688592565505,18.693388319941363,70.05950604796806,11.584259992626864,2016-08-01
2420,2420,29,BA,2016,9,17.409529775166682,19.54663349078428,68.70867907541643,11.938740271593453,2016-09-01
2421,2421,29,BA,2016,10,19.07259359748529,21.165118914188323,67.6128069751545,12.30550142394448,2016-10-01
2422,2422,29,BA,2016,11,19.362469437901822,21.40688081858732,69.78152096212433,12.60696572030375,2016-11-01
2423,2423,29,BA,2016,12,19.765810395998663,21.809478048659667,68.63889724844762,12.749019874103595,2016-12-01
2424,2424,29,BA,2017,1,19.41697431424013,21.520768262232096,62.86125999958838,12.672731330759952,2017-01-01
2425,2425,29,BA,2017,2,19.77831816771293,21.78904002853843,69.22333927455117,12.421522578332135,2017-02-01
2426,2426,29,BA,2017,3,19.74068317780724,21.810482148053687,68.2053875716959,12.073446832707193,2017-03-01
2427,2427,29,BA,2017,4,19.46265026126072,21.505027456001507,73.94460967145474,11.705784787811892,2017-04-01
2428,2428,29,BA,2017,5,18.30760242557769,20.381747707760304,75.03372882138625,11.401346355658028,2017-05-01
2429,2429,29,BA,2017,6,17.077478036682287,19.201086394220805,74.71320058089272,11.25164758512019,2017-06-01
2430,2430,29,BA,2017,7,15.310404248568489,17.383690851308486,76.15167155058873,11.321901468078917,2017-07-01
2431,2431,29,BA,2017,8,15.515475408396645,17.7441472367583,70.11769424743015,11.584259992626864,2017-08-01
2432,2432,29,BA,2017,9,16.587124930602087,18.653329934700317,71.70521385320943,11.938740271593453,2017-09-01
2433,2433,29,BA,2017,10,18.15054017230217,20.29481318519482,64.50695217097451,12.30550142394448,2017-10-01
2434,2434,29,BA,2017,11,19.17121992164569,21.226182656627383,71.12741297806481,12.60696572030375,2017-11-01
2435,2435,29,BA,2017,12,19.795677219879845,21.80894259929915,71.0319842399573,12.749019874103595,2017-12-01
2436,2436,29,BA,2018,1,19.58260621778869,21.6543849891361,67.93185230986077,12.672731330759952,2018-01-01
2437,2437,29,BA,2018,2,19.840812315390345,21.84512821686272,73.63265341346742,12.421522578332135,2018-02-01
2438,2438,29,BA,2018,3,19.967376083898703,21.992782689786026,74.96256199445213,12.073446832707193,2018-03-01
2439,2439,29,BA,2018,4,18.80342118661943,20.819250271169786,76.2986335586682,11.705784787811892,2018-04-01
2440,2440,29,BA,2018,5,17.856805872509575,19.96309721393339,76.74615822360698,11.401346355658028,2018-05-01
2441,2441,29,BA,2018,6,16.73413553973563,18.91993758859489,77.59138784919331,11.25164758512019,2018-06-01
2442,2442,29,BA,2018,7,15.404483874694206,17.72154714986123,73.03650579351445,11.321901468078917,2018-07-01
2443,2443,29,BA,2018,8,16.529003023723167,18.781381813622392,69.99462616186348,11.584259992626864,2018-08-01
2444,2444,29,BA,2018,9,17.37667486604741,19.64630748160261,65.16634435051446,11.938740271593453,2018-09-01
2445,2445,29,BA,2018,10,19.093369229796902,21.247711772642788,65.64216049429231,12.30550142394448,2018-10-01
2446,2446,29,BA,2018,11,19.43686786258249,21.50164012908936,71.23569953790386,12.60696572030375,2018-11-01
2447,2447,29,BA,2018,12,19.064542874259296,21.13189469555317,74.81688813446864,12.749019874103595,2018-12-01
2448,2448,29,BA,2019,1,19.21851084169069,21.365989214676645,66.40371996068878,12.672731330759952,2019-01-01
2449,2449,29,BA,2019,2,20.54840408101724,22.64779797528206,68.08303158084756,12.421522578332135,2019-02-01
2450,2450,29,BA,2019,3,20.21115077306382,22.269371084799168,71.42640340183435,12.073446832707193,2019-03-01
2451,2451,29,BA,2019,4,19.98729511027713,22.028394986799864,76.62863870158756,11.705784787811892,2019-04-01
2452,2452,29,BA,2019,5,19.228505016249294,21.346678434008837,75.41126087383779,11.401346355658028,2019-05-01
2453,2453,29,BA,2019,6,17.01692371074911,19.24036554501211,76.3396691515196,11.25164758512019,2019-06-01
2454,2454,29,BA,2019,7,15.736903189229537,18.062851402759,74.88238438809657,11.321901468078917,2019-07-01
2455,2455,29,BA,2019,8,16.102961518495775,18.36701614906333,73.70142316135829,11.584259992626864,2019-08-01
2456,2456,29,BA,2019,9,17.25568505698066,19.52225547092233,69.77523440887792,11.938740271593453,2019-09-01
2457,2457,29,BA,2019,10,18.504256653566227,20.71086581411573,66.13880814884068,12.30550142394448,2019-10-01
2458,2458,29,BA,2019,11,19.487902611794237,21.68644627571868,64.36914221674418,12.60696572030375,2019-11-01
2459,2459,29,BA,2019,12,19.72599962536527,21.914428380135643,64.86670518174124,12.749019874103595,2019-12-01
2460,2460,29,BA,2020,1,19.85216584895044,21.94902556009116,72.94907775168316,12.672731330759952,2020-01-01
2461,2461,29,BA,2020,2,20.309714910203898,22.377994653753355,73.36820461033768,12.421522578332135,2020-02-01
2462,2462,29,BA,2020,3,20.17767073643902,22.17240075024115,78.90755544771513,12.073446832707193,2020-03-01
2463,2463,29,BA,2020,4,19.779134867536268,21.749365044021303,80.90036046083787,11.705784787811892,2020-04-01
2464,2464,29,BA,2020,5,18.48650690986744,20.524587189099016,82.2550567422747,11.401346355658028,2020-05-01
2465,2465,29,BA,2020,6,16.933083240591365,19.101546283267574,81.0956033500836,11.25164758512019,2020-06-01
2466,2466,29,BA,2020,7,15.858134128474356,18.073428597151104,77.98537146726986,11.321901468078917,2020-07-01
2467,2467,29,BA,2020,8,16.068133300959193,18.234743301392783,75.16171885706058,11.584259992626864,2020-08-01
2468,2468,29,BA,2020,9,16.928195534011632,19.09142663301609,70.0948468402707,11.938740271593453,2020-09-01
2469,2469,29,BA,2020,10,19.03950886273777,21.159695132717307,68.57977997942223,12.30550142394448,2020-10-01
2470,2470,29,BA,2020,11,19.043018276723835,21.04724066267006,77.64174762515427,12.60696572030375,2020-11-01
2471,2471,29,BA,2020,12,18.891541096287536,21.0185657602881,69.09672477629508,12.749019874103595,2020-12-01
2472,2472,29,BA,2021,1,19.29629665300097,21.374704278187675,69.85846904259763,12.672731330759952,2021-01-01
2473,2473,29,BA,2021,2,19.607116634366285,21.669543600196747,73.6435618833468,12.421522578332135,2021-02-01
2474,2474,29,BA,2021,3,18.645072706689817,20.80311835244663,67.32241930975995,12.073446832707193,2021-03-01
2475,2475,29,BA,2021,4,19.235928329098805,21.2966903236749,74.9837671876049,11.705784787811892,2021-04-01
2476,2476,29,BA,2021,5,16.997302438945923,19.20950822276159,73.24073210579249,11.401346355658028,2021-05-01
2477,2477,29,BA,2021,6,16.52701184972585,18.791471935900372,74.7058895992337,11.25164758512019,2021-06-01
2478,2478,29,BA,2021,7,15.757434569757423,17.999864142501938,73.91201024569315,11.321901468078917,2021-07-01
2479,2479,29,BA,2021,8,15.567522887758656,17.769881931914895,71.818397222746,11.584259992626864,2021-08-01
2480,2480,29,BA,2021,9,17.51689033237674,19.697545786536665,65.3368794149251,11.938740271593453,2021-09-01
2481,2481,29,BA,2021,10,19.54500265299255,21.600408287606072,67.74086624904493,12.30550142394448,2021-10-01
2482,2482,29,BA,2021,11,19.645709797365964,21.57310135313075,77.79843989798395,12.60696572030375,2021-11-01
2483,2483,29,BA,2021,12,19.94677564363206,21.827888494966533,81.96314620499528,12.749019874103595,2021-12-01
2484,2484,29,BA,2022,1,19.31224343859145,21.2264529165724,77.05907832957423,12.672731330759952,2022-01-01
2485,2485,29,BA,2022,2,19.927000382372107,21.86166604441623,75.30220622434808,12.421522578332135,2022-02-01
2486,2486,29,BA,2022,3,19.61058513207272,21.584264541600007,77.42696956759347,12.073446832707193,2022-03-01
2487,2487,29,BA,2022,4,19.13749684220214,21.18953262438877,75.56879044066991,11.705784787811892,2022-04-01
2488,2488,29,BA,2022,5,17.57784337832183,19.73186168093743,75.9365797101128,11.401346355658028,2022-05-01
2489,2489,29,BA,2022,6,15.725524268695397,18.02004071074805,74.58741611935062,11.25164758512019,2022-06-01
2490,2490,29,BA,2022,7,15.92459049274282,18.0963439942144,76.68043395159204,11.321901468078917,2022-07-01
2491,2491,29,BA,2022,8,15.71458008122055,17.933651718009216,71.13887016474624,11.584259992626864,2022-08-01
2492,2492,29,BA,2022,9,17.02100879515199,19.22787700671372,69.44912843971039,11.938740271593453,2022-09-01
2493,2493,29,BA,2022,10,18.890771645703616,21.01961944093466,66.9065733738673,12.30550142394448,2022-10-01
2494,2494,29,BA,2022,11,19.36970176551935,21.27957536154609,78.60994932051184,12.60696572030375,2022-11-01
2495,2495,29,BA,2022,12,19.58882654549637,21.52203613184459,79.33337989583447,12.749019874103595,2022-12-01
2496,2496,31,MG,2010,1,18.214466791535607,20.188115730988194,72.30008542717565,13.046239906149202,2010-01-01
2497,2497,31,MG,2010,2,18.159835320863863,20.18181858480406,69.4266869446437,12.654855534177234,2010-02-01
2498,2498,31,MG,2010,3,18.023501689245705,19.974984467987557,78.02504684349567,12.114028472583216,2010-03-01
2499,2499,31,MG,2010,4,15.47290891337646,17.545369820484847,74.8034938846542,11.543081486333431,2010-04-01
2500,2500,31,MG,2010,5,13.28938228119415,15.48082091774688,75.3138394666837,11.069301559097877,2010-05-01
2501,2501,31,MG,2010,6,9.933959915060344,12.296729465083436,71.68645513116405,10.835671602868167,2010-06-01
2502,2502,31,MG,2010,7,11.770803816201504,14.07786240512059,69.07904399119793,10.945381406781976,2010-07-01
2503,2503,31,MG,2010,8,10.205979969353752,12.660619314567668,58.50377213561363,11.354131415845432,2010-08-01
2504,2504,31,MG,2010,9,13.751886751089025,16.01083918312836,59.74306690153456,11.904893861072884,2010-09-01
2505,2505,31,MG,2010,10,16.10052956470819,18.154135405492102,69.86991143562932,12.474462386128993,2010-10-01
2506,2506,31,MG,2010,11,17.119144193396618,19.07473679241048,78.41984406516346,12.943653759792396,2010-11-01
2507,2507,31,MG,2010,12,18.233349056425663,20.156532519533503,77.59561662674311,13.16537124415535,2010-12-01
2508,2508,31,MG,2011,1,18.10090438296168,20.04172401819892,76.35612341742993,13.046239906149202,2011-01-01
2509,2509,31,MG,2011,2,17.855412298661545,19.877525779394784,69.16173429190464,12.654855534177234,2011-02-01
2510,2510,31,MG,2011,3,17.91646990790308,19.817652013376414,81.89830234390395,12.114028472583216,2011-03-01
2511,2511,31,MG,2011,4,16.16308469742525,18.17893351070021,77.88248790459224,11.543081486333431,2011-04-01
2512,2512,31,MG,2011,5,12.6197213272792,14.781725409279495,75.19817149622449,11.069301559097877,2011-05-01
2513,2513,31,MG,2011,6,10.753430412933245,13.030000973378584,73.78526046070189,10.835671602868167,2011-06-01
2514,2514,31,MG,2011,7,10.54280342276786,12.908569380639856,69.0651390857002,10.945381406781976,2011-07-01
2515,2515,31,MG,2011,8,12.219265455752357,14.624435295437983,60.609051236892455,11.354131415845432,2011-08-01
2516,2516,31,MG,2011,9,12.399963727761126,14.764636324277935,55.62865208800578,11.904893861072884,2011-09-01
2517,2517,31,MG,2011,10,15.988862775356052,17.99739287802371,72.33615816847232,12.474462386128993,2011-10-01
2518,2518,31,MG,2011,11,15.534341564938725,17.52690267492058,74.61151336768307,12.943653759792396,2011-11-01
2519,2519,31,MG,2011,12,17.394810800819613,19.306606602922123,80.27521678802083,13.16537124415535,2011-12-01
2520,2520,31,MG,2012,1,17.20613072036872,19.144537360829663,78.15730695778946,13.046239906149202,2012-01-01
2521,2521,31,MG,2012,2,17.143234732561904,19.160835872274955,69.82560072767517,12.654855534177234,2012-02-01
2522,2522,31,MG,2012,3,16.946448522630575,18.97164793093509,72.68847619780784,12.114028472583216,2012-03-01
2523,2523,31,MG,2012,4,16.353940953831973,18.42575371668832,74.34798411704358,11.543081486333431,2012-04-01
2524,2524,31,MG,2012,5,13.24100874999294,15.326610964058576,76.78373362326214,11.069301559097877,2012-05-01
2525,2525,31,MG,2012,6,13.354115845347438,15.504263799346113,76.3772357904897,10.835671602868167,2012-06-01
2526,2526,31,MG,2012,7,10.8973557926998,13.27466710217082,68.26700001140182,10.945381406781976,2012-07-01
2527,2527,31,MG,2012,8,11.6196276341829,13.9090495595087,65.57584906690118,11.354131415845432,2012-08-01
2528,2528,31,MG,2012,9,13.776099272898024,16.09400377278218,58.90924043040482,11.904893861072884,2012-09-01
2529,2529,31,MG,2012,10,16.15080050115113,18.355870128520944,58.77581096177869,12.474462386128993,2012-10-01
2530,2530,31,MG,2012,11,17.33062862503943,19.280979226743305,77.66890060481451,12.943653759792396,2012-11-01
2531,2531,31,MG,2012,12,18.412687691212945,20.39969099714388,71.11030457217534,13.16537124415535,2012-12-01
2532,2532,31,MG,2013,1,18.1129060242922,20.06154567975435,77.00770125287936,13.046239906149202,2013-01-01
2533,2533,31,MG,2013,2,17.689787655414957,19.70065581656804,71.90455548269348,12.654855534177234,2013-02-01
2534,2534,31,MG,2013,3,18.06283577665215,20.0159550038083,77.38060196350442,12.114028472583216,2013-03-01
2535,2535,31,MG,2013,4,15.4377010275303,17.448859518978363,77.69119630167381,11.543081486333431,2013-04-01
2536,2536,31,MG,2013,5,13.256948358804866,15.419682448666688,75.12768189663542,11.069301559097877,2013-05-01
2537,2537,31,MG,2013,6,13.3258299271452,15.476292085610316,77.67070001912984,10.835671602868167,2013-06-01
2538,2538,31,MG,2013,7,11.577603132078508,13.867359203383993,70.93210853499048,10.945381406781976,2013-07-01
2539,2539,31,MG,2013,8,11.589830983659851,13.925301664423682,62.85597669332177,11.354131415845432,2013-08-01
2540,2540,31,MG,2013,9,14.223438415079205,16.392015603698294,64.71871987469916,11.904893861072884,2013-09-01
2541,2541,31,MG,2013,10,15.550390170353811,17.616467203652313,69.98827506278407,12.474462386128993,2013-10-01
2542,2542,31,MG,2013,11,16.877789027712314,18.87907716513332,71.89218457368446,12.943653759792396,2013-11-01
2543,2543,31,MG,2013,12,18.22399453031617,20.123883213149533,80.11380087544445,13.16537124415535,2013-12-01
2544,2544,31,MG,2014,1,17.367058583270293,19.413850377990265,68.27974820375957,13.046239906149202,2014-01-01
2545,2545,31,MG,2014,2,17.332647036915148,19.392073975318525,64.8613166591866,12.654855534177234,2014-02-01
2546,2546,31,MG,2014,3,17.52173889730565,19.5074075683633,74.24356425054197,12.114028472583216,2014-03-01
2547,2547,31,MG,2014,4,16.205765184889366,18.25274681859577,75.28912263373091,11.543081486333431,2014-04-01
2548,2548,31,MG,2014,5,12.92168720156767,15.157456533805066,71.46049823882886,11.069301559097877,2014-05-01
2549,2549,31,MG,2014,6,12.258486682650586,14.501130640865444,72.53359955000943,10.835671602868167,2014-06-01
2550,2550,31,MG,2014,7,11.739624225922697,13.985485367250122,71.06396127112292,10.945381406781976,2014-07-01
2551,2551,31,MG,2014,8,11.288721471195135,13.68205431537955,60.94738321441731,11.354131415845432,2014-08-01
2552,2552,31,MG,2014,9,14.157859896729589,16.411365150520233,56.8072679241638,11.904893861072884,2014-09-01
2553,2553,31,MG,2014,10,15.494679576703335,17.7085448295082,57.83928755529483,12.474462386128993,2014-10-01
2554,2554,31,MG,2014,11,17.289502883507154,19.28679690672206,71.84012735448064,12.943653759792396,2014-11-01
2555,2555,31,MG,2014,12,17.644036834910683,19.62288305984207,72.98996528657514,13.16537124415535,2014-12-01
2556,2556,31,MG,2015,1,17.922756886548058,20.025054391274463,62.86995991804694,13.046239906149202,2015-01-01
2557,2557,31,MG,2015,2,17.915612465970742,19.893022251376717,73.85463413276219,12.654855534177234,2015-02-01
2558,2558,31,MG,2015,3,17.747178314935194,19.710474501416027,76.68100886292075,12.114028472583216,2015-03-01
2559,2559,31,MG,2015,4,16.540272190683567,18.547933798406497,76.19346772268817,11.543081486333431,2015-04-01
2560,2560,31,MG,2015,5,14.160940498292833,16.20926857957572,78.07940196222776,11.069301559097877,2015-05-01
2561,2561,31,MG,2015,6,12.609836947892829,14.792087434529792,74.57367742135219,10.835671602868167,2015-06-01
2562,2562,31,MG,2015,7,12.632832035523196,14.855709119458531,71.24696184630132,10.945381406781976,2015-07-01
2563,2563,31,MG,2015,8,12.258587103921842,14.57988357111162,63.06077476626683,11.354131415845432,2015-08-01
2564,2564,31,MG,2015,9,15.69726871480789,17.938215315085735,60.72264243070387,11.904893861072884,2015-09-01
2565,2565,31,MG,2015,10,17.397637103322783,19.59418497470388,57.975660244320274,12.474462386128993,2015-10-01
2566,2566,31,MG,2015,11,18.81039445872603,20.814912311990728,69.24504847397978,12.943653759792396,2015-11-01
2567,2567,31,MG,2015,12,18.541800955765293,20.527148100917124,70.75781934446968,13.16537124415535,2015-12-01
2568,2568,31,MG,2016,1,18.66241591253426,20.563177912768037,79.38371722016487,13.046239906149202,2016-01-01
2569,2569,31,MG,2016,2,18.341675948233103,20.32678021917001,70.83621745115919,12.654855534177234,2016-02-01
2570,2570,31,MG,2016,3,18.168162583340063,20.154407442001503,74.25522582105314,12.114028472583216,2016-03-01
2571,2571,31,MG,2016,4,16.352757689374272,18.536351889453396,67.7625391344113,11.543081486333431,2016-04-01
2572,2572,31,MG,2016,5,13.924815476193796,16.076973686319967,73.07294502066433,11.069301559097877,2016-05-01
2573,2573,31,MG,2016,6,11.82185657830154,14.05250788259201,73.18719169509369,10.835671602868167,2016-06-01
2574,2574,31,MG,2016,7,11.273036348177264,13.646564318835004,65.82423992032197,10.945381406781976,2016-07-01
2575,2575,31,MG,2016,8,12.4685451507707,14.7718110209875,61.48763766377298,11.354131415845432,2016-08-01
2576,2576,31,MG,2016,9,14.848280273586942,17.072187097783477,59.44954405334044,11.904893861072884,2016-09-01
2577,2577,31,MG,2016,10,16.907639410124016,18.958845821247607,66.82230976494097,12.474462386128993,2016-10-01
2578,2578,31,MG,2016,11,17.154603704711153,19.106772040407748,74.67953691873852,12.943653759792396,2016-11-01
2579,2579,31,MG,2016,12,17.55535571809499,19.51761829350398,74.31224528662047,13.16537124415535,2016-12-01
2580,2580,31,MG,2017,1,18.115741710188946,20.114734050253176,69.71740985384635,13.046239906149202,2017-01-01
2581,2581,31,MG,2017,2,17.841899353302697,19.809472738089344,74.09388283688186,12.654855534177234,2017-02-01
2582,2582,31,MG,2017,3,17.04118248872036,19.09200886735504,71.96753291350171,12.114028472583216,2017-03-01
2583,2583,31,MG,2017,4,16.22790235427731,18.315817387097518,73.82388907652808,11.543081486333431,2017-04-01
2584,2584,31,MG,2017,5,14.233885100500686,16.355019953672578,75.8471345786441,11.069301559097877,2017-05-01
2585,2585,31,MG,2017,6,12.300482801806243,14.540123089555186,72.33164019016327,10.835671602868167,2017-06-01
2586,2586,31,MG,2017,7,10.118890719474106,12.442351345327443,68.4291103280664,10.945381406781976,2017-07-01
2587,2587,31,MG,2017,8,11.401747942673603,13.776988799194296,61.230035513390376,11.354131415845432,2017-08-01
2588,2588,31,MG,2017,9,13.130569989926276,15.47136900859123,54.9477177085146,11.904893861072884,2017-09-01
2589,2589,31,MG,2017,10,16.671693418686235,18.83124458986832,59.4318522669808,12.474462386128993,2017-10-01
2590,2590,31,MG,2017,11,17.122509840327627,19.095040533532384,73.7683497391254,12.943653759792396,2017-11-01
2591,2591,31,MG,2017,12,17.970745049739072,19.914724167449183,76.82078898920034,13.16537124415535,2017-12-01
2592,2592,31,MG,2018,1,18.04469644569374,20.02648629032483,72.12983540973275,13.046239906149202,2018-01-01
2593,2593,31,MG,2018,2,17.91249012915139,19.859960289142016,78.25683556471891,12.654855534177234,2018-02-01
2594,2594,31,MG,2018,3,18.189968752192915,20.138424212672103,77.354946996271,12.114028472583216,2018-03-01
2595,2595,31,MG,2018,4,15.766601739557704,17.79795526984894,76.20191752697258,11.543081486333431,2018-04-01
2596,2596,31,MG,2018,5,12.893289330059812,15.109823363012046,73.24683592681313,11.069301559097877,2018-05-01
2597,2597,31,MG,2018,6,12.905748540970114,15.124677189722243,73.31057250442893,10.835671602868167,2018-06-01
2598,2598,31,MG,2018,7,10.86438430283908,13.260744460619929,66.69960196600763,10.945381406781976,2018-07-01
2599,2599,31,MG,2018,8,13.051953489992174,15.278116084252346,67.94368186370465,11.354131415845432,2018-08-01
2600,2600,31,MG,2018,9,14.772073876044862,16.96487676872784,63.77779831038457,11.904893861072884,2018-09-01
2601,2601,31,MG,2018,10,17.505114526614857,19.52170572070623,71.42197007883723,12.474462386128993,2018-10-01
2602,2602,31,MG,2018,11,17.33677554020615,19.273414451156384,77.4397572659384,12.943653759792396,2018-11-01
2603,2603,31,MG,2018,12,17.4832910727351,19.45089684097858,75.27874883703595,13.16537124415535,2018-12-01
2604,2604,31,MG,2019,1,17.984551517387175,20.01541306451991,67.80115333900181,13.046239906149202,2019-01-01
2605,2605,31,MG,2019,2,18.46768299835728,20.435855653493213,74.77986161230876,12.654855534177234,2019-02-01
2606,2606,31,MG,2019,3,18.128064897152992,20.065423536637876,76.08801135036592,12.114028472583216,2019-03-01
2607,2607,31,MG,2019,4,17.349982843141902,19.370365551161832,76.7631883098726,11.543081486333431,2019-04-01
2608,2608,31,MG,2019,5,15.32286010669002,17.426426001586528,76.0798838306374,11.069301559097877,2019-05-01
2609,2609,31,MG,2019,6,12.385293323078766,14.6312206125483,71.11698630371332,10.835671602868167,2019-06-01
2610,2610,31,MG,2019,7,10.103630536871696,12.5204110097247,64.83195053430656,10.945381406781976,2019-07-01
2611,2611,31,MG,2019,8,12.405317158060884,14.658264598547817,64.46472089634952,11.354131415845432,2019-08-01
2612,2612,31,MG,2019,9,15.212099530790969,17.48571717380406,59.66668141615861,11.904893861072884,2019-09-01
2613,2613,31,MG,2019,10,16.86393627843441,18.98362855825059,61.84366483464389,12.474462386128993,2019-10-01
2614,2614,31,MG,2019,11,17.97361420791286,19.9874995399332,71.48390281039227,12.943653759792396,2019-11-01
2615,2615,31,MG,2019,12,18.07662397636812,20.04066697947896,73.91904391830566,13.16537124415535,2019-12-01
2616,2616,31,MG,2020,1,18.725083700553764,20.68150817188883,78.33650017830561,13.046239906149202,2020-01-01
2617,2617,31,MG,2020,2,18.596147388919803,20.50947481636454,80.08963694936577,12.654855534177234,2020-02-01
2618,2618,31,MG,2020,3,17.2045477451988,19.164379220116505,79.05787503105769,12.114028472583216,2020-03-01
2619,2619,31,MG,2020,4,15.948152131780883,17.973097792860585,77.7529665471055,11.543081486333431,2020-04-01
2620,2620,31,MG,2020,5,12.28673970930093,14.442804527982382,75.81022444140311,11.069301559097877,2020-05-01
2621,2621,31,MG,2020,6,12.214701392208402,14.394985718343255,74.33026407800088,10.835671602868167,2020-06-01
2622,2622,31,MG,2020,7,11.8070131543781,14.052742441091029,69.82668972487836,10.945381406781976,2020-07-01
2623,2623,31,MG,2020,8,11.820252810607018,14.037701051577278,65.30162945247402,11.354131415845432,2020-08-01
2624,2624,31,MG,2020,9,14.748450230711278,17.048571640441732,55.63325397317043,11.904893861072884,2020-09-01
2625,2625,31,MG,2020,10,17.439129535050903,19.494263733163187,67.47059734905514,12.474462386128993,2020-10-01
2626,2626,31,MG,2020,11,16.742401828547855,18.72362378514712,73.62576723102481,12.943653759792396,2020-11-01
2627,2627,31,MG,2020,12,17.958479387444683,19.89745962548102,76.16827342865737,13.16537124415535,2020-12-01
2628,2628,31,MG,2021,1,17.81289555985615,19.807198930317742,70.61658922064228,13.046239906149202,2021-01-01
2629,2629,31,MG,2021,2,17.884986978223267,19.841723608184036,79.2435719686983,12.654855534177234,2021-02-01
2630,2630,31,MG,2021,3,17.010446912901614,19.03981354937802,73.6473676104979,12.114028472583216,2021-03-01
2631,2631,31,MG,2021,4,14.732040240800488,16.860401810645683,71.77400364758401,11.543081486333431,2021-04-01
2632,2632,31,MG,2021,5,13.124966283855755,15.298997053070194,70.59754888234987,11.069301559097877,2021-05-01
2633,2633,31,MG,2021,6,11.806171202743167,14.003200282655502,71.85648600573464,10.835671602868167,2021-06-01
2634,2634,31,MG,2021,7,9.292819124841465,11.705580354420356,61.957610543437895,10.945381406781976,2021-07-01
2635,2635,31,MG,2021,8,12.081840164623854,14.339648343384034,61.15169612547095,11.354131415845432,2021-08-01
2636,2636,31,MG,2021,9,15.697196746860088,17.895990621340186,56.147729918676326,11.904893861072884,2021-09-01
2637,2637,31,MG,2021,10,17.253280451784374,19.23129586209076,73.61643318541539,12.474462386128993,2021-10-01
2638,2638,31,MG,2021,11,16.714635821543386,18.743576902130144,75.6780340919927,12.943653759792396,2021-11-01
2639,2639,31,MG,2021,12,17.469564744511292,19.419321712349205,79.6398736292803,13.16537124415535,2021-12-01
2640,2640,31,MG,2022,1,18.10242934223924,20.05637165198405,78.61464608789,13.046239906149202,2022-01-01
2641,2641,31,MG,2022,2,18.073430724607963,19.982929495826,81.08611342711697,12.654855534177234,2022-02-01
2642,2642,31,MG,2022,3,17.44506815019635,19.438874185651077,71.27014437555992,12.114028472583216,2022-03-01
2643,2643,31,MG,2022,4,16.153653592316143,18.207715298375756,72.40336876154039,11.543081486333431,2022-04-01
2644,2644,31,MG,2022,5,12.155861840700526,14.341701823689064,70.84506143111845,11.069301559097877,2022-05-01
2645,2645,31,MG,2022,6,10.769413475720986,13.05197669231093,69.8098535687535,10.835671602868167,2022-06-01
2646,2646,31,MG,2022,7,11.00712711903862,13.37505045905667,65.65567127927882,10.945381406781976,2022-07-01
2647,2647,31,MG,2022,8,11.89429257554954,14.17507835538648,60.53602224578702,11.354131415845432,2022-08-01
2648,2648,31,MG,2022,9,14.146612581974766,16.323138891826062,62.64516629617444,11.904893861072884,2022-09-01
2649,2649,31,MG,2022,10,16.902390574929267,18.951034521374044,66.51338678722153,12.474462386128993,2022-10-01
2650,2650,31,MG,2022,11,15.871202593326757,17.841287094058817,74.47955021144543,12.943653759792396,2022-11-01
2651,2651,31,MG,2022,12,17.562176550840757,19.46520322928003,81.01653953049929,13.16537124415535,2022-12-01
2652,2652,32,ES,2010,1,19.56363292288642,22.51337835826196,67.48980375278873,13.06273344287231,2010-01-01
2653,2653,32,ES,2010,2,19.6348538346343,22.66179702482817,69.0492846258394,12.665172140100784,2010-02-01
2654,2654,32,ES,2010,3,19.588586366699197,22.496598978886635,77.46382337527595,12.115824116298077,2010-03-01
2655,2655,32,ES,2010,4,17.283459045948128,20.273706955787464,78.46862292330489,11.53588479753128,2010-04-01
2656,2656,32,ES,2010,5,15.555716062203432,18.55862327998487,79.1995342308278,11.054632745163262,2010-05-01
2657,2657,32,ES,2010,6,12.337286390478797,15.531183532975678,75.93986344948793,10.817311835695644,2010-06-01
2658,2658,32,ES,2010,7,14.0575455313285,17.081798056909328,79.5740600630111,10.928755480052208,2010-07-01
2659,2659,32,ES,2010,8,12.345794890535036,15.502693877326642,70.8275312276987,11.3439564267474,2010-08-01
2660,2660,32,ES,2010,9,14.96727269439616,17.90085947941511,68.99824863825089,11.903396208875524,2010-09-01
2661,2661,32,ES,2010,10,17.005179417833403,19.805647453658334,72.53332665461562,12.481935565679558,2010-10-01
2662,2662,32,ES,2010,11,17.858955163629645,20.63629656245566,80.61080534845337,12.95852708746947,2010-11-01
2663,2663,32,ES,2010,12,19.05800404481596,21.89145301648464,76.15423659237088,13.183747497148223,2010-12-01
2664,2664,32,ES,2011,1,19.036849615098625,21.90576216285144,73.9279864778984,13.06273344287231,2011-01-01
2665,2665,32,ES,2011,2,19.112795619737533,22.004005758753628,70.51261036736625,12.665172140100784,2011-02-01
2666,2666,32,ES,2011,3,18.928790865504517,21.741654344784315,82.30034852639223,12.115824116298077,2011-03-01
2667,2667,32,ES,2011,4,17.837124805776483,20.72030958518004,81.9482519133478,11.53588479753128,2011-04-01
2668,2668,32,ES,2011,5,14.330418858821968,17.364593056433453,77.89676211588238,11.054632745163262,2011-05-01
2669,2669,32,ES,2011,6,13.578371928390276,16.601801782591732,77.65416954236153,10.817311835695644,2011-06-01
2670,2670,32,ES,2011,7,12.69732949491729,15.774286161088272,76.25939692614786,10.928755480052208,2011-07-01
2671,2671,32,ES,2011,8,14.170452905549208,17.11347675441808,72.77565352358633,11.3439564267474,2011-08-01
2672,2672,32,ES,2011,9,13.461180579407602,16.48243035006727,69.54807348821917,11.903396208875524,2011-09-01
2673,2673,32,ES,2011,10,16.598997014529257,19.37511584539863,77.85452965924915,12.481935565679558,2011-10-01
2674,2674,32,ES,2011,11,16.28235438379467,19.03984100349948,78.60500146099645,12.95852708746947,2011-11-01
2675,2675,32,ES,2011,12,18.32761712898589,21.083735363852195,80.3946189060006,13.183747497148223,2011-12-01
2676,2676,32,ES,2012,1,18.442796821925537,21.22250094819996,77.73655279299955,13.06273344287231,2012-01-01
2677,2677,32,ES,2012,2,18.205845042733785,21.051186836050423,71.65989992325544,12.665172140100784,2012-02-01
2678,2678,32,ES,2012,3,18.389536133080696,21.219949389411163,73.00857234888574,12.115824116298077,2012-03-01
2679,2679,32,ES,2012,4,17.828261904023652,20.701838868296047,76.32532477093558,11.53588479753128,2012-04-01
2680,2680,32,ES,2012,5,15.287737321616993,18.131480814111043,80.19094477733174,11.054632745163262,2012-05-01
2681,2681,32,ES,2012,6,15.379979422561124,18.335341824833147,79.21445160890237,10.817311835695644,2012-06-01
2682,2682,32,ES,2012,7,13.443265998383216,16.534226041475144,75.50292768233862,10.928755480052208,2012-07-01
2683,2683,32,ES,2012,8,13.854772378434022,16.82706466324572,78.75902762464298,11.3439564267474,2012-08-01
2684,2684,32,ES,2012,9,14.962523511128548,17.854596775821133,72.13339926075732,11.903396208875524,2012-09-01
2685,2685,32,ES,2012,10,16.577225852002773,19.392579065264503,70.31590867969396,12.481935565679558,2012-10-01
2686,2686,32,ES,2012,11,17.801885051808807,20.52923712608142,80.83213073860885,12.95852708746947,2012-11-01
2687,2687,32,ES,2012,12,19.630912983092124,22.369760608751974,71.0093542734782,13.183747497148223,2012-12-01
2688,2688,32,ES,2013,1,19.22405907612778,21.983029240512767,74.18065272253145,13.06273344287231,2013-01-01
2689,2689,32,ES,2013,2,19.01963201285282,21.845258619322447,72.04949994314285,12.665172140100784,2013-02-01
2690,2690,32,ES,2013,3,19.307051238193303,21.998105270789612,77.71564380150377,12.115824116298077,2013-03-01
2691,2691,32,ES,2013,4,16.9055593008669,19.753141019283195,78.50122390486237,11.53588479753128,2013-04-01
2692,2692,32,ES,2013,5,15.05629821431055,18.086298758772607,77.61174875453447,11.054632745163262,2013-05-01
2693,2693,32,ES,2013,6,14.970026142169267,17.931103530704465,80.54419594137077,10.817311835695644,2013-06-01
2694,2694,32,ES,2013,7,14.33311176245818,17.2658322210446,77.84275565766617,10.928755480052208,2013-07-01
2695,2695,32,ES,2013,8,13.654709790145397,16.643882169321216,73.61998687251922,11.3439564267474,2013-08-01
2696,2696,32,ES,2013,9,15.442288074228498,18.27134061511765,74.1218201759534,11.903396208875524,2013-09-01
2697,2697,32,ES,2013,10,16.156753749271576,18.97236493128799,75.84795537085648,12.481935565679558,2013-10-01
2698,2698,32,ES,2013,11,17.54915032712822,20.21192599973108,76.46462054456401,12.95852708746947,2013-11-01
2699,2699,32,ES,2013,12,19.121796052252783,21.76451927931275,82.03808783853813,13.183747497148223,2013-12-01
2700,2700,32,ES,2014,1,18.625196558271583,21.489956671586206,72.5444740330118,13.06273344287231,2014-01-01
2701,2701,32,ES,2014,2,18.3477631069365,21.271780621874463,71.86899776249142,12.665172140100784,2014-02-01
2702,2702,32,ES,2014,3,18.79043171324939,21.59169663428472,75.83272472504648,12.115824116298077,2014-03-01
2703,2703,32,ES,2014,4,17.547461386521658,20.461679068589824,77.23799402611887,11.53588479753128,2014-04-01
2704,2704,32,ES,2014,5,15.145243384751334,18.24543950062729,76.49563044728673,11.054632745163262,2014-05-01
2705,2705,32,ES,2014,6,14.48486061065625,17.565574224993714,78.81013732975364,10.817311835695644,2014-06-01
2706,2706,32,ES,2014,7,14.05849262014512,17.064152835320595,79.3683844567134,10.928755480052208,2014-07-01
2707,2707,32,ES,2014,8,13.225934577910143,16.315175379870645,73.41884693180461,11.3439564267474,2014-08-01
2708,2708,32,ES,2014,9,14.955358730065518,17.887683801161938,69.36115629245073,11.903396208875524,2014-09-01
2709,2709,32,ES,2014,10,15.858188325851984,18.708662264991933,71.49307811980015,12.481935565679558,2014-10-01
2710,2710,32,ES,2014,11,17.644474747445848,20.434699663341554,73.5234759126973,12.95852708746947,2014-11-01
2711,2711,32,ES,2014,12,18.31354477703325,21.15570854253272,72.55800295940996,13.183747497148223,2014-12-01
2712,2712,32,ES,2015,1,19.256472823834795,22.129322235006452,63.23982279156731,13.06273344287231,2015-01-01
2713,2713,32,ES,2015,2,19.41155230256664,22.25176909555009,70.33825808479673,12.665172140100784,2015-02-01
2714,2714,32,ES,2015,3,18.9963182953392,21.822480200143566,73.5177237839616,12.115824116298077,2015-03-01
2715,2715,32,ES,2015,4,17.389640265856034,20.25500979138236,75.08300552531185,11.53588479753128,2015-04-01
2716,2716,32,ES,2015,5,15.500633550341018,18.425155190814124,79.52619818284356,11.054632745163262,2015-05-01
2717,2717,32,ES,2015,6,14.69829297473288,17.78837344626076,78.90455762912066,10.817311835695644,2015-06-01
2718,2718,32,ES,2015,7,14.37178950086914,17.40529576207706,78.40806396900868,10.928755480052208,2015-07-01
2719,2719,32,ES,2015,8,13.978414231632446,17.10674799050646,73.74198239612817,11.3439564267474,2015-08-01
2720,2720,32,ES,2015,9,16.718007142523415,19.665578418715388,70.36187778864151,11.903396208875524,2015-09-01
2721,2721,32,ES,2015,10,17.864417337602188,20.67007148670105,66.76038425751615,12.481935565679558,2015-10-01
2722,2722,32,ES,2015,11,19.642550283823255,22.43014586929582,70.0123886825692,12.95852708746947,2015-11-01
2723,2723,32,ES,2015,12,19.702182893224546,22.560345055743426,69.05090663016976,13.183747497148223,2015-12-01
2724,2724,32,ES,2016,1,19.52480146173015,22.329324721895635,75.86182699369142,13.06273344287231,2016-01-01
2725,2725,32,ES,2016,2,19.748322259209832,22.65556947537801,67.86744398358225,12.665172140100784,2016-02-01
2726,2726,32,ES,2016,3,19.62811759644249,22.461506490967707,72.47056343103856,12.115824116298077,2016-03-01
2727,2727,32,ES,2016,4,18.30530770334423,21.29326775094383,70.37167602441251,11.53588479753128,2016-04-01
2728,2728,32,ES,2016,5,16.081767820740062,19.04673770836703,72.80950858634401,11.054632745163262,2016-05-01
2729,2729,32,ES,2016,6,14.389472263487866,17.39079605025104,76.24015929719322,10.817311835695644,2016-06-01
2730,2730,32,ES,2016,7,14.192034981682635,17.204828543935164,73.7324642074118,10.928755480052208,2016-07-01
2731,2731,32,ES,2016,8,14.62091441091375,17.581890900929768,69.60656570579712,11.3439564267474,2016-08-01
2732,2732,32,ES,2016,9,16.215176085325385,19.030419398169236,69.49352594033266,11.903396208875524,2016-09-01
2733,2733,32,ES,2016,10,17.30949994845268,19.99918983749756,74.27976675009906,12.481935565679558,2016-10-01
2734,2734,32,ES,2016,11,17.639437113867864,20.41844553458385,76.60647230392848,12.95852708746947,2016-11-01
2735,2735,32,ES,2016,12,18.686253275133737,21.53159058872977,76.60511082790428,13.183747497148223,2016-12-01
2736,2736,32,ES,2017,1,19.25676261067292,22.11421088643859,67.67224197766326,13.06273344287231,2017-01-01
2737,2737,32,ES,2017,2,18.935119198355483,21.771986837788816,75.56109249548162,12.665172140100784,2017-02-01
2738,2738,32,ES,2017,3,18.28038888277349,21.162112140971043,73.14115523503179,12.115824116298077,2017-03-01
2739,2739,32,ES,2017,4,17.37529966301388,20.213094583739583,76.43912709554036,11.53588479753128,2017-04-01
2740,2740,32,ES,2017,5,15.456646002206652,18.402979399173883,79.06984716688335,11.054632745163262,2017-05-01
2741,2741,32,ES,2017,6,14.772555727530747,17.81389579120864,79.49116528828938,10.817311835695644,2017-06-01
2742,2742,32,ES,2017,7,12.669882781945349,15.732977367413746,80.69709954210506,10.928755480052208,2017-07-01
2743,2743,32,ES,2017,8,12.807619961556371,15.814098287358377,73.35657433382828,11.3439564267474,2017-08-01
2744,2744,32,ES,2017,9,13.934134544979814,16.902457105603993,72.84478602287096,11.903396208875524,2017-09-01
2745,2745,32,ES,2017,10,17.330698575728977,20.141383357241292,69.58167046767015,12.481935565679558,2017-10-01
2746,2746,32,ES,2017,11,17.413139500373447,20.192443737616905,76.9842913293431,12.95852708746947,2017-11-01
2747,2747,32,ES,2017,12,18.512663808117438,21.29461901320023,78.48598535283722,13.183747497148223,2017-12-01
2748,2748,32,ES,2018,1,19.10957553073135,21.930051238404708,71.32357131636172,13.06273344287231,2018-01-01
2749,2749,32,ES,2018,2,18.81244263806186,21.638022324541115,78.90093220022571,12.665172140100784,2018-02-01
2750,2750,32,ES,2018,3,19.217977097450557,22.07205040776305,79.08820582501055,12.115824116298077,2018-03-01
2751,2751,32,ES,2018,4,17.23747210237715,20.076459296951946,81.57449368207882,11.53588479753128,2018-04-01
2752,2752,32,ES,2018,5,15.297282609395296,18.30549434436265,80.82361746031553,11.054632745163262,2018-05-01
2753,2753,32,ES,2018,6,14.948730738753946,17.894417700808273,80.34243591504219,10.817311835695644,2018-06-01
2754,2754,32,ES,2018,7,13.143096134522615,16.344943909136298,76.8917360802738,10.928755480052208,2018-07-01
2755,2755,32,ES,2018,8,14.837173288769716,17.694485505816363,79.13758884805407,11.3439564267474,2018-08-01
2756,2756,32,ES,2018,9,15.922808510116024,18.813904910617406,74.42601197234585,11.903396208875524,2018-09-01
2757,2757,32,ES,2018,10,17.62114819876905,20.348411437003843,76.47627745629146,12.481935565679558,2018-10-01
2758,2758,32,ES,2018,11,17.8507277162666,20.60553028929947,79.23399939903847,12.95852708746947,2018-11-01
2759,2759,32,ES,2018,12,18.48372040986029,21.248231879140445,78.15280706848952,13.183747497148223,2018-12-01
2760,2760,32,ES,2019,1,18.988759087766866,21.927100387854058,70.46121858702503,13.06273344287231,2019-01-01
2761,2761,32,ES,2019,2,19.753797791379714,22.63248751277015,74.29689823052821,12.665172140100784,2019-02-01
2762,2762,32,ES,2019,3,19.32538910085648,22.252941123309263,75.18923831873437,12.115824116298077,2019-03-01
2763,2763,32,ES,2019,4,18.929955073707124,21.801030543726736,78.00242528018788,11.53588479753128,2019-04-01
2764,2764,32,ES,2019,5,17.283717736811358,20.22156603578894,79.92211911222775,11.054632745163262,2019-05-01
2765,2765,32,ES,2019,6,14.945013233331531,18.06296046656421,78.65415791079529,10.817311835695644,2019-06-01
2766,2766,32,ES,2019,7,12.493042018883871,15.806832420027286,73.91557344984082,10.928755480052208,2019-07-01
2767,2767,32,ES,2019,8,13.91974652121637,16.88682439644737,74.97253662342864,11.3439564267474,2019-08-01
2768,2768,32,ES,2019,9,16.02846388185126,18.95460097728631,72.45071354890482,11.903396208875524,2019-09-01
2769,2769,32,ES,2019,10,17.12043865403427,19.976660655095028,71.89135607931611,12.481935565679558,2019-10-01
2770,2770,32,ES,2019,11,18.112097093386527,20.873848959930942,76.91608305711013,12.95852708746947,2019-11-01
2771,2771,32,ES,2019,12,18.692391804173724,21.44132193817,75.44866834345487,13.183747497148223,2019-12-01
2772,2772,32,ES,2020,1,19.610076546570404,22.29744463779396,77.48102898988179,13.06273344287231,2020-01-01
2773,2773,32,ES,2020,2,19.63100167610917,22.38752194656723,76.98912255433046,12.665172140100784,2020-02-01
2774,2774,32,ES,2020,3,18.271308303766748,21.07478732289708,79.68438964288426,12.115824116298077,2020-03-01
2775,2775,32,ES,2020,4,17.406949727759404,20.249689144150825,78.3099397447374,11.53588479753128,2020-04-01
2776,2776,32,ES,2020,5,14.706099424988796,17.657990009751174,78.68103507572802,11.054632745163262,2020-05-01
2777,2777,32,ES,2020,6,14.423773503507304,17.47254313607501,79.67842239314675,10.817311835695644,2020-06-01
2778,2778,32,ES,2020,7,14.08128860334013,17.022169069380087,79.58808179844303,10.928755480052208,2020-07-01
2779,2779,32,ES,2020,8,14.098817196584518,17.053257550357095,76.1271462389218,11.3439564267474,2020-08-01
2780,2780,32,ES,2020,9,15.694104369481405,18.630314969201372,71.3532938916459,11.903396208875524,2020-09-01
2781,2781,32,ES,2020,10,17.91617259158883,20.623482942383973,77.96160859485812,12.481935565679558,2020-10-01
2782,2782,32,ES,2020,11,17.77069151218121,20.530851200299388,78.78856819348458,12.95852708746947,2020-11-01
2783,2783,32,ES,2020,12,18.98843750941842,21.7609958987871,73.81313641077236,13.183747497148223,2020-12-01
2784,2784,32,ES,2021,1,18.539985056451968,21.39290629466572,70.55144690993998,13.06273344287231,2021-01-01
2785,2785,32,ES,2021,2,18.73801071696229,21.537784673792103,77.7477151797368,12.665172140100784,2021-02-01
2786,2786,32,ES,2021,3,18.21946999492282,21.09825652251074,75.16499174952605,12.115824116298077,2021-03-01
2787,2787,32,ES,2021,4,16.561427642341354,19.509566773308645,74.88255777277497,11.53588479753128,2021-04-01
2788,2788,32,ES,2021,5,15.448931320035037,18.44034068499645,74.1988661539663,11.054632745163262,2021-05-01
2789,2789,32,ES,2021,6,13.994891159580304,17.051201718077703,76.43853874532586,10.817311835695644,2021-06-01
2790,2790,32,ES,2021,7,12.277016427790064,15.45975768773195,71.09883457969495,10.928755480052208,2021-07-01
2791,2791,32,ES,2021,8,13.82991608301897,16.759247453475016,72.01113627664898,11.3439564267474,2021-08-01
2792,2792,32,ES,2021,9,16.32123131283328,19.206322341902645,70.29641339065682,11.903396208875524,2021-09-01
2793,2793,32,ES,2021,10,17.32474557026247,20.04358732887691,77.82478936434384,12.481935565679558,2021-10-01
2794,2794,32,ES,2021,11,16.799546095856233,19.53320843949277,77.9164163507967,12.95852708746947,2021-11-01
2795,2795,32,ES,2021,12,17.945904010381454,20.760788952249253,79.14615231964389,13.183747497148223,2021-12-01
2796,2796,32,ES,2022,1,18.89059904727983,21.731656686248023,74.46928072882842,13.06273344287231,2022-01-01
2797,2797,32,ES,2022,2,18.968173099088144,21.81478315657312,79.8917021943536,12.665172140100784,2022-02-01
2798,2798,32,ES,2022,3,18.27932162793635,21.27176825599891,73.6779041148297,12.115824116298077,2022-03-01
2799,2799,32,ES,2022,4,17.408843183925008,20.386773606243292,73.66983352074257,11.53588479753128,2022-04-01
2800,2800,32,ES,2022,5,14.644457842744856,17.81274688805895,74.08370927821713,11.054632745163262,2022-05-01
2801,2801,32,ES,2022,6,12.81900096963733,16.139288303994725,74.43481057321924,10.817311835695644,2022-06-01
2802,2802,32,ES,2022,7,13.439223113288753,16.668118280453363,74.79101093787611,10.928755480052208,2022-07-01
2803,2803,32,ES,2022,8,13.57616335227531,16.674560717061297,69.49435991803115,11.3439564267474,2022-08-01
2804,2804,32,ES,2022,9,14.755757497110936,17.672290428275737,71.02775985359128,11.903396208875524,2022-09-01
2805,2805,32,ES,2022,10,17.634577371938057,20.408188869974847,72.74900069288029,12.481935565679558,2022-10-01
2806,2806,32,ES,2022,11,16.814529386137284,19.654849495031897,76.74584335098919,12.95852708746947,2022-11-01
2807,2807,32,ES,2022,12,18.311131046269924,21.024424426313075,79.78436645936927,13.183747497148223,2022-12-01
2808,2808,33,RJ,2010,1,19.621634488018834,22.82369598867515,74.20218784310875,13.204945064870763,2010-01-01
2809,2809,33,RJ,2010,2,19.56837208004472,22.867296892663703,70.75839900081942,12.753787828491769,2010-02-01
2810,2810,33,RJ,2010,3,18.95459487595364,22.041110675431906,80.19434327263318,12.131212545933296,2010-03-01
2811,2811,33,RJ,2010,4,16.686401097152544,19.893522704165918,80.45161608820376,11.47414361344075,2010-04-01
2812,2812,33,RJ,2010,5,14.41968112001078,17.715004058907443,81.14977629020873,10.928316006307652,2010-05-01
2813,2813,33,RJ,2010,6,11.156195722444764,14.672371228708736,78.8915880424389,10.658775284994222,2010-06-01
2814,2814,33,RJ,2010,7,13.362301653943335,16.745026979339407,79.0351991385932,10.785387064589631,2010-07-01
2815,2815,33,RJ,2010,8,11.775556838915778,15.329850962419496,72.23503508039477,11.256558790550626,2010-08-01
2816,2816,33,RJ,2010,9,14.468378169424293,17.733207617980845,72.60715004879495,11.89056222565283,2010-09-01
2817,2817,33,RJ,2010,10,15.61227941864169,18.705779366874427,76.07870966923353,12.546056540284471,2010-10-01
2818,2818,33,RJ,2010,11,17.262157528642295,20.229401026601376,80.7205044635828,13.086620782179622,2010-11-01
2819,2819,33,RJ,2010,12,19.420040666304665,22.455875619430863,80.38888368432686,13.342428531030867,2010-12-01
2820,2820,33,RJ,2011,1,19.488533980381607,22.598719787463903,76.98997913269642,13.204945064870763,2011-01-01
2821,2821,33,RJ,2011,2,19.21192915617309,22.49340203608045,70.99050492381457,12.753787828491769,2011-02-01
2822,2822,33,RJ,2011,3,18.682937776223135,21.6742610640479,85.15993012084533,12.131212545933296,2011-03-01
2823,2823,33,RJ,2011,4,17.340304181368456,20.625525942056075,81.1951730258223,11.47414361344075,2011-04-01
2824,2824,33,RJ,2011,5,13.5455901352754,16.92060023103155,81.52857486997713,10.928316006307652,2011-05-01
2825,2825,33,RJ,2011,6,11.859787794019002,15.302567595502603,80.51121619266013,10.658775284994222,2011-06-01
2826,2826,33,RJ,2011,7,11.596346184368366,15.270927548575704,78.35398455187783,10.785387064589631,2011-07-01
2827,2827,33,RJ,2011,8,13.48152673307174,16.895080006473698,73.88823254546477,11.256558790550626,2011-08-01
2828,2828,33,RJ,2011,9,12.980760955945522,16.387109154894734,70.21104827825575,11.89056222565283,2011-09-01
2829,2829,33,RJ,2011,10,15.974997255109972,19.079407867509214,76.16081474004588,12.546056540284471,2011-10-01
2830,2830,33,RJ,2011,11,15.548340666207714,18.643600872979647,77.37319035599197,13.086620782179622,2011-11-01
2831,2831,33,RJ,2011,12,17.94203271905971,20.92326174645069,80.12323162699481,13.342428531030867,2011-12-01
2832,2832,33,RJ,2012,1,17.99564831989176,21.025480337263325,79.61243753045338,13.204945064870763,2012-01-01
2833,2833,33,RJ,2012,2,18.20479582131713,21.408877392758853,71.62394785845298,12.753787828491769,2012-02-01
2834,2834,33,RJ,2012,3,17.944760732195988,21.09999003350149,76.80685014711355,12.131212545933296,2012-03-01
2835,2835,33,RJ,2012,4,17.3565756170646,20.53439896901449,80.6795277249986,11.47414361344075,2012-04-01
2836,2836,33,RJ,2012,5,13.779935466373786,17.08321187171829,82.63214686475328,10.928316006307652,2012-05-01
2837,2837,33,RJ,2012,6,14.846364748737086,18.131177845554078,83.3108014770176,10.658775284994222,2012-06-01
2838,2838,33,RJ,2012,7,12.48602943477674,16.13991747648151,78.2490348535032,10.785387064589631,2012-07-01
2839,2839,33,RJ,2012,8,12.719411493439704,16.25055393330011,76.57352081154373,11.256558790550626,2012-08-01
2840,2840,33,RJ,2012,9,13.976460505319436,17.302692970331165,72.35979774723883,11.89056222565283,2012-09-01
2841,2841,33,RJ,2012,10,16.50790714749447,19.71233566680095,70.25537375815286,12.546056540284471,2012-10-01
2842,2842,33,RJ,2012,11,17.214310689767203,20.22471351969069,80.82540747601053,13.086620782179622,2012-11-01
2843,2843,33,RJ,2012,12,19.65504819079502,22.80583860061613,74.35488959014165,13.342428531030867,2012-12-01
2844,2844,33,RJ,2013,1,18.82897289571722,21.81163118464081,79.33120087520605,13.204945064870763,2013-01-01
2845,2845,33,RJ,2013,2,19.17286881045525,22.37288046253394,75.99988919163343,12.753787828491769,2013-02-01
2846,2846,33,RJ,2013,3,18.89785270871488,21.873314060636524,81.76641422501788,12.131212545933296,2013-03-01
2847,2847,33,RJ,2013,4,16.03945644679277,19.24263984742372,80.1113288520039,11.47414361344075,2013-04-01
2848,2848,33,RJ,2013,5,13.955174649100318,17.396036861822278,79.72281517788538,10.928316006307652,2013-05-01
2849,2849,33,RJ,2013,6,14.628685496250789,17.879912322154944,82.182740203194,10.658775284994222,2013-06-01
2850,2850,33,RJ,2013,7,12.47656892069294,15.862796799832273,79.9630836658023,10.785387064589631,2013-07-01
2851,2851,33,RJ,2013,8,12.373682153597995,15.950501754775456,74.49302542794804,11.256558790550626,2013-08-01
2852,2852,33,RJ,2013,9,14.47784910465496,17.816486024856566,74.01337165279665,11.89056222565283,2013-09-01
2853,2853,33,RJ,2013,10,15.85987399905126,19.006066698847444,75.4874457965225,12.546056540284471,2013-10-01
2854,2854,33,RJ,2013,11,16.929087378840517,19.975491432867187,77.83288459639618,13.086620782179622,2013-11-01
2855,2855,33,RJ,2013,12,18.82500593291092,21.77887359675318,80.97575577445652,13.342428531030867,2013-12-01
2856,2856,33,RJ,2014,1,18.83021482043648,22.188407194397055,71.39325672914738,13.204945064870763,2014-01-01
2857,2857,33,RJ,2014,2,18.67926175327775,22.086162377588497,67.51487442129147,12.753787828491769,2014-02-01
2858,2858,33,RJ,2014,3,18.4295425582233,21.59248257719952,76.66782634087733,12.131212545933296,2014-03-01
2859,2859,33,RJ,2014,4,16.693991135384724,19.9121224095856,80.12832247554392,11.47414361344075,2014-04-01
2860,2860,33,RJ,2014,5,13.889987678088112,17.37343349430036,78.96198004525975,10.928316006307652,2014-05-01
2861,2861,33,RJ,2014,6,13.698929372321867,17.238729492823282,79.35871220602506,10.658775284994222,2014-06-01
2862,2862,33,RJ,2014,7,12.96148706564574,16.441015330638326,79.22533251292909,10.785387064589631,2014-07-01
2863,2863,33,RJ,2014,8,12.101150165731283,15.699585913608654,74.52265863030689,11.256558790550626,2014-08-01
2864,2864,33,RJ,2014,9,14.28574195612168,17.755052049263664,69.28632391777592,11.89056222565283,2014-09-01
2865,2865,33,RJ,2014,10,15.174669895859289,18.48986666700783,69.21604890408723,12.546056540284471,2014-10-01
2866,2866,33,RJ,2014,11,17.28808568301408,20.4290115069652,74.42613787443742,13.086620782179622,2014-11-01
2867,2867,33,RJ,2014,12,18.612660242999585,21.802357883640628,71.91375791541657,13.342428531030867,2014-12-01
2868,2868,33,RJ,2015,1,19.156470329865165,22.62247074870876,67.9756177030138,13.204945064870763,2015-01-01
2869,2869,33,RJ,2015,2,19.115819080275777,22.390259417687883,74.36802859039781,12.753787828491769,2015-02-01
2870,2870,33,RJ,2015,3,18.596160127939385,21.82894924011337,79.02650618452846,12.131212545933296,2015-03-01
2871,2871,33,RJ,2015,4,16.701582732753476,19.98712340092313,79.26650420202725,11.47414361344075,2015-04-01
2872,2872,33,RJ,2015,5,14.717457673743596,17.98539380438699,81.12024743961585,10.928316006307652,2015-05-01
2873,2873,33,RJ,2015,6,13.436530342034024,16.86376626042352,80.07128943844118,10.658775284994222,2015-06-01
2874,2874,33,RJ,2015,7,14.071075433852128,17.508430590970654,78.73679198656978,10.785387064589631,2015-07-01
2875,2875,33,RJ,2015,8,13.189881927920258,16.822658720056605,72.82426131624325,11.256558790550626,2015-08-01
2876,2876,33,RJ,2015,9,15.960393391830335,19.203208160054857,77.33588158151379,11.89056222565283,2015-09-01
2877,2877,33,RJ,2015,10,17.113061568011407,20.356205596161423,74.49622783286374,12.546056540284471,2015-10-01
2878,2878,33,RJ,2015,11,19.2266826622728,22.220843456793524,80.93458012981691,13.086620782179622,2015-11-01
2879,2879,33,RJ,2015,12,19.24291090477065,22.384380129243013,75.49001048758187,13.342428531030867,2015-12-01
2880,2880,33,RJ,2016,1,19.0909537770805,22.231390777510317,79.72243617192893,13.204945064870763,2016-01-01
2881,2881,33,RJ,2016,2,19.201555520162053,22.548961048898317,74.73648643350673,12.753787828491769,2016-02-01
2882,2882,33,RJ,2016,3,19.19505248397463,22.3969371903996,78.91507653133398,12.131212545933296,2016-03-01
2883,2883,33,RJ,2016,4,17.26046553072722,20.882568758812504,74.44092423535776,11.47414361344075,2016-04-01
2884,2884,33,RJ,2016,5,14.670011230701316,17.96397240349153,80.03239979014992,10.928316006307652,2016-05-01
2885,2885,33,RJ,2016,6,12.2832325556248,15.669826225612471,82.32697188197703,10.658775284994222,2016-06-01
2886,2886,33,RJ,2016,7,12.210334945161833,15.892435277829165,75.88644569418373,10.785387064589631,2016-07-01
2887,2887,33,RJ,2016,8,12.670129904740325,16.34841155604594,72.11526046661976,11.256558790550626,2016-08-01
2888,2888,33,RJ,2016,9,14.892850845274715,18.333593417596127,74.03055669812188,11.89056222565283,2016-09-01
2889,2889,33,RJ,2016,10,16.56152876045393,19.676102533246823,76.89340101753011,12.546056540284471,2016-10-01
2890,2890,33,RJ,2016,11,16.918613348663715,20.067441927868387,78.19747927430747,13.086620782179622,2016-11-01
2891,2891,33,RJ,2016,12,18.254171568748827,21.47475863773726,76.58909369651933,13.342428531030867,2016-12-01
2892,2892,33,RJ,2017,1,19.426377682665787,22.70838097001192,73.85037028271219,13.204945064870763,2017-01-01
2893,2893,33,RJ,2017,2,18.92893634227492,22.24151819833317,73.25600351161839,12.753787828491769,2017-02-01
2894,2894,33,RJ,2017,3,17.95679800774573,21.190352632822197,76.23693124040815,12.131212545933296,2017-03-01
2895,2895,33,RJ,2017,4,16.67411740914635,19.88471743853196,79.1459057227425,11.47414361344075,2017-04-01
2896,2896,33,RJ,2017,5,14.21473308248239,17.544163336760533,80.99200522381327,10.928316006307652,2017-05-01
2897,2897,33,RJ,2017,6,13.142967729767165,16.617188199015633,80.7471621223118,10.658775284994222,2017-06-01
2898,2898,33,RJ,2017,7,10.952612589455638,14.638913617227724,78.8597269793881,10.785387064589631,2017-07-01
2899,2899,33,RJ,2017,8,11.86699356854244,15.467657001289378,75.17629231777967,11.256558790550626,2017-08-01
2900,2900,33,RJ,2017,9,12.993471933879714,16.800021038193634,67.58916085975757,11.89056222565283,2017-09-01
2901,2901,33,RJ,2017,10,16.58286776649668,19.907574518198384,70.50636707214954,12.546056540284471,2017-10-01
2902,2902,33,RJ,2017,11,16.655728215756625,19.84623624552851,75.26626686151477,13.086620782179622,2017-11-01
2903,2903,33,RJ,2017,12,18.515365920929558,21.58544746923246,77.93975248644429,13.342428531030867,2017-12-01
2904,2904,33,RJ,2018,1,18.979514359090302,22.068337203744083,76.66247395813716,13.204945064870763,2018-01-01
2905,2905,33,RJ,2018,2,18.6151197919194,21.70290962028207,79.84513504608817,12.753787828491769,2018-02-01
2906,2906,33,RJ,2018,3,19.132518681536883,22.32548666669142,79.67062899976091,12.131212545933296,2018-03-01
2907,2907,33,RJ,2018,4,16.505196782471476,19.816157817495043,79.84909635626752,11.47414361344075,2018-04-01
2908,2908,33,RJ,2018,5,13.907734201549648,17.37726863520677,79.98707434372012,10.928316006307652,2018-05-01
2909,2909,33,RJ,2018,6,13.6071398800158,17.060571725126625,80.51981379052867,10.658775284994222,2018-06-01
2910,2910,33,RJ,2018,7,12.00419737949842,15.831002544554218,77.5105030774067,10.785387064589631,2018-07-01
2911,2911,33,RJ,2018,8,13.229743458607546,16.549839078293274,79.81325349901367,11.256558790550626,2018-08-01
2912,2912,33,RJ,2018,9,14.980547335096029,18.316345167851104,75.61240423865941,11.89056222565283,2018-09-01
2913,2913,33,RJ,2018,10,17.07493634912777,20.09738721854222,79.31774522345331,12.546056540284471,2018-10-01
2914,2914,33,RJ,2018,11,17.51159019573875,20.52543893378714,79.40177033465841,13.086620782179622,2018-11-01
2915,2915,33,RJ,2018,12,17.920313185929917,21.08590183819828,76.39431497458823,13.342428531030867,2018-12-01
2916,2916,33,RJ,2019,1,19.225230291214096,22.58208783044053,71.35418902740908,13.204945064870763,2019-01-01
2917,2917,33,RJ,2019,2,19.25298649961164,22.397922206369245,78.12944562983068,12.753787828491769,2019-02-01
2918,2918,33,RJ,2019,3,18.8337203912949,22.038024566618287,80.54933434549254,12.131212545933296,2019-03-01
2919,2919,33,RJ,2019,4,17.769046313520793,21.059868921749832,80.18254443735316,11.47414361344075,2019-04-01
2920,2920,33,RJ,2019,5,16.081916903274927,19.46013293694313,81.82264360371678,10.928316006307652,2019-05-01
2921,2921,33,RJ,2019,6,13.641651881561764,17.19976224311884,79.69101176607435,10.658775284994222,2019-06-01
2922,2922,33,RJ,2019,7,10.745717009374031,14.546864115840757,74.88266291090014,10.785387064589631,2019-07-01
2923,2923,33,RJ,2019,8,12.393235413867034,15.88513502549657,76.06297427173416,11.256558790550626,2019-08-01
2924,2924,33,RJ,2019,9,15.427814881266029,18.63415164463762,76.35342633758766,11.89056222565283,2019-09-01
2925,2925,33,RJ,2019,10,16.78069532193442,20.034595693812967,75.12929556847956,12.546056540284471,2019-10-01
2926,2926,33,RJ,2019,11,17.66551802849424,20.68526172603386,79.80743767005809,13.086620782179622,2019-11-01
2927,2927,33,RJ,2019,12,18.004936552984017,21.17211472102001,78.96503256146403,13.342428531030867,2019-12-01
2928,2928,33,RJ,2020,1,19.022527914060618,22.07909060159873,80.08521023973677,13.204945064870763,2020-01-01
2929,2929,33,RJ,2020,2,19.21142345890291,22.124424342451423,82.6041797240456,12.753787828491769,2020-02-01
2930,2930,33,RJ,2020,3,17.1951906149802,20.39553978499992,81.37288570537808,12.131212545933296,2020-03-01
2931,2931,33,RJ,2020,4,15.74363522158153,18.981247045337287,80.55751361846924,11.47414361344075,2020-04-01
2932,2932,33,RJ,2020,5,12.617159944701662,16.022956058821872,79.46132731738632,10.928316006307652,2020-05-01
2933,2933,33,RJ,2020,6,13.14998343107493,16.69393695955691,78.7731994615085,10.658775284994222,2020-06-01
2934,2934,33,RJ,2020,7,12.787239644587626,16.29186266334662,76.27196220595907,10.785387064589631,2020-07-01
2935,2935,33,RJ,2020,8,12.216827712984438,15.704782826870384,75.03810537212527,11.256558790550626,2020-08-01
2936,2936,33,RJ,2020,9,15.578821583394555,19.024781029466272,72.67547853027565,11.89056222565283,2020-09-01
2937,2937,33,RJ,2020,10,17.083205891106942,20.19704406157784,76.84500293276922,12.546056540284471,2020-10-01
2938,2938,33,RJ,2020,11,16.89555991836216,19.945465645237245,79.94094911381819,13.086620782179622,2020-11-01
2939,2939,33,RJ,2020,12,19.01637666422722,21.829770165773795,81.24572965506918,13.342428531030867,2020-12-01
2940,2940,33,RJ,2021,1,18.824235906106058,21.824329093997303,72.77875702845934,13.204945064870763,2021-01-01
2941,2941,33,RJ,2021,2,18.43589322944605,21.442802316283583,80.00762346072226,12.753787828491769,2021-02-01
2942,2942,33,RJ,2021,3,18.21009735539451,21.33506345548269,78.183422294606,12.131212545933296,2021-03-01
2943,2943,33,RJ,2021,4,15.104776010889074,18.336906197451164,78.82080044539079,11.47414361344075,2021-04-01
2944,2944,33,RJ,2021,5,14.20139545290032,17.367006616873294,80.23217043669328,10.928316006307652,2021-05-01
2945,2945,33,RJ,2021,6,12.954190402035264,16.269174828391144,80.55814163650291,10.658775284994222,2021-06-01
2946,2946,33,RJ,2021,7,9.64963252413306,13.271961528489165,74.95979033546394,10.785387064589631,2021-07-01
2947,2947,33,RJ,2021,8,12.52921228424279,15.962685837652035,74.68656855311667,11.256558790550626,2021-08-01
2948,2948,33,RJ,2021,9,15.693977203490078,18.858978184064227,74.72430221861687,11.89056222565283,2021-09-01
2949,2949,33,RJ,2021,10,16.446348567162794,19.336248727533626,83.14776828814021,12.546056540284471,2021-10-01
2950,2950,33,RJ,2021,11,15.859482872064996,18.929304108757904,79.51301229449287,13.086620782179622,2021-11-01
2951,2951,33,RJ,2021,12,17.422888867149513,20.40699730681838,81.07486395013282,13.342428531030867,2021-12-01
2952,2952,33,RJ,2022,1,19.31566180554212,22.26129292906752,79.98785401193156,13.204945064870763,2022-01-01
2953,2953,33,RJ,2022,2,18.81850911371456,21.813137825231376,82.95783431485573,12.753787828491769,2022-02-01
2954,2954,33,RJ,2022,3,18.3711584620857,21.6677353178134,75.1834258899448,12.131212545933296,2022-03-01
2955,2955,33,RJ,2022,4,16.71268369546835,19.91615504216457,80.1142300909844,11.47414361344075,2022-04-01
2956,2956,33,RJ,2022,5,13.478286345702234,16.902076186170753,77.79786458624028,10.928316006307652,2022-05-01
2957,2957,33,RJ,2022,6,12.123417535553807,15.48538807388665,80.40062700078107,10.658775284994222,2022-06-01
2958,2958,33,RJ,2022,7,12.213710174508536,15.846536390577423,74.97045459051787,10.785387064589631,2022-07-01
2959,2959,33,RJ,2022,8,12.6071046779264,15.972207781308832,73.82270465893632,11.256558790550626,2022-08-01
2960,2960,33,RJ,2022,9,13.394039737314417,16.60033625295197,75.39566232294275,11.89056222565283,2022-09-01
2961,2961,33,RJ,2022,10,16.863556954168505,19.996954356136023,77.20199478893093,12.546056540284471,2022-10-01
2962,2962,33,RJ,2022,11,15.716524419749993,18.83874992529551,79.39552690948265,13.086620782179622,2022-11-01
2963,2963,33,RJ,2022,12,17.843745108573668,20.8330818998195,80.48675576700903,13.342428531030867,2022-12-01
2964,2964,35,SP,2010,1,20.048503315547133,21.24930170111192,80.47746705162314,13.196519662067717,2010-01-01
2965,2965,35,SP,2010,2,20.09095438712195,21.367632120497863,73.90642157688752,12.748527376195211,2010-02-01
2966,2966,35,SP,2010,3,19.04993109806802,20.351622041328813,75.11141492953806,12.1302979636736,2010-03-01
2967,2967,35,SP,2010,4,16.423885113472164,17.811266617393002,73.0643836498014,11.477811046173263,2010-04-01
2968,2968,35,SP,2010,5,13.1677241630869,14.688590818740453,73.45782640556837,10.935804702069005,2010-05-01
2969,2969,35,SP,2010,6,11.124235036794376,12.771236633182497,68.26347901612905,10.66816061497027,2010-06-01
2970,2970,35,SP,2010,7,13.07084329013796,14.688987626359296,64.44191819172138,10.793880528398724,2010-07-01
2971,2971,35,SP,2010,8,11.362915773594402,13.15090944756863,54.87915199777728,11.261746985321162,2010-08-01
2972,2972,35,SP,2010,9,15.56452149164461,17.047017066374,60.21509897463697,11.89132501056593,2010-09-01
2973,2973,35,SP,2010,10,15.53276895956267,16.918083879905332,68.56273121586976,12.54224798536578,2010-10-01
2974,2974,35,SP,2010,11,17.163574240410973,18.540300973995716,68.87960636897913,13.079027228084229,2010-11-01
2975,2975,35,SP,2010,12,19.429471400643205,20.67090799937877,76.7647155727378,13.333034713703876,2010-12-01
2976,2976,35,SP,2011,1,19.92231923761771,21.15311059009793,78.9768762959096,13.196519662067717,2011-01-01
2977,2977,35,SP,2011,2,19.74084936080713,20.98117125765694,76.92201907621534,12.748527376195211,2011-02-01
2978,2978,35,SP,2011,3,19.128147617415447,20.340646843792168,82.3220723973718,12.1302979636736,2011-03-01
2979,2979,35,SP,2011,4,17.080328924218506,18.404555337792527,75.85121474549443,11.477811046173263,2011-04-01
2980,2980,35,SP,2011,5,12.837109995556045,14.297947546493177,72.18794663914086,10.935804702069005,2011-05-01
2981,2981,35,SP,2011,6,10.131811658419208,11.724827345418683,71.23509391824096,10.66816061497027,2011-06-01
2982,2982,35,SP,2011,7,12.36566292903232,13.923660639066284,66.5306521393532,10.793880528398724,2011-07-01
2983,2983,35,SP,2011,8,13.169775307178124,14.720306071018271,61.30004607675433,11.261746985321162,2011-08-01
2984,2984,35,SP,2011,9,13.624162228149038,15.197795588421885,55.96738728920002,11.89132501056593,2011-09-01
2985,2985,35,SP,2011,10,16.874814999774266,18.20025873234285,69.6567608914634,12.54224798536578,2011-10-01
2986,2986,35,SP,2011,11,16.150035198024383,17.47658802214827,67.3212819216233,13.079027228084229,2011-11-01
2987,2987,35,SP,2011,12,18.025486569930447,19.373977489619293,70.33569516494114,13.333034713703876,2011-12-01
2988,2988,35,SP,2012,1,18.06077438689793,19.32143626531442,78.55449445933871,13.196519662067717,2012-01-01
2989,2989,35,SP,2012,2,19.092147730022024,20.452899185472297,70.78971977223691,12.748527376195211,2012-02-01
2990,2990,35,SP,2012,3,17.90927272337799,19.25052899796833,71.50963580261978,12.1302979636736,2012-03-01
2991,2991,35,SP,2012,4,17.230118459262897,18.579446297135465,75.25155360988252,11.477811046173263,2012-04-01
2992,2992,35,SP,2012,5,13.558808473790696,14.98063242736534,75.9595116440014,10.935804702069005,2012-05-01
2993,2993,35,SP,2012,6,13.798171948622672,15.23376396822375,81.08732090301908,10.66816061497027,2012-06-01
2994,2994,35,SP,2012,7,11.22586356083308,12.840138101804314,68.84922946473007,10.793880528398724,2012-07-01
2995,2995,35,SP,2012,8,13.082230460473852,14.710929876233555,59.31162163480934,11.261746985321162,2012-08-01
2996,2996,35,SP,2012,9,14.81429817019199,16.386051155134687,58.12315440313452,11.89132501056593,2012-09-01
2997,2997,35,SP,2012,10,18.04276390495405,19.4200248977726,61.67107166005063,12.54224798536578,2012-10-01
2998,2998,35,SP,2012,11,18.041859804838516,19.390419901322947,69.31683270200587,13.079027228084229,2012-11-01
2999,2999,35,SP,2012,12,20.32784553312248,21.573425029068776,74.20496636953733,13.333034713703876,2012-12-01
3000,3000,35,SP,2013,1,18.8954382971544,20.13779844254009,77.7648031795165,13.196519662067717,2013-01-01
3001,3001,35,SP,2013,2,19.33254293819863,20.547512248082544,77.22957763861976,12.748527376195211,2013-02-01
3002,3002,35,SP,2013,3,18.706210041880816,19.944986302079364,78.25163946492756,12.1302979636736,2013-03-01
3003,3003,35,SP,2013,4,15.98768047534834,17.31639057869135,75.94876224744536,11.477811046173263,2013-04-01
3004,3004,35,SP,2013,5,14.042808778340776,15.521295469169113,73.15129158342442,10.935804702069005,2013-05-01
3005,3005,35,SP,2013,6,14.396307361366214,15.782320318985972,79.36631049045297,10.66816061497027,2013-06-01
3006,3006,35,SP,2013,7,11.186723886227044,12.707537334661062,72.73122070858138,10.793880528398724,2013-07-01
3007,3007,35,SP,2013,8,11.184982802127712,12.801156767350967,60.4782682038689,11.261746985321162,2013-08-01
3008,3008,35,SP,2013,9,14.433235357688687,15.902968363232082,62.468184214747225,11.89132501056593,2013-09-01
3009,3009,35,SP,2013,10,16.421797454378012,17.744711806899936,67.84630649239459,12.54224798536578,2013-10-01
3010,3010,35,SP,2013,11,17.924604449604832,19.218166689909705,70.89548747355931,13.079027228084229,2013-11-01
3011,3011,35,SP,2013,12,19.29640566073945,20.56058604351787,70.958847170861,13.333034713703876,2013-12-01
3012,3012,35,SP,2014,1,19.358411981726206,20.69809831374584,68.20317294194002,13.196519662067717,2014-01-01
3013,3013,35,SP,2014,2,19.62437368775259,21.019242281823985,64.158854343672,12.748527376195211,2014-02-01
3014,3014,35,SP,2014,3,18.82455665390919,20.077349239100396,73.63920171899359,12.1302979636736,2014-03-01
3015,3015,35,SP,2014,4,17.277560570480286,18.57983955242837,73.8432981099762,11.477811046173263,2014-04-01
3016,3016,35,SP,2014,5,13.677051881850735,15.17650173098542,71.60690801858485,10.935804702069005,2014-05-01
3017,3017,35,SP,2014,6,13.087477732829036,14.632040916548831,70.21109984976994,10.66816061497027,2014-06-01
3018,3018,35,SP,2014,7,12.066502474278591,13.600923469061255,68.94840908618114,10.793880528398724,2014-07-01
3019,3019,35,SP,2014,8,12.522650692427298,14.196334663323384,57.31942410327161,11.261746985321162,2014-08-01
3020,3020,35,SP,2014,9,15.77578446847832,17.224697690934175,62.22174468225287,11.89132501056593,2014-09-01
3021,3021,35,SP,2014,10,16.642726641042316,18.15117126089479,56.83206727938164,12.54224798536578,2014-10-01
3022,3022,35,SP,2014,11,18.28875773351014,19.552791628825265,72.04257662041243,13.079027228084229,2014-11-01
3023,3023,35,SP,2014,12,19.034567077113977,20.295960187232325,74.40528414498033,13.333034713703876,2014-12-01
3024,3024,35,SP,2015,1,20.140667342901168,21.444472895004832,69.0291946397778,13.196519662067717,2015-01-01
3025,3025,35,SP,2015,2,19.315369760528093,20.56154790700868,77.82141718521203,12.748527376195211,2015-02-01
3026,3026,35,SP,2015,3,18.69967240273699,19.928694257571657,80.13130425836898,12.1302979636736,2015-03-01
3027,3027,35,SP,2015,4,17.19629411396746,18.49358554278233,76.0606907904179,11.477811046173263,2015-04-01
3028,3028,35,SP,2015,5,14.684050053803734,16.058392145061948,79.2098220226138,10.935804702069005,2015-05-01
3029,3029,35,SP,2015,6,13.158497902314426,14.628561451096251,74.26114028220952,10.66816061497027,2015-06-01
3030,3030,35,SP,2015,7,13.455563267042232,14.87687629850902,75.09304036652931,10.793880528398724,2015-07-01
3031,3031,35,SP,2015,8,12.946950529336512,14.603554386912538,59.974553055607046,11.261746985321162,2015-08-01
3032,3032,35,SP,2015,9,16.25065638665389,17.73346173540258,66.39046028383635,11.89132501056593,2015-09-01
3033,3033,35,SP,2015,10,18.235263858756056,19.565546438747063,68.21403867764961,12.54224798536578,2015-10-01
3034,3034,35,SP,2015,11,19.28174328589624,20.53927753941341,78.57170809467326,13.079027228084229,2015-11-01
3035,3035,35,SP,2015,12,19.816459403928743,21.048510210905768,77.96572156192124,13.333034713703876,2015-12-01
3036,3036,35,SP,2016,1,19.626345656114268,20.86827203455374,78.02836785932934,13.196519662067717,2016-01-01
3037,3037,35,SP,2016,2,20.109153050083872,21.368314620372097,76.89374394033148,12.748527376195211,2016-02-01
3038,3038,35,SP,2016,3,18.91087346903292,20.20375596905208,76.67170753450387,12.1302979636736,2016-03-01
3039,3039,35,SP,2016,4,17.34569061996401,18.842304285946437,66.10623921731954,11.477811046173263,2016-04-01
3040,3040,35,SP,2016,5,13.70841819718946,15.11823807201495,77.04359403449494,10.935804702069005,2016-05-01
3041,3041,35,SP,2016,6,11.084618065215272,12.584464110962337,75.91405986756317,10.66816061497027,2016-06-01
3042,3042,35,SP,2016,7,10.92505987690015,12.574188898290268,63.89426469452294,10.793880528398724,2016-07-01
3043,3043,35,SP,2016,8,12.446911186094985,14.022763176911116,64.45931748955154,11.261746985321162,2016-08-01
3044,3044,35,SP,2016,9,13.74823143388566,15.24417915046061,62.82118215141986,11.89132501056593,2016-09-01
3045,3045,35,SP,2016,10,16.586017532520337,17.907007674283758,68.79323074214903,12.54224798536578,2016-10-01
3046,3046,35,SP,2016,11,17.458010984563703,18.8057739657025,71.31141236080988,13.079027228084229,2016-11-01
3047,3047,35,SP,2016,12,18.82553083229494,20.150412142029342,73.50502746364539,13.333034713703876,2016-12-01
3048,3048,35,SP,2017,1,19.598181386052385,20.8665937632136,79.55193735224273,13.196519662067717,2017-01-01
3049,3049,35,SP,2017,2,19.517900534035228,20.852817497116124,71.69170236492474,12.748527376195211,2017-02-01
3050,3050,35,SP,2017,3,18.56106181319996,19.88395844788872,74.32734263850081,12.1302979636736,2017-03-01
3051,3051,35,SP,2017,4,16.72800441828193,18.09722597666797,75.88407299248748,11.477811046173263,2017-04-01
3052,3052,35,SP,2017,5,15.546108978216155,16.928348366216767,78.2625614699497,10.935804702069005,2017-05-01
3053,3053,35,SP,2017,6,12.608068461532897,14.146487737934104,73.34012251447336,10.66816061497027,2017-06-01
3054,3054,35,SP,2017,7,10.933894819917754,12.567922851174258,63.58121853633117,10.793880528398724,2017-07-01
3055,3055,35,SP,2017,8,13.228998827861975,14.81938873953031,64.5052069215424,11.261746985321162,2017-08-01
3056,3056,35,SP,2017,9,15.641937315691964,17.3077226337906,49.84212056280722,11.89132501056593,2017-09-01
3057,3057,35,SP,2017,10,17.35331638867511,18.741165156410943,66.63266884597965,12.54224798536578,2017-10-01
3058,3058,35,SP,2017,11,17.157152774081368,18.51335913635964,71.91887550492004,13.079027228084229,2017-11-01
3059,3059,35,SP,2017,12,19.04964904122187,20.345241457344624,75.10531645267122,13.333034713703876,2017-12-01
3060,3060,35,SP,2018,1,19.251161916150423,20.51230735597565,77.84542603298378,13.196519662067717,2018-01-01
3061,3061,35,SP,2018,2,18.30366840188289,19.640047430807307,75.15408030749687,12.748527376195211,2018-02-01
3062,3062,35,SP,2018,3,19.721647402512247,21.037522194641294,75.8738911418147,12.1302979636736,2018-03-01
3063,3063,35,SP,2018,4,16.62854798159242,18.10079904292597,70.41409590925664,11.477811046173263,2018-04-01
3064,3064,35,SP,2018,5,13.67292438066879,15.269987400557644,68.03560834838379,10.935804702069005,2018-05-01
3065,3065,35,SP,2018,6,13.79614915251424,15.358954870707,69.4801407022008,10.66816061497027,2018-06-01
3066,3066,35,SP,2018,7,11.90986408580916,13.737510274081982,59.64429829591034,10.793880528398724,2018-07-01
3067,3067,35,SP,2018,8,12.562199573206524,14.078341690091138,68.81405298300282,11.261746985321162,2018-08-01
3068,3068,35,SP,2018,9,15.079438413532513,16.554180600439857,66.92968064310631,11.89132501056593,2018-09-01
3069,3069,35,SP,2018,10,17.752814679123155,19.094734433377557,75.1159811921822,12.54224798536578,2018-10-01
3070,3070,35,SP,2018,11,18.068491195264716,19.39276309267187,75.38693052779797,13.079027228084229,2018-11-01
3071,3071,35,SP,2018,12,18.89132361568252,20.280758342852614,70.08857038421135,13.333034713703876,2018-12-01
3072,3072,35,SP,2019,1,19.993464142812968,21.3618592115604,70.77671527695614,13.196519662067717,2019-01-01
3073,3073,35,SP,2019,2,19.138779733664173,20.517132828745204,76.10360463206818,12.748527376195211,2019-02-01
3074,3074,35,SP,2019,3,18.8118745705103,20.134488064087936,77.49454825883747,12.1302979636736,2019-03-01
3075,3075,35,SP,2019,4,17.78604994571794,19.2285317463345,75.67133873656122,11.477811046173263,2019-04-01
3076,3076,35,SP,2019,5,15.744897839140076,17.222669546757377,75.53477223141846,10.935804702069005,2019-05-01
3077,3077,35,SP,2019,6,13.294105535619329,14.942558937442396,68.6015249586475,10.66816061497027,2019-06-01
3078,3078,35,SP,2019,7,11.075037348358029,12.80009049240292,64.23517041083544,10.793880528398724,2019-07-01
3079,3079,35,SP,2019,8,13.045084230611849,14.626440265638347,62.4563536617034,11.261746985321162,2019-08-01
3080,3080,35,SP,2019,9,16.352911527397097,17.867478249719902,62.7201475967486,11.89132501056593,2019-09-01
3081,3081,35,SP,2019,10,17.968052849861404,19.38788954145046,62.13560201192266,12.54224798536578,2019-10-01
3082,3082,35,SP,2019,11,18.674411765204532,19.962871188427435,70.82846288971815,13.079027228084229,2019-11-01
3083,3083,35,SP,2019,12,19.058171558165498,20.34616456796122,75.30031596167322,13.333034713703876,2019-12-01
3084,3084,35,SP,2020,1,19.490970000424188,20.768334204961608,76.37286212307777,13.196519662067717,2020-01-01
3085,3085,35,SP,2020,2,19.341608357576085,20.580720604552653,80.92039428482525,12.748527376195211,2020-02-01
3086,3086,35,SP,2020,3,17.61005842629061,18.947900897868127,70.94807990651991,12.1302979636736,2020-03-01
3087,3087,35,SP,2020,4,15.145600202570284,16.634025067050946,68.96264079623752,11.477811046173263,2020-04-01
3088,3088,35,SP,2020,5,11.805217765037284,13.408605150688764,67.20405995091608,10.935804702069005,2020-05-01
3089,3089,35,SP,2020,6,14.129924204226304,15.64459338695812,71.25794966034803,10.66816061497027,2020-06-01
3090,3090,35,SP,2020,7,12.496706374414744,14.111575592741666,63.26712981326845,10.793880528398724,2020-07-01
3091,3091,35,SP,2020,8,12.69149059675155,14.282350820468409,60.47963735747856,11.261746985321162,2020-08-01
3092,3092,35,SP,2020,9,16.810692196705546,18.423146742049425,52.21213703934229,11.89132501056593,2020-09-01
3093,3093,35,SP,2020,10,18.142338241878587,19.534794039534283,61.44842381869653,12.54224798536578,2020-10-01
3094,3094,35,SP,2020,11,17.00351854979838,18.3469555074608,62.45895887291092,13.079027228084229,2020-11-01
3095,3095,35,SP,2020,12,19.14642605014848,20.39145895215564,76.65462194425102,13.333034713703876,2020-12-01
3096,3096,35,SP,2021,1,19.863869243229768,21.09904709668361,76.77589607534483,13.196519662067717,2021-01-01
3097,3097,35,SP,2021,2,18.603635067374736,19.895724873262917,73.83308771393227,12.748527376195211,2021-02-01
3098,3098,35,SP,2021,3,18.957563206528864,20.266635178768446,74.04319644497764,12.1302979636736,2021-03-01
3099,3099,35,SP,2021,4,15.502702274667508,16.91914072968239,68.18395741406029,11.477811046173263,2021-04-01
3100,3100,35,SP,2021,5,13.706339695750849,15.220444572207391,67.00179593734188,10.935804702069005,2021-05-01
3101,3101,35,SP,2021,6,12.886097577726156,14.352226586302198,70.99059678622302,10.66816061497027,2021-06-01
3102,3102,35,SP,2021,7,9.36198699538216,11.106221816753054,56.21231991891177,10.793880528398724,2021-07-01
3103,3103,35,SP,2021,8,13.781436663749783,15.364699821419702,55.047312031140414,11.261746985321162,2021-08-01
3104,3104,35,SP,2021,9,17.162466892925035,18.68646268349285,54.79639752538321,11.89132501056593,2021-09-01
3105,3105,35,SP,2021,10,16.964294327637884,18.249849422099025,73.77833559590002,12.54224798536578,2021-10-01
3106,3106,35,SP,2021,11,17.75325718842736,19.11076323146968,65.04820810401779,13.079027228084229,2021-11-01
3107,3107,35,SP,2021,12,18.37036406146672,19.65458855310599,69.91005019893583,13.333034713703876,2021-12-01
3108,3108,35,SP,2022,1,19.58342100392881,20.81282983590556,78.25071612847212,13.196519662067717,2022-01-01
3109,3109,35,SP,2022,2,19.26107188733841,20.52684055066452,74.63850588582018,12.748527376195211,2022-02-01
3110,3110,35,SP,2022,3,19.60766163621136,20.8743983163092,74.62105264723316,12.1302979636736,2022-03-01
3111,3111,35,SP,2022,4,16.81552408551061,18.165847534603543,72.55153847726432,11.477811046173263,2022-04-01
3112,3112,35,SP,2022,5,12.371445621647805,13.90595037216364,70.57918215840124,10.935804702069005,2022-05-01
3113,3113,35,SP,2022,6,12.4889753400313,13.99664166312501,73.0607232756701,10.66816061497027,2022-06-01
3114,3114,35,SP,2022,7,12.718555260023551,14.466828904506055,59.37943846732862,10.793880528398724,2022-07-01
3115,3115,35,SP,2022,8,12.801853587371642,14.341576703306018,62.55588339757669,11.261746985321162,2022-08-01
3116,3116,35,SP,2022,9,14.18205357193273,15.59098572585626,68.29790940001338,11.89132501056593,2022-09-01
3117,3117,35,SP,2022,10,16.982598627886496,18.3087660956186,69.71866367566166,12.54224798536578,2022-10-01
3118,3118,35,SP,2022,11,15.60759252853788,16.929780019247563,65.43754670194878,13.079027228084229,2022-11-01
3119,3119,35,SP,2022,12,18.55564559448597,19.806837692842628,76.76477882326111,13.333034713703876,2022-12-01
3120,3120,41,PR,2010,1,19.792751092206824,21.209363294270364,83.29054315212194,13.334415549693482,2010-01-01
3121,3121,41,PR,2010,2,20.198490023570297,21.6347354308619,79.17398815892564,12.834313362879907,2010-02-01
3122,3122,41,PR,2010,3,18.049055749418397,19.51923546739804,76.5201996467042,12.145180286006678,2010-03-01
3123,3123,41,PR,2010,4,15.64610113288924,17.174689030707032,76.18833442662493,11.418072831150091,2010-04-01
3124,3124,41,PR,2010,5,12.150573651959665,13.650154067489073,82.67235745912575,10.813388961155772,2010-05-01
3125,3125,41,PR,2010,6,11.26358319008435,12.875825365979471,76.45258034345201,10.514337028363316,2010-06-01
3126,3126,41,PR,2010,7,11.763766127326871,13.397591042354865,75.4831240614901,10.654856536894291,2010-07-01
3127,3127,41,PR,2010,8,10.772641005965664,12.494837624850623,66.12102214956025,11.1771408221085,2010-08-01
3128,3128,41,PR,2010,9,14.086924038335694,15.67168813122245,67.69461598758808,11.878913411406105,2010-09-01
3129,3129,41,PR,2010,10,14.042824533012864,15.580290041972946,72.129247576738,12.604292007764622,2010-10-01
3130,3130,41,PR,2010,11,15.51359297073973,17.037669131351493,68.51959522218633,13.203171666006227,2010-11-01
3131,3131,41,PR,2010,12,18.210759289928333,19.66707561515125,80.95325136057474,13.486999382131632,2010-12-01
3132,3132,41,PR,2011,1,19.334686050997927,20.75704962215135,80.33941807308562,13.334415549693482,2011-01-01
3133,3133,41,PR,2011,2,19.63231660233063,21.02219760003928,82.7790969147974,12.834313362879907,2011-02-01
3134,3134,41,PR,2011,3,18.1961055800797,19.63838303820647,77.55966792915042,12.145180286006678,2011-03-01
3135,3135,41,PR,2011,4,16.02997614725889,17.52154064047008,77.62142647031754,11.418072831150091,2011-04-01
3136,3136,41,PR,2011,5,11.974278221021226,13.576565956522938,75.70399371071673,10.813388961155772,2011-05-01
3137,3137,41,PR,2011,6,9.451980558318166,11.144614197831732,76.05885959265126,10.514337028363316,2011-06-01
3138,3138,41,PR,2011,7,11.70263965187828,13.399499189375229,74.0411495535961,10.654856536894291,2011-07-01
3139,3139,41,PR,2011,8,12.160737849242652,13.793419387147862,70.88115895441157,11.1771408221085,2011-08-01
3140,3140,41,PR,2011,9,12.756304532235974,14.401309663084248,65.6552859082457,11.878913411406105,2011-09-01
3141,3141,41,PR,2011,10,15.752395080762554,17.261422248152275,72.65994162493587,12.604292007764622,2011-10-01
3142,3142,41,PR,2011,11,15.799404338886069,17.33310292271046,68.93608148362901,13.203171666006227,2011-11-01
3143,3143,41,PR,2011,12,17.092631238483555,18.701350120153062,66.10118114716003,13.486999382131632,2011-12-01
3144,3144,41,PR,2012,1,17.77375324268389,19.311263994677528,74.40526604897204,13.334415549693482,2012-01-01
3145,3145,41,PR,2012,2,19.093131418453154,20.635408743859244,71.31069075545098,12.834313362879907,2012-02-01
3146,3146,41,PR,2012,3,16.677846509807562,18.280872763865727,68.17356364333222,12.145180286006678,2012-03-01
3147,3147,41,PR,2012,4,15.76941910651493,17.32627820938751,77.668027789531,11.418072831150091,2012-04-01
3148,3148,41,PR,2012,5,12.919371350788314,14.479144906774083,78.94175420658254,10.813388961155772,2012-05-01
3149,3149,41,PR,2012,6,12.133181172115735,13.702072786697268,85.22329117783728,10.514337028363316,2012-06-01
3150,3150,41,PR,2012,7,10.713255481346849,12.386017651702012,76.51312071832383,10.654856536894291,2012-07-01
3151,3151,41,PR,2012,8,13.817709154951244,15.479434565571037,65.0014468262523,11.1771408221085,2012-08-01
3152,3152,41,PR,2012,9,14.102992121821831,15.83821603136204,60.44096105124618,11.878913411406105,2012-09-01
3153,3153,41,PR,2012,10,17.03542431451941,18.644801590993744,69.35459421253289,12.604292007764622,2012-10-01
3154,3154,41,PR,2012,11,17.676495070684524,19.256052805168387,70.6476995361379,13.203171666006227,2012-11-01
3155,3155,41,PR,2012,12,19.928225622208736,21.39924541812329,77.88971497835401,13.486999382131632,2012-12-01
3156,3156,41,PR,2013,1,17.716602624749317,19.200102707863397,74.70710435161519,13.334415549693482,2013-01-01
3157,3157,41,PR,2013,2,18.69675754203277,20.10293344054818,80.53777663561763,12.834313362879907,2013-02-01
3158,3158,41,PR,2013,3,17.436626473532527,18.89740089302701,79.83023051119186,12.145180286006678,2013-03-01
3159,3159,41,PR,2013,4,14.739313397222292,16.325474559095568,76.80544685453003,11.418072831150091,2013-04-01
3160,3160,41,PR,2013,5,13.28756378210445,14.923653653868694,78.80518533295094,10.813388961155772,2013-05-01
3161,3161,41,PR,2013,6,12.93549887162564,14.487769846370444,86.99123290531219,10.514337028363316,2013-06-01
3162,3162,41,PR,2013,7,10.023955480163732,11.704486308098716,76.44498612302634,10.654856536894291,2013-07-01
3163,3163,41,PR,2013,8,10.2310523245118,11.959865260185888,66.61650965830398,11.1771408221085,2013-08-01
3164,3164,41,PR,2013,9,13.474397198628065,15.117647974951227,67.37084254565195,11.878913411406105,2013-09-01
3165,3165,41,PR,2013,10,15.359305973339795,16.910768892146496,70.51228125022699,12.604292007764622,2013-10-01
3166,3166,41,PR,2013,11,17.30068336497174,18.807510314868107,71.02843978869089,13.203171666006227,2013-11-01
3167,3167,41,PR,2013,12,18.944146544519477,20.48028629920411,73.32975715935129,13.486999382131632,2013-12-01
3168,3168,41,PR,2014,1,19.339249835807337,20.84102577530525,76.38699822985217,13.334415549693482,2014-01-01
3169,3169,41,PR,2014,2,19.381301472787143,20.897546691361867,70.0068840743221,12.834313362879907,2014-02-01
3170,3170,41,PR,2014,3,17.802300047745305,19.2616253839814,77.93998031406494,12.145180286006678,2014-03-01
3171,3171,41,PR,2014,4,16.515089807872883,17.97168685893965,80.65091262345724,11.418072831150091,2014-04-01
3172,3172,41,PR,2014,5,13.228549932332902,14.769551588845374,81.34248954556446,10.813388961155772,2014-05-01
3173,3173,41,PR,2014,6,12.977378832319175,14.519042572526008,81.76946789033232,10.514337028363316,2014-06-01
3174,3174,41,PR,2014,7,11.252386451616244,12.855269699084054,77.02417460967501,10.654856536894291,2014-07-01
3175,3175,41,PR,2014,8,12.415845643065474,14.219458462807632,66.32345521346919,11.1771408221085,2014-08-01
3176,3176,41,PR,2014,9,15.21398652340834,16.81996078849735,72.74206562823022,11.878913411406105,2014-09-01
3177,3177,41,PR,2014,10,16.809350034897403,18.425282833155805,63.592852102176806,12.604292007764622,2014-10-01
3178,3178,41,PR,2014,11,17.553282382992176,19.03915116322867,73.22943445650259,13.203171666006227,2014-11-01
3179,3179,41,PR,2014,12,18.857486404649016,20.339514274452217,77.64065429042311,13.486999382131632,2014-12-01
3180,3180,41,PR,2015,1,19.52636023845329,20.998676770139564,76.23906218073614,13.334415549693482,2015-01-01
3181,3181,41,PR,2015,2,19.026709284442667,20.48230986624177,81.12324370306706,12.834313362879907,2015-02-01
3182,3182,41,PR,2015,3,18.28609839078632,19.74407483997664,79.00639329013273,12.145180286006678,2015-03-01
3183,3183,41,PR,2015,4,16.444170860618776,17.96728398335807,76.76952774729844,11.418072831150091,2015-04-01
3184,3184,41,PR,2015,5,13.918604342069491,15.396713002052463,82.51536440396329,10.813388961155772,2015-05-01
3185,3185,41,PR,2015,6,12.312120294388004,13.955269692624071,78.92554391751015,10.514337028363316,2015-06-01
3186,3186,41,PR,2015,7,12.326358540891537,13.889875152510248,82.98564675172517,10.654856536894291,2015-07-01
3187,3187,41,PR,2015,8,13.922415100118164,15.640500791746138,64.34758431416667,11.1771408221085,2015-08-01
3188,3188,41,PR,2015,9,15.443958649481976,17.06977603759433,70.51874222815186,11.878913411406105,2015-09-01
3189,3189,41,PR,2015,10,17.452342033039272,18.95097770778814,76.72026478917512,12.604292007764622,2015-10-01
3190,3190,41,PR,2015,11,18.178605558718854,19.650268418089787,84.09027026215492,13.203171666006227,2015-11-01
3191,3191,41,PR,2015,12,19.35798374499545,20.74933346954908,84.20650135588942,13.486999382131632,2015-12-01
3192,3192,41,PR,2016,1,19.456942472088567,20.888638105029305,77.20371375375754,13.334415549693482,2016-01-01
3193,3193,41,PR,2016,2,20.341530095180268,21.72219484842037,83.14146858579954,12.834313362879907,2016-02-01
3194,3194,41,PR,2016,3,17.598874061492566,19.054155496610704,76.81810447063101,12.145180286006678,2016-03-01
3195,3195,41,PR,2016,4,17.465858800637047,19.025298235211256,70.21428350067775,11.418072831150091,2016-04-01
3196,3196,41,PR,2016,5,12.63876307335036,14.116745980023904,83.46879166097223,10.813388961155772,2016-05-01
3197,3197,41,PR,2016,6,9.356524364498451,11.038047496665817,77.66612727548444,10.514337028363316,2016-06-01
3198,3198,41,PR,2016,7,10.576371936459518,12.303886065689584,70.43668159369518,10.654856536894291,2016-07-01
3199,3199,41,PR,2016,8,12.067392659704804,13.77603644008784,72.44271717261205,11.1771408221085,2016-08-01
3200,3200,41,PR,2016,9,11.972988983268602,13.750006482923837,65.90934874615076,11.878913411406105,2016-09-01
3201,3201,41,PR,2016,10,15.535464260175104,17.124101391817046,72.40510444138408,12.604292007764622,2016-10-01
3202,3202,41,PR,2016,11,16.44246503168479,17.994536112524017,68.78867806328668,13.203171666006227,2016-11-01
3203,3203,41,PR,2016,12,18.378897800934386,19.84012680599593,77.88442996864957,13.486999382131632,2016-12-01
3204,3204,41,PR,2017,1,19.26000326932108,20.677447963294856,79.49098875490039,13.334415549693482,2017-01-01
3205,3205,41,PR,2017,2,19.61174069021152,21.045860516226853,75.34881678081695,12.834313362879907,2017-02-01
3206,3206,41,PR,2017,3,18.455291835943125,19.91806453740609,76.55906003683249,12.145180286006678,2017-03-01
3207,3207,41,PR,2017,4,15.57121227179742,17.070519896913492,77.94780103576711,11.418072831150091,2017-04-01
3208,3208,41,PR,2017,5,15.528277656353325,17.04359091181157,83.65936865950376,10.813388961155772,2017-05-01
3209,3209,41,PR,2017,6,12.237139000386971,13.86724181155874,78.88070799844307,10.514337028363316,2017-06-01
3210,3210,41,PR,2017,7,10.682460628402785,12.457813688381597,65.53361855968815,10.654856536894291,2017-07-01
3211,3211,41,PR,2017,8,13.268498956010696,14.961380880859425,68.22542363414384,11.1771408221085,2017-08-01
3212,3212,41,PR,2017,9,16.92975032375371,18.69537638243577,55.79699742517177,11.878913411406105,2017-09-01
3213,3213,41,PR,2017,10,16.148651418530704,17.780692181279584,73.96298024771777,12.604292007764622,2017-10-01
3214,3214,41,PR,2017,11,16.075576146861962,17.657289815865266,71.01293405199807,13.203171666006227,2017-11-01
3215,3215,41,PR,2017,12,19.05459175769856,20.52929207000498,76.91240782008732,13.486999382131632,2017-12-01
3216,3216,41,PR,2018,1,19.038128690544585,20.46463635548189,81.93408256387043,13.334415549693482,2018-01-01
3217,3217,41,PR,2018,2,17.841491988513617,19.32306656426014,74.93051204722371,12.834313362879907,2018-02-01
3218,3218,41,PR,2018,3,19.34154623460149,20.777461620722185,80.32277402801476,12.145180286006678,2018-03-01
3219,3219,41,PR,2018,4,16.653128055542236,18.234708217311724,71.16922775976042,11.418072831150091,2018-04-01
3220,3220,41,PR,2018,5,13.535771664563612,15.171465672272111,72.12243065536046,10.813388961155772,2018-05-01
3221,3221,41,PR,2018,6,12.216261833832103,13.868262314395675,79.04214285115152,10.514337028363316,2018-06-01
3222,3222,41,PR,2018,7,11.994499883950372,13.76018962081787,66.46942859729536,10.654856536894291,2018-07-01
3223,3223,41,PR,2018,8,10.688100768351616,12.36727302681341,72.8910261449167,11.1771408221085,2018-08-01
3224,3224,41,PR,2018,9,14.43297609621371,15.981688364804937,72.83322131508275,11.878913411406105,2018-09-01
3225,3225,41,PR,2018,10,16.6338559857027,18.124868080141628,79.65453186547113,12.604292007764622,2018-10-01
3226,3226,41,PR,2018,11,17.35729822359587,18.84419212731701,73.26304728126367,13.203171666006227,2018-11-01
3227,3227,41,PR,2018,12,18.635107511112825,20.179421805441063,68.66589024701281,13.486999382131632,2018-12-01
3228,3228,41,PR,2019,1,20.368081115348247,21.829965735996865,75.21323260525433,13.334415549693482,2019-01-01
3229,3229,41,PR,2019,2,18.96917080597514,20.44535952343379,76.14213410919386,12.834313362879907,2019-02-01
3230,3230,41,PR,2019,3,18.312466585161,19.77870324754958,78.23378707740174,12.145180286006678,2019-03-01
3231,3231,41,PR,2019,4,17.304477276240373,18.795412126579382,79.15716465318214,11.418072831150091,2019-04-01
3232,3232,41,PR,2019,5,15.555856224058209,17.03597249856752,82.22348889272169,10.813388961155772,2019-05-01
3233,3233,41,PR,2019,6,13.554679803558336,15.212396694365,74.10778263987555,10.514337028363316,2019-06-01
3234,3234,41,PR,2019,7,10.833424141224992,12.53443812306093,69.28599332300112,10.654856536894291,2019-07-01
3235,3235,41,PR,2019,8,11.91503293401511,13.615659684230872,62.54844268698904,11.1771408221085,2019-08-01
3236,3236,41,PR,2019,9,15.737197259992188,17.37969381464653,64.36520302229955,11.878913411406105,2019-09-01
3237,3237,41,PR,2019,10,17.87649750275835,19.513249205679426,63.328525078750594,12.604292007764622,2019-10-01
3238,3238,41,PR,2019,11,18.52615998283265,20.161059036509837,68.94530431417594,13.203171666006227,2019-11-01
3239,3239,41,PR,2019,12,18.124134747692317,19.688679335834195,75.17493206828806,13.486999382131632,2019-12-01
3240,3240,41,PR,2020,1,19.29925175701582,20.77093096949056,77.56824665438127,13.334415549693482,2020-01-01
3241,3241,41,PR,2020,2,18.670914762383376,20.162902474166422,74.59955708420726,12.834313362879907,2020-02-01
3242,3242,41,PR,2020,3,17.485607373665296,19.059943469708543,65.18427732654084,12.145180286006678,2020-03-01
3243,3243,41,PR,2020,4,13.93365188255391,15.64122816514949,65.29737244257852,11.418072831150091,2020-04-01
3244,3244,41,PR,2020,5,10.919197562601148,12.681280338752265,68.84569391285615,10.813388961155772,2020-05-01
3245,3245,41,PR,2020,6,13.598116755317475,15.238970994192456,78.37658432089695,10.514337028363316,2020-06-01
3246,3246,41,PR,2020,7,11.421444832108348,13.141140910717084,71.10471556271295,10.654856536894291,2020-07-01
3247,3247,41,PR,2020,8,12.072310512245595,13.79422112436144,66.99809420389253,11.1771408221085,2020-08-01
3248,3248,41,PR,2020,9,16.269256600879487,17.94430193797488,59.89355533539303,11.878913411406105,2020-09-01
3249,3249,41,PR,2020,10,17.086226660602545,18.699055100366262,62.52926112481931,12.604292007764622,2020-10-01
3250,3250,41,PR,2020,11,16.87340994610225,18.40482767594289,60.5057764961606,13.203171666006227,2020-11-01
3251,3251,41,PR,2020,12,18.75075452446658,20.19894605820562,75.1596235351908,13.486999382131632,2020-12-01
3252,3252,41,PR,2021,1,19.67815623421013,21.07360273406388,83.0762348068648,13.334415549693482,2021-01-01
3253,3253,41,PR,2021,2,17.761117409473247,19.25745139167252,71.01954164242088,12.834313362879907,2021-02-01
3254,3254,41,PR,2021,3,18.71211985661244,20.15724018923303,73.57011157965755,12.145180286006678,2021-03-01
3255,3255,41,PR,2021,4,15.203903978568816,16.757831179440867,66.78309417476032,11.418072831150091,2021-04-01
3256,3256,41,PR,2021,5,12.691061806694345,14.338798792574822,69.5889305952382,10.813388961155772,2021-05-01
3257,3257,41,PR,2021,6,11.675852926993242,13.200892819848017,79.87009871697167,10.514337028363316,2021-06-01
3258,3258,41,PR,2021,7,8.64254059046022,10.380994750257129,62.76408664691958,10.654856536894291,2021-07-01
3259,3259,41,PR,2021,8,13.84004966792676,15.481889176049703,62.13510583221734,11.1771408221085,2021-08-01
3260,3260,41,PR,2021,9,16.51329866852378,18.12852058356866,62.82752026467893,11.878913411406105,2021-09-01
3261,3261,41,PR,2021,10,15.897525008469374,17.37736391136434,75.7044008267187,12.604292007764622,2021-10-01
3262,3262,41,PR,2021,11,17.60219945015266,19.14679760905037,64.72866656017383,13.203171666006227,2021-11-01
3263,3263,41,PR,2021,12,18.41105847856397,19.94561272895715,60.96191861768462,13.486999382131632,2021-12-01
3264,3264,41,PR,2022,1,19.60344305816411,21.056101317586503,73.40688803333002,13.334415549693482,2022-01-01
3265,3265,41,PR,2022,2,19.19669051487045,20.71082542581111,68.56203734469251,12.834313362879907,2022-02-01
3266,3266,41,PR,2022,3,18.88089221801221,20.347449084860266,79.18808306178141,12.145180286006678,2022-03-01
3267,3267,41,PR,2022,4,16.158777470275474,17.693116764874883,78.1359454018729,11.418072831150091,2022-04-01
3268,3268,41,PR,2022,5,11.94929450050786,13.516252943181566,77.5255646200995,10.813388961155772,2022-05-01
3269,3269,41,PR,2022,6,11.443638477081226,13.013623039230374,78.89056231563252,10.514337028363316,2022-06-01
3270,3270,41,PR,2022,7,13.394687029152246,15.075727358403803,64.54808253780874,10.654856536894291,2022-07-01
3271,3271,41,PR,2022,8,11.725936995736085,13.318121675948642,69.69793356988663,11.1771408221085,2022-08-01
3272,3272,41,PR,2022,9,12.81233472960932,14.340372230664032,76.42758986489814,11.878913411406105,2022-09-01
3273,3273,41,PR,2022,10,15.5411980098737,17.05786570188868,74.94929667511468,12.604292007764622,2022-10-01
3274,3274,41,PR,2022,11,14.525526062440852,16.083619475085833,64.57165683500948,13.203171666006227,2022-11-01
3275,3275,41,PR,2022,12,18.229510469033404,19.69036398798273,74.82275648700727,13.486999382131632,2022-12-01
3276,3276,42,SC,2010,1,18.32348793868833,20.30674817759117,82.73538181711181,13.518345430192126,2010-01-01
3277,3277,42,SC,2010,2,18.887642129876607,20.878436626753462,79.73489233285713,12.948495414982784,2010-02-01
3278,3278,42,SC,2010,3,16.57639080457228,18.59842437787547,80.9977843191473,12.164963608383092,2010-03-01
3279,3279,42,SC,2010,4,13.860866200461237,15.93781185329777,81.69878052924867,11.338614532894503,2010-04-01
3280,3280,42,SC,2010,5,11.224281974732744,13.294797572687145,86.90819998710387,10.650223862331814,2010-05-01
3281,3281,42,SC,2010,6,9.639185522078456,11.74472388704754,82.27816066088742,10.308992009283797,2010-06-01
3282,3282,42,SC,2010,7,9.362474817972876,11.485815823424366,81.66386955436542,10.46941083954806,2010-07-01
3283,3283,42,SC,2010,8,9.1235528466508,11.308086030532872,76.13348177413839,11.064530260616108,2010-08-01
3284,3284,42,SC,2010,9,11.960458537187751,13.984362604139058,77.20887321097665,11.86241495756207,2010-09-01
3285,3285,42,SC,2010,10,11.872449461519684,13.966090960045385,76.08555465307164,12.68682279942954,2010-10-01
3286,3286,42,SC,2010,11,13.8199312619967,15.899397051552114,73.25956056411951,13.368652321974748,2010-11-01
3287,3287,42,SC,2010,12,16.245914927400218,18.24561130958377,80.61122768408843,13.69253428802306,2010-12-01
3288,3288,42,SC,2011,1,18.4574713402494,20.42887196201589,82.23540893129895,13.518345430192126,2011-01-01
3289,3289,42,SC,2011,2,18.58931221502401,20.523003636974178,85.93267168970725,12.948495414982784,2011-02-01
3290,3290,42,SC,2011,3,15.977575238752934,17.97056206327279,82.45185111109473,12.164963608383092,2011-03-01
3291,3291,42,SC,2011,4,14.067382571686348,16.074945451734273,81.72796193867514,11.338614532894503,2011-04-01
3292,3292,42,SC,2011,5,10.57521815467346,12.71039798742607,82.86328885790209,10.650223862331814,2011-05-01
3293,3293,42,SC,2011,6,7.922948017558743,10.043261458176042,82.26618940144368,10.308992009283797,2011-06-01
3294,3294,42,SC,2011,7,9.205050211049672,11.310077421883244,81.8746856890892,10.46941083954806,2011-07-01
3295,3295,42,SC,2011,8,9.87151924491141,11.95243122091118,80.11285170084389,11.064530260616108,2011-08-01
3296,3296,42,SC,2011,9,10.163974837894704,12.274298417465294,76.05213194111167,11.86241495756207,2011-09-01
3297,3297,42,SC,2011,10,13.628930080532236,15.656760831875872,76.45177788213981,12.68682279942954,2011-10-01
3298,3298,42,SC,2011,11,13.807799729446298,15.867913039144316,74.4810337854847,13.368652321974748,2011-11-01
3299,3299,42,SC,2011,12,15.246288101124229,17.34444147740852,73.0562032820954,13.69253428802306,2011-12-01
3300,3300,42,SC,2012,1,16.73112024061984,18.7571635135654,76.25766354643872,13.518345430192126,2012-01-01
3301,3301,42,SC,2012,2,18.43727702006564,20.44732588690072,76.19537234723033,12.948495414982784,2012-02-01
3302,3302,42,SC,2012,3,15.227521633595176,17.319145304304385,72.43643291134568,12.164963608383092,2012-03-01
3303,3303,42,SC,2012,4,13.90196548447217,15.981280105217406,80.31660979109812,11.338614532894503,2012-04-01
3304,3304,42,SC,2012,5,10.947118615757216,13.0730901159086,81.46486373333293,10.650223862331814,2012-05-01
3305,3305,42,SC,2012,6,9.538219696028182,11.646599641334602,84.30424828681771,10.308992009283797,2012-06-01
3306,3306,42,SC,2012,7,8.357942902491894,10.504417350588978,82.4726326462446,10.46941083954806,2012-07-01
3307,3307,42,SC,2012,8,12.236824284071844,14.374149389146863,76.43473455687828,11.064530260616108,2012-08-01
3308,3308,42,SC,2012,9,11.532390247697764,13.696983537476903,72.1047406009343,11.86241495756207,2012-09-01
3309,3309,42,SC,2012,10,14.648112083977423,16.635594870788143,78.68495990341869,12.68682279942954,2012-10-01
3310,3310,42,SC,2012,11,15.343693881056623,17.389756413464134,73.64633222518991,13.368652321974748,2012-11-01
3311,3311,42,SC,2012,12,18.219346614733134,20.18196037665859,80.20957852126327,13.69253428802306,2012-12-01
3312,3312,42,SC,2013,1,16.06051961523361,18.075393795417757,75.73182915082124,13.518345430192126,2013-01-01
3313,3313,42,SC,2013,2,17.466069959169225,19.42291991309823,81.93326634035398,12.948495414982784,2013-02-01
3314,3314,42,SC,2013,3,15.292029329682483,17.28637784276062,82.99836597940705,12.164963608383092,2013-03-01
3315,3315,42,SC,2013,4,12.56592894996814,14.667498912197662,78.63687733673994,11.338614532894503,2013-04-01
3316,3316,42,SC,2013,5,10.764999886652705,12.893737182041068,81.6314780315025,10.650223862331814,2013-05-01
3317,3317,42,SC,2013,6,10.561752751392742,12.622097531792257,87.51292979009027,10.308992009283797,2013-06-01
3318,3318,42,SC,2013,7,7.915410711273056,10.085850077701272,80.44235197807683,10.46941083954806,2013-07-01
3319,3319,42,SC,2013,8,8.291607838891249,10.4579330539544,79.21942102927399,11.064530260616108,2013-08-01
3320,3320,42,SC,2013,9,11.182570444886275,13.267064094732678,78.22877764366652,11.86241495756207,2013-09-01
3321,3321,42,SC,2013,10,13.008732891367902,15.067439347237432,77.17066386961378,12.68682279942954,2013-10-01
3322,3322,42,SC,2013,11,14.911124287657186,16.970766187471057,75.7694958745217,13.368652321974748,2013-11-01
3323,3323,42,SC,2013,12,16.97125897868987,18.999348002670885,76.86267579174732,13.69253428802306,2013-12-01
3324,3324,42,SC,2014,1,18.2939841483072,20.300080639138304,78.76417195234535,13.518345430192126,2014-01-01
3325,3325,42,SC,2014,2,18.04246183815688,20.0996138727468,75.63562662191363,12.948495414982784,2014-02-01
3326,3326,42,SC,2014,3,16.165353276605586,18.174972280954776,81.92293674066346,12.164963608383092,2014-03-01
3327,3327,42,SC,2014,4,14.631295244108523,16.64578329676133,82.80892871675037,11.338614532894503,2014-04-01
3328,3328,42,SC,2014,5,11.322950898188363,13.388828040381645,84.46685643015081,10.650223862331814,2014-05-01
3329,3329,42,SC,2014,6,10.66105465111481,12.716727207999153,86.25628036187621,10.308992009283797,2014-06-01
3330,3330,42,SC,2014,7,9.599114531588604,11.71165779371216,82.65705136727523,10.46941083954806,2014-07-01
3331,3331,42,SC,2014,8,9.75469657868214,11.945509267789232,75.6761782681547,11.064530260616108,2014-08-01
3332,3332,42,SC,2014,9,13.088829704619048,15.130961235310217,81.10997711839047,11.86241495756207,2014-09-01
3333,3333,42,SC,2014,10,14.785596007889552,16.836672359635646,74.59472427468617,12.68682279942954,2014-10-01
3334,3334,42,SC,2014,11,15.683558428855168,17.722767445397757,75.87222258768925,13.368652321974748,2014-11-01
3335,3335,42,SC,2014,12,17.043753796563433,19.06206283334946,79.69496768133563,13.69253428802306,2014-12-01
3336,3336,42,SC,2015,1,18.16317083763925,20.134408710555917,81.11010300780902,13.518345430192126,2015-01-01
3337,3337,42,SC,2015,2,17.64078635400192,19.63488547586491,82.60291806416562,12.948495414982784,2015-02-01
3338,3338,42,SC,2015,3,16.819352273122767,18.82138149733603,81.18067793796949,12.164963608383092,2015-03-01
3339,3339,42,SC,2015,4,14.313169337129915,16.363775790845995,81.74205578179046,11.338614532894503,2015-04-01
3340,3340,42,SC,2015,5,12.418225987440978,14.435690268053412,85.86506582682452,10.650223862331814,2015-05-01
3341,3341,42,SC,2015,6,9.80453088738947,11.947688856225277,82.73443995105977,10.308992009283797,2015-06-01
3342,3342,42,SC,2015,7,10.524920008287925,12.574175563586737,86.54694820167151,10.46941083954806,2015-07-01
3343,3343,42,SC,2015,8,13.330506270983932,15.484561285717277,73.61697665907872,11.064530260616108,2015-08-01
3344,3344,42,SC,2015,9,12.839235763052528,14.873820982143586,78.66729739182661,11.86241495756207,2015-09-01
3345,3345,42,SC,2015,10,14.687577198256466,16.65429590730414,84.30785961833365,12.68682279942954,2015-10-01
3346,3346,42,SC,2015,11,15.7819166683556,17.748096361668473,84.92647785653872,13.368652321974748,2015-11-01
3347,3347,42,SC,2015,12,17.932333725493336,19.863545941500803,84.0585092348254,13.69253428802306,2015-12-01
3348,3348,42,SC,2016,1,18.1398272336458,20.12624794311473,77.85021022832626,13.518345430192126,2016-01-01
3349,3349,42,SC,2016,2,18.99264088729556,20.956962486010276,84.0247324997904,12.948495414982784,2016-02-01
3350,3350,42,SC,2016,3,15.949250353515373,17.95839211729919,81.41291990106453,12.164963608383092,2016-03-01
3351,3351,42,SC,2016,4,16.4941227713943,18.526830369837228,80.64790549937831,11.338614532894503,2016-04-01
3352,3352,42,SC,2016,5,10.52873129976371,12.55538442727552,85.40757774778278,10.650223862331814,2016-05-01
3353,3353,42,SC,2016,6,6.37447083216528,8.505492606744077,81.99083322364997,10.308992009283797,2016-06-01
3354,3354,42,SC,2016,7,8.498390658322759,10.678875330434604,79.06360623709382,10.46941083954806,2016-07-01
3355,3355,42,SC,2016,8,9.88107743473478,12.01521243341727,80.37464526161594,11.064530260616108,2016-08-01
3356,3356,42,SC,2016,9,10.047477598318856,12.20416447278999,74.25197883484854,11.86241495756207,2016-09-01
3357,3357,42,SC,2016,10,13.182237879709737,15.201392165696852,79.80757256927055,12.68682279942954,2016-10-01
3358,3358,42,SC,2016,11,14.148237131025786,16.222277459644136,74.3964793393401,13.368652321974748,2016-11-01
3359,3359,42,SC,2016,12,16.685512448183818,18.72770889014143,80.2407124301491,13.69253428802306,2016-12-01
3360,3360,42,SC,2017,1,18.149042327387804,20.14724149467497,79.97022030336281,13.518345430192126,2017-01-01
3361,3361,42,SC,2017,2,18.623851906338054,20.60327100719029,80.30859979874191,12.948495414982784,2017-02-01
3362,3362,42,SC,2017,3,16.65788499247434,18.6527458649862,81.77012754151086,12.164963608383092,2017-03-01
3363,3363,42,SC,2017,4,13.64803778304087,15.706983561255884,81.75088135855539,11.338614532894503,2017-04-01
3364,3364,42,SC,2017,5,13.318942999510172,15.337921018163076,87.6705854188619,10.650223862331814,2017-05-01
3365,3365,42,SC,2017,6,10.279931271342084,12.370302873180837,83.46025837186784,10.308992009283797,2017-06-01
3366,3366,42,SC,2017,7,8.722980164862689,11.001000312054485,75.45965918506843,10.46941083954806,2017-07-01
3367,3367,42,SC,2017,8,10.803725104305782,12.956368565564292,77.80986376334,11.064530260616108,2017-08-01
3368,3368,42,SC,2017,9,14.777578688316606,16.906681186650076,73.84862626999143,11.86241495756207,2017-09-01
3369,3369,42,SC,2017,10,13.58406164399856,15.650187242010167,79.01796162429284,12.68682279942954,2017-10-01
3370,3370,42,SC,2017,11,13.56615710499065,15.670428202049532,73.35302025282463,13.368652321974748,2017-11-01
3371,3371,42,SC,2017,12,17.002187221856502,19.01083157589385,77.5607714009489,13.69253428802306,2017-12-01
3372,3372,42,SC,2018,1,17.42471386121767,19.40348058126725,82.14856177441561,13.518345430192126,2018-01-01
3373,3373,42,SC,2018,2,16.084961570097015,18.123440734788677,77.93275444523817,12.948495414982784,2018-02-01
3374,3374,42,SC,2018,3,17.146959322179544,19.12652625916217,82.37609731478729,12.164963608383092,2018-03-01
3375,3375,42,SC,2018,4,15.276345591966798,17.36771076076966,78.63708285333888,11.338614532894503,2018-04-01
3376,3376,42,SC,2018,5,11.93494874657266,14.078371955965116,80.28260605414238,10.650223862331814,2018-05-01
3377,3377,42,SC,2018,6,9.06189396544634,11.18398737684568,83.86408352062546,10.308992009283797,2018-06-01
3378,3378,42,SC,2018,7,10.042934293613664,12.1867719213792,80.84029601345937,10.46941083954806,2018-07-01
3379,3379,42,SC,2018,8,8.10395368363889,10.23582581218546,78.26024246927362,11.064530260616108,2018-08-01
3380,3380,42,SC,2018,9,12.820906245753344,14.85756334789486,81.25891116654792,11.86241495756207,2018-09-01
3381,3381,42,SC,2018,10,14.118359651695304,16.12005790890846,82.81571895782692,12.68682279942954,2018-10-01
3382,3382,42,SC,2018,11,15.4929964942997,17.516951097977135,76.28802692690134,13.368652321974748,2018-11-01
3383,3383,42,SC,2018,12,16.64064506838817,18.7147889284285,73.27828082824868,13.69253428802306,2018-12-01
3384,3384,42,SC,2019,1,19.3495270406988,21.3376883732166,79.66067012538245,13.518345430192126,2019-01-01
3385,3385,42,SC,2019,2,17.177396531818676,19.18483194572701,80.83266675622865,12.948495414982784,2019-02-01
3386,3386,42,SC,2019,3,16.55810398053045,18.582588927641705,81.33392220137803,12.164963608383092,2019-03-01
3387,3387,42,SC,2019,4,15.751987713642944,17.787746191295096,83.92352117940682,11.338614532894503,2019-04-01
3388,3388,42,SC,2019,5,14.301189898005802,16.295247260378932,88.17771291743252,10.650223862331814,2019-05-01
3389,3389,42,SC,2019,6,12.103879685446518,14.257183359377509,80.82011371361695,10.308992009283797,2019-06-01
3390,3390,42,SC,2019,7,9.124899566059412,11.234482380905794,78.94157911220717,10.46941083954806,2019-07-01
3391,3391,42,SC,2019,8,9.361780381942156,11.492688663093656,75.27525339007299,11.064530260616108,2019-08-01
3392,3392,42,SC,2019,9,12.751479543895035,14.81260182000612,75.45006774893693,11.86241495756207,2019-09-01
3393,3393,42,SC,2019,10,15.24448280264365,17.251870354304376,76.6059092788914,12.68682279942954,2019-10-01
3394,3394,42,SC,2019,11,15.702260465470571,17.759487988564974,77.01398701613724,13.368652321974748,2019-11-01
3395,3395,42,SC,2019,12,16.389282717892076,18.45041003189564,73.89949879322968,13.69253428802306,2019-12-01
3396,3396,42,SC,2020,1,17.69880757500316,19.73144250651685,78.38303547353371,13.518345430192126,2020-01-01
3397,3397,42,SC,2020,2,16.66992422809015,18.702522099982843,77.60306194313473,12.948495414982784,2020-02-01
3398,3398,42,SC,2020,3,16.03048349708639,18.151324424195348,72.05794350232946,12.164963608383092,2020-03-01
3399,3399,42,SC,2020,4,12.086568913108705,14.29361181311698,73.03126703508856,11.338614532894503,2020-04-01
3400,3400,42,SC,2020,5,9.322955303637416,11.633981869859296,74.63298350341073,10.650223862331814,2020-05-01
3401,3401,42,SC,2020,6,11.296563374155673,13.411055741153335,83.79583521213661,10.308992009283797,2020-06-01
3402,3402,42,SC,2020,7,8.88729209826909,11.02796395616696,79.9739895934255,10.46941083954806,2020-07-01
3403,3403,42,SC,2020,8,10.092889485466266,12.322125503735316,74.9872392407891,11.064530260616108,2020-08-01
3404,3404,42,SC,2020,9,13.427173879323634,15.49651679757501,76.72723345897096,11.86241495756207,2020-09-01
3405,3405,42,SC,2020,10,14.321890918209752,16.430331756337736,72.42398640354502,12.68682279942954,2020-10-01
3406,3406,42,SC,2020,11,14.61331498717505,16.704074129063528,73.20877408613693,13.368652321974748,2020-11-01
3407,3407,42,SC,2020,12,17.02453745434309,19.04073221808545,78.40096952686557,13.69253428802306,2020-12-01
3408,3408,42,SC,2021,1,18.09899664966323,20.075011544356308,84.50022237290932,13.518345430192126,2021-01-01
3409,3409,42,SC,2021,2,16.15448252215214,18.252245966037343,76.97937789904017,12.948495414982784,2021-02-01
3410,3410,42,SC,2021,3,17.016106184988082,19.043911138699453,80.95306187667997,12.164963608383092,2021-03-01
3411,3411,42,SC,2021,4,13.397805377861374,15.571547751530767,76.94546931217046,11.338614532894503,2021-04-01
3412,3412,42,SC,2021,5,9.896844857632509,12.094764942131322,77.18608128252798,10.650223862331814,2021-05-01
3413,3413,42,SC,2021,6,9.423241833811774,11.523941289926848,85.10971571777414,10.308992009283797,2021-06-01
3414,3414,42,SC,2021,7,6.739411122367335,8.998671994850918,71.57444992864868,10.46941083954806,2021-07-01
3415,3415,42,SC,2021,8,11.540935572872986,13.63267187341567,76.40898931133714,11.064530260616108,2021-08-01
3416,3416,42,SC,2021,9,13.364884150089049,15.410146485542764,79.38214644261228,11.86241495756207,2021-09-01
3417,3417,42,SC,2021,10,13.456843995226562,15.48143160539367,80.90691840787296,12.68682279942954,2021-10-01
3418,3418,42,SC,2021,11,15.31423166830794,17.338083082424,74.93232047844366,13.368652321974748,2021-11-01
3419,3419,42,SC,2021,12,16.151468533289286,18.227861647127696,70.56589758477243,13.69253428802306,2021-12-01
3420,3420,42,SC,2022,1,18.03522047720276,20.066066937931076,75.49744975768293,13.518345430192126,2022-01-01
3421,3421,42,SC,2022,2,17.15272946329923,19.182522297948164,73.88611896485234,12.948495414982784,2022-02-01
3422,3422,42,SC,2022,3,16.7147150394397,18.68304639786567,83.95211413536046,12.164963608383092,2022-03-01
3423,3423,42,SC,2022,4,13.755814622321468,15.791368211072587,83.10487807699883,11.338614532894503,2022-04-01
3424,3424,42,SC,2022,5,10.023788737196806,12.1100377977035,84.17225173379288,10.650223862331814,2022-05-01
3425,3425,42,SC,2022,6,8.646657186696334,10.712824219336644,85.1865418302229,10.308992009283797,2022-06-01
3426,3426,42,SC,2022,7,11.034676162531223,13.202700758950868,77.26681064633337,10.46941083954806,2022-07-01
3427,3427,42,SC,2022,8,8.976185815840868,11.072221423761595,78.3625542940161,11.064530260616108,2022-08-01
3428,3428,42,SC,2022,9,9.892837405245109,11.93028119478434,79.86062868165862,11.86241495756207,2022-09-01
3429,3429,42,SC,2022,10,13.003491292822272,15.026016216568973,80.23152398885226,12.68682279942954,2022-10-01
3430,3430,42,SC,2022,11,12.76066222311496,14.887239929716063,71.4288535890125,13.368652321974748,2022-11-01
3431,3431,42,SC,2022,12,16.66059085876502,18.698962885794057,76.28989486786418,13.69253428802306,2022-12-01
3432,3432,43,RS,2010,1,18.66318092676112,20.020912671944924,80.08312778209212,13.633444799451384,2010-01-01
3433,3433,43,RS,2010,2,19.6674130377875,20.999067320121917,78.13278346241258,13.019761099060185,2010-02-01
3434,3434,43,RS,2010,3,17.303241768515903,18.64875722759353,78.58667771270153,12.177291874022975,2010-03-01
3435,3435,43,RS,2010,4,13.814630862660731,15.230651455418045,77.79313632113113,11.289062734913765,2010-04-01
3436,3436,43,RS,2010,5,11.406753048392623,12.784164595249573,85.70387892897328,10.548209322059355,2010-05-01
3437,3437,43,RS,2010,6,9.713614029164964,11.106895600086403,81.76835893749951,10.180358784521305,2010-06-01
3438,3438,43,RS,2010,7,8.427546835834034,9.896191657131483,80.22202018123262,10.35335425017132,2010-07-01
3439,3439,43,RS,2010,8,8.909316938385759,10.369412834631008,76.52312319910239,10.994246267942495,2010-08-01
3440,3440,43,RS,2010,9,11.85389743915426,13.210202039751248,78.61197575646547,11.852134083269368,2010-09-01
3441,3441,43,RS,2010,10,11.623709705541048,13.03470145257898,73.3429254789483,12.73829490091718,2010-10-01
3442,3442,43,RS,2010,11,13.673529616192154,15.082472911974794,68.0872941402842,13.472123437595702,2010-11-01
3443,3443,43,RS,2010,12,16.647320230892166,18.01587405433489,72.54689705700693,13.821287673103102,2010-12-01
3444,3444,43,RS,2011,1,19.371084721507614,20.672594184514,78.57690199844996,13.633444799451384,2011-01-01
3445,3445,43,RS,2011,2,19.04061042926681,20.34005049903285,83.52576591599156,13.019761099060185,2011-02-01
3446,3446,43,RS,2011,3,16.331365479480255,17.691649353944435,78.12463404581858,12.177291874022975,2011-03-01
3447,3447,43,RS,2011,4,14.080482329065411,15.47062207278911,78.78736331154244,11.289062734913765,2011-04-01
3448,3448,43,RS,2011,5,10.87172503569484,12.28097232887435,82.21031879185624,10.548209322059355,2011-05-01
3449,3449,43,RS,2011,6,8.2462143108839,9.682671266479266,82.4668243641025,10.180358784521305,2011-06-01
3450,3450,43,RS,2011,7,8.62267297718526,10.059916456629244,81.23954898529439,10.35335425017132,2011-07-01
3451,3451,43,RS,2011,8,9.447176197367414,10.858366496777926,79.50448364244937,10.994246267942495,2011-08-01
3452,3452,43,RS,2011,9,10.263934966035832,11.715853765652852,73.07794508201656,11.852134083269368,2011-09-01
3453,3453,43,RS,2011,10,13.500071284555403,14.858273489420936,73.99569372128967,12.73829490091718,2011-10-01
3454,3454,43,RS,2011,11,14.677120767640716,16.062489449234317,67.9569947023347,13.472123437595702,2011-11-01
3455,3455,43,RS,2011,12,15.85914526677746,17.24820832886779,66.80284153724186,13.821287673103102,2011-12-01
3456,3456,43,RS,2012,1,17.685769995515273,19.04737527624083,69.53157782441662,13.633444799451384,2012-01-01
3457,3457,43,RS,2012,2,19.591270670688665,20.94051399004664,72.06929814214223,13.019761099060185,2012-02-01
3458,3458,43,RS,2012,3,16.05729982889611,17.447281911277656,69.51878963343442,12.177291874022975,2012-03-01
3459,3459,43,RS,2012,4,13.695571143542416,15.07750026122745,75.71003564288358,11.289062734913765,2012-04-01
3460,3460,43,RS,2012,5,11.660325670988286,13.098491235564545,75.60783067922246,10.548209322059355,2012-05-01
3461,3461,43,RS,2012,6,9.232895346498774,10.66126919071806,79.79628104626292,10.180358784521305,2012-06-01
3462,3462,43,RS,2012,7,7.556599598862494,9.055778745004083,79.23055996402432,10.35335425017132,2012-07-01
3463,3463,43,RS,2012,8,12.999827022709404,14.43520777043048,73.68865566435645,10.994246267942495,2012-08-01
3464,3464,43,RS,2012,9,12.089656941590196,13.516850593831018,72.9796459351507,11.852134083269368,2012-09-01
3465,3465,43,RS,2012,10,15.037584215257528,16.357902013188543,77.49194661822132,12.73829490091718,2012-10-01
3466,3466,43,RS,2012,11,15.911670694120934,17.28569394900925,66.28258194683544,13.472123437595702,2012-11-01
3467,3467,43,RS,2012,12,18.5460544726568,19.87759547460441,75.18375294199397,13.821287673103102,2012-12-01
3468,3468,43,RS,2013,1,16.617460055678045,17.96690840306624,72.16172125451011,13.633444799451384,2013-01-01
3469,3469,43,RS,2013,2,17.801972993509015,19.12868002233188,78.52092937033409,13.019761099060185,2013-02-01
3470,3470,43,RS,2013,3,15.1679358383985,16.536054428786034,80.43409518130564,12.177291874022975,2013-03-01
3471,3471,43,RS,2013,4,13.32940522003046,14.742262938175816,75.73241974563803,11.289062734913765,2013-04-01
3472,3472,43,RS,2013,5,10.755246387744904,12.200204922924666,80.36781600806856,10.548209322059355,2013-05-01
3473,3473,43,RS,2013,6,9.722715545953855,11.160241907827029,86.64735050712086,10.180358784521305,2013-06-01
3474,3474,43,RS,2013,7,7.967026438713431,9.425678407823206,78.47360797125467,10.35335425017132,2013-07-01
3475,3475,43,RS,2013,8,7.781603227553725,9.260792438982316,78.63078274302477,10.994246267942495,2013-08-01
3476,3476,43,RS,2013,9,11.349045548002376,12.747204451710283,76.76650542932022,11.852134083269368,2013-09-01
3477,3477,43,RS,2013,10,13.052322584169024,14.438153698772078,74.35123866066782,12.73829490091718,2013-10-01
3478,3478,43,RS,2013,11,15.752852611720485,17.123496764060484,70.59414656127153,13.472123437595702,2013-11-01
3479,3479,43,RS,2013,12,17.97830171114979,19.314915953560927,70.82790982641384,13.821287673103102,2013-12-01
3480,3480,43,RS,2014,1,19.42014462457665,20.75731459657274,75.09844614919226,13.633444799451384,2014-01-01
3481,3481,43,RS,2014,2,19.006364525219382,20.362915326997733,73.80766507735284,13.019761099060185,2014-02-01
3482,3482,43,RS,2014,3,16.32332115308317,17.668188458203126,78.93432509625787,12.177291874022975,2014-03-01
3483,3483,43,RS,2014,4,14.807694645658874,16.1624365532095,79.3956738077493,11.289062734913765,2014-04-01
3484,3484,43,RS,2014,5,11.301027173940629,12.660102692952597,84.4162449222075,10.548209322059355,2014-05-01
3485,3485,43,RS,2014,6,10.551397074282312,11.917495380258226,86.30771462850304,10.180358784521305,2014-06-01
3486,3486,43,RS,2014,7,9.76796505432361,11.14799959826908,80.84800856291653,10.35335425017132,2014-07-01
3487,3487,43,RS,2014,8,10.076756228590757,11.507907020784556,74.348023880762,10.994246267942495,2014-08-01
3488,3488,43,RS,2014,9,13.317961729402684,14.680189540268108,81.13296010044205,11.852134083269368,2014-09-01
3489,3489,43,RS,2014,10,15.248021749144222,16.594664324965404,74.7893080374694,12.73829490091718,2014-10-01
3490,3490,43,RS,2014,11,16.223679889860243,17.57998025947147,70.66377698842142,13.472123437595702,2014-11-01
3491,3491,43,RS,2014,12,17.850604962864015,19.17258617979579,75.66619636055286,13.821287673103102,2014-12-01
3492,3492,43,RS,2015,1,18.85815578446609,20.18398284380849,79.6860186287368,13.633444799451384,2015-01-01
3493,3493,43,RS,2015,2,18.391548327037267,19.705868984185205,80.13520780788778,13.019761099060185,2015-02-01
3494,3494,43,RS,2015,3,17.388418134498323,18.71500209292409,77.54153843694499,12.177291874022975,2015-03-01
3495,3495,43,RS,2015,4,14.59805268561505,15.98265081916947,77.61711299556646,11.289062734913765,2015-04-01
3496,3496,43,RS,2015,5,12.707341967986212,14.055145967128688,82.96995146853084,10.548209322059355,2015-05-01
3497,3497,43,RS,2015,6,10.219291754840802,11.638653032177029,81.63997878900653,10.180358784521305,2015-06-01
3498,3498,43,RS,2015,7,10.537031638725349,11.898747142652864,86.61152698691296,10.35335425017132,2015-07-01
3499,3499,43,RS,2015,8,14.20202078572486,15.61949586299961,72.18808533475412,10.994246267942495,2015-08-01
3500,3500,43,RS,2015,9,12.031816228305413,13.407632819809509,77.28778262093684,11.852134083269368,2015-09-01
3501,3501,43,RS,2015,10,14.138294054615882,15.496055661172567,80.78793449935587,12.73829490091718,2015-10-01
3502,3502,43,RS,2015,11,15.61251972332856,16.93538350088689,79.44480754630155,13.472123437595702,2015-11-01
3503,3503,43,RS,2015,12,18.23202493459793,19.51589185781685,80.82206934241839,13.821287673103102,2015-12-01
3504,3504,43,RS,2016,1,19.24085049673071,20.57548011814873,73.42851371174572,13.633444799451384,2016-01-01
3505,3505,43,RS,2016,2,19.63979425137764,20.94292868423488,80.27002234287893,13.019761099060185,2016-02-01
3506,3506,43,RS,2016,3,16.529085112291384,17.856599827877734,80.42316957378128,12.177291874022975,2016-03-01
3507,3507,43,RS,2016,4,16.876412861884496,18.179712933477468,80.46755576638013,11.289062734913765,2016-04-01
3508,3508,43,RS,2016,5,10.197127038855475,11.537021008195277,84.86814332901004,10.548209322059355,2016-05-01
3509,3509,43,RS,2016,6,6.016338944208959,7.492580590203063,79.98723574016628,10.180358784521305,2016-06-01
3510,3510,43,RS,2016,7,8.546614326438565,9.98682132807963,79.45978281476026,10.35335425017132,2016-07-01
3511,3511,43,RS,2016,8,10.213161986837184,11.68932997352563,77.162686397381,10.994246267942495,2016-08-01
3512,3512,43,RS,2016,9,9.605543445130508,11.0774660324795,73.52343451845917,11.852134083269368,2016-09-01
3513,3513,43,RS,2016,10,13.235607844635156,14.585214773813885,76.15933865125756,12.73829490091718,2016-10-01
3514,3514,43,RS,2016,11,13.972900930386151,15.382742678369066,68.24820576914183,13.472123437595702,2016-11-01
3515,3515,43,RS,2016,12,17.627852070994106,18.98636618480888,72.99659511878988,13.821287673103102,2016-12-01
3516,3516,43,RS,2017,1,18.681514930595373,20.00839974707559,78.38783740169536,13.633444799451384,2017-01-01
3517,3517,43,RS,2017,2,19.314375341964467,20.62238609780543,79.17089778201989,13.019761099060185,2017-02-01
3518,3518,43,RS,2017,3,16.774907729711877,18.126410188012706,78.41699013979976,12.177291874022975,2017-03-01
3519,3519,43,RS,2017,4,13.955761666226898,15.3449062350524,77.8155644023594,11.289062734913765,2017-04-01
3520,3520,43,RS,2017,5,13.300293953404216,14.652147885971326,86.28374129185514,10.548209322059355,2017-05-01
3521,3521,43,RS,2017,6,10.384615731099434,11.810180264572242,81.92343617838868,10.180358784521305,2017-06-01
3522,3522,43,RS,2017,7,9.39683357136842,10.958472210069807,70.33568282719799,10.35335425017132,2017-07-01
3523,3523,43,RS,2017,8,10.876082429813888,12.33155888074572,75.40614366376936,10.994246267942495,2017-08-01
3524,3524,43,RS,2017,9,14.924994013028613,16.321914320809135,75.35555696653394,11.852134083269368,2017-09-01
3525,3525,43,RS,2017,10,13.816631140486844,15.18906106567704,75.86592130504103,12.73829490091718,2017-10-01
3526,3526,43,RS,2017,11,13.559705613176506,15.005712673399184,67.55311732413459,13.472123437595702,2017-11-01
3527,3527,43,RS,2017,12,17.541825145401937,18.8906006891194,71.61871540844479,13.821287673103102,2017-12-01
3528,3528,43,RS,2018,1,18.19748580979319,19.531074532605096,76.97056625945407,13.633444799451384,2018-01-01
3529,3529,43,RS,2018,2,16.79535596482178,18.142740962119603,74.725452770533,13.019761099060185,2018-02-01
3530,3530,43,RS,2018,3,16.611477921703717,17.991177875585763,77.42656143738023,12.177291874022975,2018-03-01
3531,3531,43,RS,2018,4,16.757878785216345,18.125157179538824,76.78809265866975,11.289062734913765,2018-04-01
3532,3532,43,RS,2018,5,12.38704084458264,13.7747197223383,79.93924192697183,10.548209322059355,2018-05-01
3533,3533,43,RS,2018,6,8.100587643423882,9.561139668264444,83.58733138195483,10.180358784521305,2018-06-01
3534,3534,43,RS,2018,7,9.589154698963316,11.029270940412124,83.2894939247662,10.35335425017132,2018-07-01
3535,3535,43,RS,2018,8,7.85641245638935,9.33788313466753,79.2833950071388,10.994246267942495,2018-08-01
3536,3536,43,RS,2018,9,13.498026296492402,14.844555755919083,80.5512519874726,11.852134083269368,2018-09-01
3537,3537,43,RS,2018,10,13.98333872805483,15.361193656828725,77.52060414213084,12.73829490091718,2018-10-01
3538,3538,43,RS,2018,11,16.061737522766133,17.431299791374357,70.69404937062397,13.472123437595702,2018-11-01
3539,3539,43,RS,2018,12,17.081771276546647,18.46926901843638,70.4373411413826,13.821287673103102,2018-12-01
3540,3540,43,RS,2019,1,20.094162645573476,21.41881458304339,78.66915131998982,13.633444799451384,2019-01-01
3541,3541,43,RS,2019,2,17.52173004715318,18.888816174391145,76.87046186033501,13.019761099060185,2019-02-01
3542,3542,43,RS,2019,3,16.288863528777103,17.66722145391292,77.57050283654148,12.177291874022975,2019-03-01
3543,3543,43,RS,2019,4,16.06161112488513,17.42642206165845,82.46624071103344,11.289062734913765,2019-04-01
3544,3544,43,RS,2019,5,14.239299962628396,15.584537442661132,87.81160095878055,10.548209322059355,2019-05-01
3545,3545,43,RS,2019,6,12.254682626312045,13.745339117363752,78.29679712578954,10.180358784521305,2019-06-01
3546,3546,43,RS,2019,7,8.310784471684999,9.799526407786669,78.83427845707426,10.35335425017132,2019-07-01
3547,3547,43,RS,2019,8,8.726615430330172,10.205389371509424,74.75532629737306,10.994246267942495,2019-08-01
3548,3548,43,RS,2019,9,11.08363168907858,12.569853012836283,73.2396408793438,11.852134083269368,2019-09-01
3549,3549,43,RS,2019,10,14.9739758823801,16.37539442537794,75.57846378443045,12.73829490091718,2019-10-01
3550,3550,43,RS,2019,11,16.39397669167244,17.7628440212214,72.78258975078782,13.472123437595702,2019-11-01
3551,3551,43,RS,2019,12,16.934513557573446,18.38028590248909,63.098532767752346,13.821287673103102,2019-12-01
3552,3552,43,RS,2020,1,18.40832260727095,19.79685251023087,73.38506677901594,13.633444799451384,2020-01-01
3553,3553,43,RS,2020,2,17.260680374652125,18.6558669342788,71.07153181718701,13.019761099060185,2020-02-01
3554,3554,43,RS,2020,3,17.197046567189414,18.62523563304456,65.66888426177658,12.177291874022975,2020-03-01
3555,3555,43,RS,2020,4,12.697543153210656,14.219784495805005,67.8262827818333,11.289062734913765,2020-04-01
3556,3556,43,RS,2020,5,10.014638293081404,11.536940888136003,73.1995830390101,10.548209322059355,2020-05-01
3557,3557,43,RS,2020,6,10.932924040389675,12.37545711790502,81.05563260682295,10.180358784521305,2020-06-01
3558,3558,43,RS,2020,7,8.079306913890447,9.550773612877748,79.15133529655178,10.35335425017132,2020-07-01
3559,3559,43,RS,2020,8,9.883248912832013,11.462672855020616,72.34515320703392,10.994246267942495,2020-08-01
3560,3560,43,RS,2020,9,11.949359924220722,13.38427970073469,77.23236923728442,11.852134083269368,2020-09-01
3561,3561,43,RS,2020,10,13.77701556115806,15.22359978173554,69.08478966480803,12.73829490091718,2020-10-01
3562,3562,43,RS,2020,11,14.905510820617955,16.30272510926248,67.69947689138104,13.472123437595702,2020-11-01
3563,3563,43,RS,2020,12,17.23162084970006,18.601148538908237,70.93958532867352,13.821287673103102,2020-12-01
3564,3564,43,RS,2021,1,18.38533562646504,19.74485657536037,76.43556758896925,13.633444799451384,2021-01-01
3565,3565,43,RS,2021,2,16.84434721692841,18.25185105832089,76.00667102297216,13.019761099060185,2021-02-01
3566,3566,43,RS,2021,3,17.161020677623114,18.51261999236748,78.82392788069254,12.177291874022975,2021-03-01
3567,3567,43,RS,2021,4,14.198133420720795,15.633664192269286,73.13677056502786,11.289062734913765,2021-04-01
3568,3568,43,RS,2021,5,9.111409226172071,10.620557919965073,76.62800755274081,10.548209322059355,2021-05-01
3569,3569,43,RS,2021,6,9.009718433074989,10.455680016845148,83.5974191647776,10.180358784521305,2021-06-01
3570,3570,43,RS,2021,7,7.015852901738072,8.622091233584387,72.04353898620803,10.35335425017132,2021-07-01
3571,3571,43,RS,2021,8,11.040310539059137,12.506685297497503,75.7628656313941,10.994246267942495,2021-08-01
3572,3572,43,RS,2021,9,12.971929736341655,14.362914030826396,79.84254300731573,11.852134083269368,2021-09-01
3573,3573,43,RS,2021,10,13.180125323474243,14.58434755208502,74.12165850903614,12.73829490091718,2021-10-01
3574,3574,43,RS,2021,11,15.61677544768077,17.029300434777696,68.570478354943,13.472123437595702,2021-11-01
3575,3575,43,RS,2021,12,16.839867281750056,18.22335216998745,64.65989976461138,13.821287673103102,2021-12-01
3576,3576,43,RS,2022,1,19.322779203329173,20.710866014332577,66.56356725138015,13.633444799451384,2022-01-01
3577,3577,43,RS,2022,2,17.78573322008891,19.17619696230432,68.15765248026166,13.019761099060185,2022-02-01
3578,3578,43,RS,2022,3,16.439026235592056,17.791048572075493,79.03019887002766,12.177291874022975,2022-03-01
3579,3579,43,RS,2022,4,13.700704269077244,15.102302403909617,80.17946050559661,11.289062734913765,2022-04-01
3580,3580,43,RS,2022,5,10.013042369656665,11.41755588706532,85.2332975894371,10.548209322059355,2022-05-01
3581,3581,43,RS,2022,6,7.933467399801778,9.36142076052248,84.81803743893522,10.180358784521305,2022-06-01
3582,3582,43,RS,2022,7,11.595821856987152,13.03401131398444,78.72545836308194,10.35335425017132,2022-07-01
3583,3583,43,RS,2022,8,8.9133571167792,10.334480689557587,78.52368870441246,10.994246267942495,2022-08-01
3584,3584,43,RS,2022,9,9.73458756926174,11.13866389573008,76.66861771732928,11.852134083269368,2022-09-01
3585,3585,43,RS,2022,10,12.560003301936398,13.947264552965793,76.68179368015274,12.73829490091718,2022-10-01
3586,3586,43,RS,2022,11,13.493670048352223,14.918691503698408,65.37383057238108,13.472123437595702,2022-11-01
3587,3587,43,RS,2022,12,17.187555969525903,18.58829893187424,67.5030798818769,13.821287673103102,2022-12-01
3588,3588,50,MS,2010,1,20.899536846687813,22.706659221570288,80.64158914816883,13.144721482629327,2010-01-01
3589,3589,50,MS,2010,2,21.522854077510345,23.34040346861759,77.42338999025115,12.716252032949583,2010-02-01
3590,3590,50,MS,2010,3,20.16348848311343,22.0395695502547,72.63459392260481,12.124693381671408,2010-03-01
3591,3591,50,MS,2010,4,17.603819402466474,19.66994597646925,70.9242074624086,11.500297923856412,2010-04-01
3592,3592,50,MS,2010,5,13.21274748875939,15.365796031786251,76.2625609651097,10.981812748443092,2010-05-01
3593,3593,50,MS,2010,6,13.432141575955937,15.795728148150648,68.03767661885318,10.725905885003982,2010-06-01
3594,3594,50,MS,2010,7,12.301114662310818,14.935115999974329,63.91484431415871,10.846100116237514,2010-07-01
3595,3595,50,MS,2010,8,12.023125892241598,15.020475933234293,49.8105103971546,11.29357868671096,2010-08-01
3596,3596,50,MS,2010,9,16.936995701708344,19.31190829399305,55.64564511551816,11.89599924109123,2010-09-01
3597,3597,50,MS,2010,10,16.83393120588203,19.01028461117109,64.54244941320175,12.51889432749354,2010-10-01
3598,3598,50,MS,2010,11,17.501080030457587,19.58737176829933,65.93354431869638,13.032371898107352,2010-11-01
3599,3599,50,MS,2010,12,20.40777891583439,22.37486370779247,75.86904570088099,13.275236807953576,2010-12-01
3600,3600,50,MS,2011,1,20.72526528995031,22.649542903190216,78.57023972415845,13.144721482629327,2011-01-01
3601,3601,50,MS,2011,2,20.97301223863176,22.77052898372049,81.54576119049128,12.716252032949583,2011-02-01
3602,3602,50,MS,2011,3,20.45058612649948,22.194994319067007,81.30215395413913,12.124693381671408,2011-03-01
3603,3603,50,MS,2011,4,18.054201657955463,20.027846707645647,75.60003046541134,11.500297923856412,2011-04-01
3604,3604,50,MS,2011,5,13.74899834655749,16.07624242974274,72.2419073737486,10.981812748443092,2011-05-01
3605,3605,50,MS,2011,6,11.785450192010348,14.273478723081768,70.38451237963815,10.725905885003982,2011-06-01
3606,3606,50,MS,2011,7,13.244447365588051,15.705028838219972,64.52670873384815,10.846100116237514,2011-07-01
3607,3607,50,MS,2011,8,13.744904235168688,16.24700826539591,57.35250556399942,11.29357868671096,2011-08-01
3608,3608,50,MS,2011,9,15.641777908292593,18.165446048516493,54.984796670766976,11.89599924109123,2011-09-01
3609,3609,50,MS,2011,10,18.5069988197882,20.52554906075212,67.94395360323493,12.51889432749354,2011-10-01
3610,3610,50,MS,2011,11,18.340045292764646,20.52008939604474,64.57042829562457,13.032371898107352,2011-11-01
3611,3611,50,MS,2011,12,19.39965232844388,21.607044766223364,65.9323362535046,13.275236807953576,2011-12-01
3612,3612,50,MS,2012,1,20.17826760436406,22.10103970110367,73.77714148585316,13.144721482629327,2012-01-01
3613,3613,50,MS,2012,2,20.35260116811562,22.414287024109264,71.89212212195763,12.716252032949583,2012-02-01
3614,3614,50,MS,2012,3,18.68269630499967,20.829401324266637,69.99443009552431,12.124693381671408,2012-03-01
3615,3615,50,MS,2012,4,18.46380073514759,20.43170155582265,77.16629548847166,11.500297923856412,2012-04-01
3616,3616,50,MS,2012,5,15.074349829241497,17.223118668454457,76.34153497189504,10.981812748443092,2012-05-01
3617,3617,50,MS,2012,6,14.036028544999596,16.29051979066979,79.2107688822298,10.725905885003982,2012-06-01
3618,3618,50,MS,2012,7,11.8030043819209,14.33954363514117,68.86564232200705,10.846100116237514,2012-07-01
3619,3619,50,MS,2012,8,14.561430342439976,17.265968304216813,53.289917713162126,11.29357868671096,2012-08-01
3620,3620,50,MS,2012,9,16.249910095104806,18.8963221217832,50.643679328657626,11.89599924109123,2012-09-01
3621,3621,50,MS,2012,10,19.518465010167358,21.665518113854898,64.78541336501306,12.51889432749354,2012-10-01
3622,3622,50,MS,2012,11,20.248692223964596,22.156407891787016,70.20183998499161,13.032371898107352,2012-11-01
3623,3623,50,MS,2012,12,21.326718241247487,23.238050841023057,73.76721248516276,13.275236807953576,2012-12-01
3624,3624,50,MS,2013,1,20.04457828121411,22.02283518866356,72.41672754657662,13.144721482629327,2013-01-01
3625,3625,50,MS,2013,2,20.433422693076658,22.23560639617672,77.21881979412886,12.716252032949583,2013-02-01
3626,3626,50,MS,2013,3,19.678115895739765,21.55001334630017,76.29637929029298,12.124693381671408,2013-03-01
3627,3627,50,MS,2013,4,16.905635195945386,19.05784044547423,75.96156000547771,11.500297923856412,2013-04-01
3628,3628,50,MS,2013,5,15.39135996017129,17.76457944486812,73.79605755040772,10.981812748443092,2013-05-01
3629,3629,50,MS,2013,6,15.392131945453112,17.527190917051293,81.89881742936146,10.725905885003982,2013-06-01
3630,3630,50,MS,2013,7,11.970978745084032,14.527985963859376,67.70119658252472,10.846100116237514,2013-07-01
3631,3631,50,MS,2013,8,10.912942777949482,13.761892372294318,53.16920224147312,11.29357868671096,2013-08-01
3632,3632,50,MS,2013,9,15.696969622147234,18.118477870240994,56.82829138518386,11.89599924109123,2013-09-01
3633,3633,50,MS,2013,10,18.33409718583194,20.301450157710708,67.99565453800001,12.51889432749354,2013-10-01
3634,3634,50,MS,2013,11,19.63601036232735,21.60038925565245,67.88568530827132,13.032371898107352,2013-11-01
3635,3635,50,MS,2013,12,20.95011991498518,22.827006967372437,72.4298570834651,13.275236807953576,2013-12-01
3636,3636,50,MS,2014,1,20.23018564852757,22.10279142676494,74.89549061598802,13.144721482629327,2014-01-01
3637,3637,50,MS,2014,2,20.49397298181682,22.367751513855367,71.83610856813289,12.716252032949583,2014-02-01
3638,3638,50,MS,2014,3,19.567262287770745,21.438912004585312,77.61203432998252,12.124693381671408,2014-03-01
3639,3639,50,MS,2014,4,18.613527023138374,20.55753440293581,77.43512113547024,11.500297923856412,2014-04-01
3640,3640,50,MS,2014,5,14.87991733110988,17.035065422548765,77.45534479243261,10.981812748443092,2014-05-01
3641,3641,50,MS,2014,6,14.828690730469138,17.116165813413854,75.1977618446833,10.725905885003982,2014-06-01
3642,3642,50,MS,2014,7,13.273018253925336,15.665927606779684,72.16329611501386,10.846100116237514,2014-07-01
3643,3643,50,MS,2014,8,14.71755014978754,17.744095769401664,57.78172327635871,11.29357868671096,2014-08-01
3644,3644,50,MS,2014,9,18.2357596043293,20.79580079050507,63.8571173020053,11.89599924109123,2014-09-01
3645,3645,50,MS,2014,10,19.553964751162983,21.8675215025248,57.96657459684273,12.51889432749354,2014-10-01
3646,3646,50,MS,2014,11,19.436904041274182,21.3709672960048,73.67561566638544,13.032371898107352,2014-11-01
3647,3647,50,MS,2014,12,20.638466738057947,22.524893438635967,77.33374103033674,13.275236807953576,2014-12-01
3648,3648,50,MS,2015,1,20.75902742967649,22.710926488936312,72.17877327018292,13.144721482629327,2015-01-01
3649,3649,50,MS,2015,2,20.57606778394896,22.416337759973345,77.45054497986115,12.716252032949583,2015-02-01
3650,3650,50,MS,2015,3,19.77251414699718,21.621061545870848,76.63560697525168,12.124693381671408,2015-03-01
3651,3651,50,MS,2015,4,18.833578078354464,20.7586779135692,76.73091317510806,11.500297923856412,2015-04-01
3652,3652,50,MS,2015,5,16.123777007900877,18.189387366254756,80.04013187381967,10.981812748443092,2015-05-01
3653,3653,50,MS,2015,6,14.6521461585403,16.92399834258647,74.7462328947043,10.725905885003982,2015-06-01
3654,3654,50,MS,2015,7,14.483370610576303,16.654007512533017,76.04816025390873,10.846100116237514,2015-07-01
3655,3655,50,MS,2015,8,14.790800056441942,17.612236854347614,53.61719026951071,11.29357868671096,2015-08-01
3656,3656,50,MS,2015,9,17.397834147481475,19.78943426236825,62.26256935264491,11.89599924109123,2015-09-01
3657,3657,50,MS,2015,10,19.76708490559401,21.77386295401159,70.06484628960082,12.51889432749354,2015-10-01
3658,3658,50,MS,2015,11,20.26376402408262,22.17358348379658,76.89959146201862,13.032371898107352,2015-11-01
3659,3659,50,MS,2015,12,20.7886407228332,22.611210608492097,78.3525072816636,13.275236807953576,2015-12-01
3660,3660,50,MS,2016,1,21.230680316942184,22.99837818278153,78.01433379273358,13.144721482629327,2016-01-01
3661,3661,50,MS,2016,2,21.503107776084043,23.28144574425513,79.04796410189711,12.716252032949583,2016-02-01
3662,3662,50,MS,2016,3,19.341828586520737,21.24581322099492,74.0038847730519,12.124693381671408,2016-03-01
3663,3663,50,MS,2016,4,18.575472096652422,20.719860426987275,66.44609998550092,11.500297923856412,2016-04-01
3664,3664,50,MS,2016,5,14.988070241671863,17.026073621506104,78.67690479594769,10.981812748443092,2016-05-01
3665,3665,50,MS,2016,6,11.949276048963585,14.374640481884471,73.35962246762047,10.725905885003982,2016-06-01
3666,3666,50,MS,2016,7,12.049999881832392,14.69775210501662,60.4306540156248,10.846100116237514,2016-07-01
3667,3667,50,MS,2016,8,13.860943542883902,16.48945081297258,60.86106476602675,11.29357868671096,2016-08-01
3668,3668,50,MS,2016,9,14.089371960977964,16.891752031583827,56.57785075545814,11.89599924109123,2016-09-01
3669,3669,50,MS,2016,10,17.902876014756202,20.162354560422138,63.66093482363706,12.51889432749354,2016-10-01
3670,3670,50,MS,2016,11,18.691578405517063,20.77822726728544,65.69689470765962,13.032371898107352,2016-11-01
3671,3671,50,MS,2016,12,20.233378298577605,22.10132241706646,76.06329370158309,13.275236807953576,2016-12-01
3672,3672,50,MS,2017,1,20.447381252072304,22.32408689722425,76.32875175055507,13.144721482629327,2017-01-01
3673,3673,50,MS,2017,2,20.573873513861543,22.498992674173973,74.11352521989487,12.716252032949583,2017-02-01
3674,3674,50,MS,2017,3,20.2947508063108,22.172778880756795,75.31360441482812,12.124693381671408,2017-03-01
3675,3675,50,MS,2017,4,17.416444248690386,19.47651471105809,76.20125894989143,11.500297923856412,2017-04-01
3676,3676,50,MS,2017,5,17.9024939301453,19.86758238308378,81.03847252100816,10.981812748443092,2017-05-01
3677,3677,50,MS,2017,6,13.52152117103464,15.849502954603752,73.79659780188452,10.725905885003982,2017-06-01
3678,3678,50,MS,2017,7,10.993099651392209,13.85004139750916,57.84188349152546,10.846100116237514,2017-07-01
3679,3679,50,MS,2017,8,14.984113439728942,17.510570490686394,59.18056578536869,11.29357868671096,2017-08-01
3680,3680,50,MS,2017,9,17.205911870143588,19.85116511075305,47.07150337605537,11.89599924109123,2017-09-01
3681,3681,50,MS,2017,10,18.350507162794283,20.415287065330745,66.7153476078007,12.51889432749354,2017-10-01
3682,3682,50,MS,2017,11,18.78777299792455,20.75774767871648,71.84335633933796,13.032371898107352,2017-11-01
3683,3683,50,MS,2017,12,20.7967043752425,22.60647219139588,77.81716768164301,13.275236807953576,2017-12-01
3684,3684,50,MS,2018,1,20.70040099111661,22.470373822699376,79.92726582300911,13.144721482629327,2018-01-01
3685,3685,50,MS,2018,2,19.84347289983877,21.749315177338037,75.36334357856627,12.716252032949583,2018-02-01
3686,3686,50,MS,2018,3,20.87451475539856,22.703305966808337,77.84019696386359,12.124693381671408,2018-03-01
3687,3687,50,MS,2018,4,18.34382371902466,20.477919984970416,69.45081349948288,11.500297923856412,2018-04-01
3688,3688,50,MS,2018,5,15.03965189623414,17.37609464015314,68.26520445805366,10.981812748443092,2018-05-01
3689,3689,50,MS,2018,6,13.575489204744748,15.902070233992886,73.21171571272838,10.725905885003982,2018-06-01
3690,3690,50,MS,2018,7,12.373697961409066,15.032666384614014,59.66676625742043,10.846100116237514,2018-07-01
3691,3691,50,MS,2018,8,12.61026238811021,15.048088911651543,63.20415492698386,11.29357868671096,2018-08-01
3692,3692,50,MS,2018,9,15.865453960925718,18.14037626503892,65.78025863261163,11.89599924109123,2018-09-01
3693,3693,50,MS,2018,10,19.76218948115033,21.6389300337418,74.9946586169628,12.51889432749354,2018-10-01
3694,3694,50,MS,2018,11,20.05805946704205,21.896640253670608,75.95446929126852,13.032371898107352,2018-11-01
3695,3695,50,MS,2018,12,20.173631821519844,22.21024298560819,68.60485517720682,13.275236807953576,2018-12-01
3696,3696,50,MS,2019,1,21.208607319667905,23.176867476868697,72.42816716478814,13.144721482629327,2019-01-01
3697,3697,50,MS,2019,2,20.667101786753157,22.56255617969506,74.70722869162533,12.716252032949583,2019-02-01
3698,3698,50,MS,2019,3,20.01827977345203,21.95025171986304,76.05402651997477,12.124693381671408,2019-03-01
3699,3699,50,MS,2019,4,19.29333051729806,21.248958681001945,77.42417781202099,11.500297923856412,2019-04-01
3700,3700,50,MS,2019,5,16.838161609473644,18.899408661331044,77.7885959558265,10.981812748443092,2019-05-01
3701,3701,50,MS,2019,6,14.500707140049352,17.097928881343407,66.89599226617612,10.725905885003982,2019-06-01
3702,3702,50,MS,2019,7,11.90767495883967,14.533036662345518,62.78222401729161,10.846100116237514,2019-07-01
3703,3703,50,MS,2019,8,14.026909913936162,16.611623557454084,54.16127751320418,11.29357868671096,2019-08-01
3704,3704,50,MS,2019,9,17.98268700551383,20.39855438103656,53.96681237844475,11.89599924109123,2019-09-01
3705,3705,50,MS,2019,10,19.79499195545924,21.944037333854904,60.1123935509429,12.51889432749354,2019-10-01
3706,3706,50,MS,2019,11,20.732822434711057,22.72484152266748,66.25162404378256,13.032371898107352,2019-11-01
3707,3707,50,MS,2019,12,20.202760120857583,22.142896907677112,75.98126645631427,13.275236807953576,2019-12-01
3708,3708,50,MS,2020,1,21.294648827412217,23.17929600364776,75.59849602390474,13.144721482629327,2020-01-01
3709,3709,50,MS,2020,2,20.969871200884548,22.8378794947757,76.64006683869114,12.716252032949583,2020-02-01
3710,3710,50,MS,2020,3,19.67378225517351,21.707560163850737,63.96474511305037,12.124693381671408,2020-03-01
3711,3711,50,MS,2020,4,16.048575034322617,18.35373361965775,64.99610789657142,11.500297923856412,2020-04-01
3712,3712,50,MS,2020,5,12.357371751801631,14.819380503374491,68.49839715891441,10.981812748443092,2020-05-01
3713,3713,50,MS,2020,6,15.025916785429295,17.305263141841326,72.6791359221382,10.725905885003982,2020-06-01
3714,3714,50,MS,2020,7,12.945844859091688,15.44221758521202,62.36014001113437,10.846100116237514,2020-07-01
3715,3715,50,MS,2020,8,13.879977442966087,16.557206877887175,53.77723190569303,11.29357868671096,2020-08-01
3716,3716,50,MS,2020,9,17.69495952139424,20.16385027688264,48.89831016395666,11.89599924109123,2020-09-01
3717,3717,50,MS,2020,10,19.810536583962367,21.900173957905704,58.70519891336238,12.51889432749354,2020-10-01
3718,3718,50,MS,2020,11,18.85218997907035,20.85128679396231,57.41298614212229,13.032371898107352,2020-11-01
3719,3719,50,MS,2020,12,20.52337371013076,22.320388244093078,71.43324777767481,13.275236807953576,2020-12-01
3720,3720,50,MS,2021,1,20.819618309989856,22.549702039588563,80.90589373001716,13.144721482629327,2021-01-01
3721,3721,50,MS,2021,2,19.176079443091727,21.126772381297933,70.80115138255665,12.716252032949583,2021-02-01
3722,3722,50,MS,2021,3,19.66385878324996,21.569158906496607,71.96987746500784,12.124693381671408,2021-03-01
3723,3723,50,MS,2021,4,16.818340956410275,18.935289166044083,64.57461392366433,11.500297923856412,2021-04-01
3724,3724,50,MS,2021,5,14.648728091359478,16.89205489259878,66.1273076909082,10.981812748443092,2021-05-01
3725,3725,50,MS,2021,6,13.354740462287914,15.465384377269192,71.84363030220386,10.725905885003982,2021-06-01
3726,3726,50,MS,2021,7,9.349170853875169,12.206236456738,49.26453656359759,10.846100116237514,2021-07-01
3727,3727,50,MS,2021,8,14.897082721909584,17.306904496052354,48.00918761658737,11.29357868671096,2021-08-01
3728,3728,50,MS,2021,9,18.82760726349263,21.066282845348248,48.214686471802274,11.89599924109123,2021-09-01
3729,3729,50,MS,2021,10,19.04395797039451,20.92940768089621,68.33831061553643,12.51889432749354,2021-10-01
3730,3730,50,MS,2021,11,20.230167383684893,22.19419651957001,67.6958355786931,13.032371898107352,2021-11-01
3731,3731,50,MS,2021,12,20.62774427475468,22.66733175124281,64.66836798789794,13.275236807953576,2021-12-01
3732,3732,50,MS,2022,1,21.077400898728968,23.01541275469903,71.5615388894383,13.144721482629327,2022-01-01
3733,3733,50,MS,2022,2,20.77366545791005,22.75647619835507,67.90336166195584,12.716252032949583,2022-02-01
3734,3734,50,MS,2022,3,20.467364173365787,22.458974445338345,75.35988503701836,12.124693381671408,2022-03-01
3735,3735,50,MS,2022,4,18.269866418637303,20.32458985485608,72.5065520290584,11.500297923856412,2022-04-01
3736,3736,50,MS,2022,5,12.987480390602444,15.277847537511512,70.72192978771331,10.981812748443092,2022-05-01
3737,3737,50,MS,2022,6,13.328385616958393,15.563260951826845,73.53549818529861,10.725905885003982,2022-06-01
3738,3738,50,MS,2022,7,14.02779970022064,16.539617573207327,55.00828990570231,10.846100116237514,2022-07-01
3739,3739,50,MS,2022,8,13.257234608314144,15.603042491750845,59.46427190678613,11.29357868671096,2022-08-01
3740,3740,50,MS,2022,9,16.09782160565823,18.172121447953494,64.99757177940401,11.89599924109123,2022-09-01
3741,3741,50,MS,2022,10,17.820800034354395,19.81884796778101,69.22607629821951,12.51889432749354,2022-10-01
3742,3742,50,MS,2022,11,16.352891742529245,18.5476731996496,58.318997667208,13.032371898107352,2022-11-01
3743,3743,50,MS,2022,12,20.353433066944824,22.26060336304957,72.23337544495351,13.275236807953576,2022-12-01
3744,3744,51,MT,2010,1,20.858290633247638,22.65852268640522,84.11073728067001,12.711089790806048,2010-01-01
3745,3745,51,MT,2010,2,21.08046887445112,22.908155308426817,82.57136435445923,12.445506984390509,2010-02-01
3746,3746,51,MT,2010,3,21.269818097605253,23.08922258881949,82.3465944105579,12.077620533906591,2010-03-01
3747,3747,51,MT,2010,4,19.411093997504413,21.518469348528708,75.88136758646502,11.689055548546866,2010-04-01
3748,3748,51,MT,2010,5,17.079659154774586,19.46666823282201,71.87361217368742,11.367235757439328,2010-05-01
3749,3749,51,MT,2010,6,15.728917217705549,18.11216763570799,64.2228729572702,11.20894278748995,2010-06-01
3750,3750,51,MT,2010,7,14.296647011511006,16.92104542967221,59.163478807681926,11.283234714921914,2010-07-01
3751,3751,51,MT,2010,8,14.442917043135656,17.182788813858714,48.71461568983816,11.560604861008397,2010-08-01
3752,3752,51,MT,2010,9,19.13565831263296,21.588994396381064,50.20454158873141,11.935259223396288,2010-09-01
3753,3753,51,MT,2010,10,20.552648367147597,22.612922979584823,68.01606722473689,12.32287357779405,2010-10-01
3754,3754,51,MT,2010,11,20.39546064124322,22.30143233112128,78.23748745749182,12.641552295505493,2010-11-01
3755,3755,51,MT,2010,12,20.337394212754635,22.332687501202617,79.86571700794967,12.79176307365024,2010-12-01
3756,3756,51,MT,2011,1,20.33920840086857,22.24584374114704,84.34961027391059,12.711089790806048,2011-01-01
3757,3757,51,MT,2011,2,20.55343586091696,22.32928627675065,84.30540451815062,12.445506984390509,2011-02-01
3758,3758,51,MT,2011,3,20.82311090029941,22.559444698472504,85.49276245717625,12.077620533906591,2011-03-01
3759,3759,51,MT,2011,4,20.083488748203216,21.97939207198772,79.83562310401429,11.689055548546866,2011-04-01
3760,3760,51,MT,2011,5,17.314243081013633,19.58596747495904,73.4761530366268,11.367235757439328,2011-05-01
3761,3761,51,MT,2011,6,15.635402017169527,17.991282601953962,67.77220274472067,11.20894278748995,2011-06-01
3762,3762,51,MT,2011,7,15.239345273773012,17.76367357791193,60.12164522990077,11.283234714921914,2011-07-01
3763,3763,51,MT,2011,8,16.227603174134103,18.812078132642487,52.40161909191976,11.560604861008397,2011-08-01
3764,3764,51,MT,2011,9,19.080346939637025,21.46294183257624,53.13963524523075,11.935259223396288,2011-09-01
3765,3765,51,MT,2011,10,20.353620461320148,22.319972372742328,73.43557465657356,12.32287357779405,2011-10-01
3766,3766,51,MT,2011,11,20.454315344041685,22.357695189942707,77.10104069901415,12.641552295505493,2011-11-01
3767,3767,51,MT,2011,12,20.75954304470184,22.56841412170941,82.29021374439107,12.79176307365024,2011-12-01
3768,3768,51,MT,2012,1,20.49263070284761,22.27264640631814,84.97017397735463,12.711089790806048,2012-01-01
3769,3769,51,MT,2012,2,20.06418787153229,21.863290498938294,81.50716839270476,12.445506984390509,2012-02-01
3770,3770,51,MT,2012,3,20.007314770806985,21.859425927212133,81.40540814230629,12.077620533906591,2012-03-01
3771,3771,51,MT,2012,4,20.33619992208819,22.191387360710344,81.09037790862098,11.689055548546866,2012-04-01
3772,3772,51,MT,2012,5,18.12696405396367,20.19942597092712,77.05465494634575,11.367235757439328,2012-05-01
3773,3773,51,MT,2012,6,16.898935543448086,19.12151129093576,73.82353248686373,11.20894278748995,2012-06-01
3774,3774,51,MT,2012,7,14.71704615577902,17.160683943133854,62.3061957724769,11.283234714921914,2012-07-01
3775,3775,51,MT,2012,8,15.689653532533944,18.3782307496744,48.52184649065795,11.560604861008397,2012-08-01
3776,3776,51,MT,2012,9,18.81703813949657,21.216569873007195,54.69691650625098,11.935259223396288,2012-09-01
3777,3777,51,MT,2012,10,20.82074733468821,22.805730145082844,68.70276798325965,12.32287357779405,2012-10-01
3778,3778,51,MT,2012,11,21.143168172543213,22.96752020878713,81.31332300876049,12.641552295505493,2012-11-01
3779,3779,51,MT,2012,12,20.876853092833315,22.74614064127814,79.46789018591272,12.79176307365024,2012-12-01
3780,3780,51,MT,2013,1,21.12072412102044,22.944472546600363,84.67991977675068,12.711089790806048,2013-01-01
3781,3781,51,MT,2013,2,20.69223446783203,22.495523424254845,83.14613349048804,12.445506984390509,2013-02-01
3782,3782,51,MT,2013,3,21.02214074423918,22.85697972706324,82.57049823587313,12.077620533906591,2013-03-01
3783,3783,51,MT,2013,4,19.90278139024198,21.872682343025296,82.00148668311729,11.689055548546866,2013-04-01
3784,3784,51,MT,2013,5,18.45125382422746,20.63113070221576,76.32686871747026,11.367235757439328,2013-05-01
3785,3785,51,MT,2013,6,18.17601208630465,20.25271366583822,74.31391879142599,11.20894278748995,2013-06-01
3786,3786,51,MT,2013,7,15.271154625905076,17.763996114231198,62.74051599408746,11.283234714921914,2013-07-01
3787,3787,51,MT,2013,8,14.736052383958707,17.409119826927526,50.20532928236397,11.560604861008397,2013-08-01
3788,3788,51,MT,2013,9,19.026344607062374,21.28907058007892,60.42246201246907,11.935259223396288,2013-09-01
3789,3789,51,MT,2013,10,20.52804307254712,22.45044721299248,74.10664253784682,12.32287357779405,2013-10-01
3790,3790,51,MT,2013,11,20.557609032344597,22.402483662364048,80.03940264925043,12.641552295505493,2013-11-01
3791,3791,51,MT,2013,12,20.871080049031715,22.666303474497838,83.66313769380443,12.79176307365024,2013-12-01
3792,3792,51,MT,2014,1,20.116284914786903,21.917232472409484,82.38286038662525,12.711089790806048,2014-01-01
3793,3793,51,MT,2014,2,20.4299008206152,22.23270925659056,84.04473899369785,12.445506984390509,2014-02-01
3794,3794,51,MT,2014,3,20.691940102525937,22.541513704811784,83.81517483674806,12.077620533906591,2014-03-01
3795,3795,51,MT,2014,4,20.41629030101406,22.30901794208139,82.64555038560367,11.689055548546866,2014-04-01
3796,3796,51,MT,2014,5,18.44268613547816,20.578786320447428,77.72931119403476,11.367235757439328,2014-05-01
3797,3797,51,MT,2014,6,17.139873347947503,19.3287026817917,72.26639929606841,11.20894278748995,2014-06-01
3798,3798,51,MT,2014,7,15.777461105613735,18.087598742404538,66.53035042788284,11.283234714921914,2014-07-01
3799,3799,51,MT,2014,8,16.4151749193082,18.889371838784548,54.98979096684295,11.560604861008397,2014-08-01
3800,3800,51,MT,2014,9,20.033124705240237,22.10675568862446,64.10336307588763,11.935259223396288,2014-09-01
3801,3801,51,MT,2014,10,20.51758397337338,22.564977291109795,67.46119379162707,12.32287357779405,2014-10-01
3802,3802,51,MT,2014,11,20.922165103217957,22.77329611090622,77.98293875024675,12.641552295505493,2014-11-01
3803,3803,51,MT,2014,12,20.80534997834027,22.62165582570024,82.909431899993,12.79176307365024,2014-12-01
3804,3804,51,MT,2015,1,20.100924692828112,21.980174782237427,79.58002805218929,12.711089790806048,2015-01-01
3805,3805,51,MT,2015,2,20.420251765632823,22.22520731575221,82.96232123795251,12.445506984390509,2015-02-01
3806,3806,51,MT,2015,3,20.577910503788036,22.389143178621712,83.79636556555111,12.077620533906591,2015-03-01
3807,3807,51,MT,2015,4,20.686600880363592,22.521154608399595,83.76899770100911,11.689055548546866,2015-04-01
3808,3808,51,MT,2015,5,19.63847411401592,21.540992262488345,80.66607046203683,11.367235757439328,2015-05-01
3809,3809,51,MT,2015,6,17.12124967710346,19.266880418673757,70.22873474734332,11.20894278748995,2015-06-01
3810,3810,51,MT,2015,7,16.305878314347922,18.614248637502893,65.1122156918608,11.283234714921914,2015-07-01
3811,3811,51,MT,2015,8,16.792009452692405,19.316949643632743,51.19425074957623,11.560604861008397,2015-08-01
3812,3812,51,MT,2015,9,19.88634148748772,22.126205583441624,57.39133777573317,11.935259223396288,2015-09-01
3813,3813,51,MT,2015,10,20.945355301453137,22.9743660180854,66.84808748271858,12.32287357779405,2015-10-01
3814,3814,51,MT,2015,11,21.131497842143897,23.077306628396325,75.39989675697706,12.641552295505493,2015-11-01
3815,3815,51,MT,2015,12,21.131648493042203,23.01859725702548,76.83766825372037,12.79176307365024,2015-12-01
3816,3816,51,MT,2016,1,21.53707843087571,23.337054382442908,85.05539559019809,12.711089790806048,2016-01-01
3817,3817,51,MT,2016,2,21.221237773153597,23.052510773007345,79.10796567226978,12.445506984390509,2016-02-01
3818,3818,51,MT,2016,3,21.386021642220207,23.23352687480493,81.74039098617006,12.077620533906591,2016-03-01
3819,3819,51,MT,2016,4,20.032117653569436,22.075055689845524,74.70766811686487,11.689055548546866,2016-04-01
3820,3820,51,MT,2016,5,18.67312066403932,20.798407887790656,74.00992461871948,11.367235757439328,2016-05-01
3821,3821,51,MT,2016,6,16.199633551207558,18.47032999755643,69.29138554963097,11.20894278748995,2016-06-01
3822,3822,51,MT,2016,7,14.694807368376468,17.162955643137433,54.6708214392626,11.283234714921914,2016-07-01
3823,3823,51,MT,2016,8,17.025047996501794,19.383448022149896,55.30323246833908,11.560604861008397,2016-08-01
3824,3824,51,MT,2016,9,18.75880261594804,20.995912252701203,63.87565218156674,11.935259223396288,2016-09-01
3825,3825,51,MT,2016,10,20.27824848758032,22.317778897596373,70.17167835327233,12.32287357779405,2016-10-01
3826,3826,51,MT,2016,11,20.745069727210005,22.617418228988107,78.89460833664482,12.641552295505493,2016-11-01
3827,3827,51,MT,2016,12,20.78605245120245,22.60956238053042,82.84044016583019,12.79176307365024,2016-12-01
3828,3828,51,MT,2017,1,20.66181789582339,22.477371077056446,82.05967817827974,12.711089790806048,2017-01-01
3829,3829,51,MT,2017,2,20.8335654771799,22.612827039175603,84.34229647279872,12.445506984390509,2017-02-01
3830,3830,51,MT,2017,3,20.971847151051776,22.76655836068256,82.74361517597897,12.077620533906591,2017-03-01
3831,3831,51,MT,2017,4,20.658460371545026,22.498121020810824,81.67404675134249,11.689055548546866,2017-04-01
3832,3832,51,MT,2017,5,20.10736829687436,22.00920417068261,77.67133905554331,11.367235757439328,2017-05-01
3833,3833,51,MT,2017,6,16.399806982292915,18.604465122313083,67.87054399530939,11.20894278748995,2017-06-01
3834,3834,51,MT,2017,7,13.864534669543152,16.31350954673678,55.6076254703938,11.283234714921914,2017-07-01
3835,3835,51,MT,2017,8,17.583990114936835,19.98629295861413,54.19839912550697,11.560604861008397,2017-08-01
3836,3836,51,MT,2017,9,19.04832978733324,21.417721051696343,51.02068908682388,11.935259223396288,2017-09-01
3837,3837,51,MT,2017,10,20.41829093635505,22.49099722674389,67.78607079290575,12.32287357779405,2017-10-01
3838,3838,51,MT,2017,11,21.17899936085333,23.04540260982288,78.87984273382958,12.641552295505493,2017-11-01
3839,3839,51,MT,2017,12,21.123204951917952,22.955893482285926,83.46808950842667,12.79176307365024,2017-12-01
3840,3840,51,MT,2018,1,20.718396742102264,22.572214593933147,82.3574557700383,12.711089790806048,2018-01-01
3841,3841,51,MT,2018,2,21.03185569382487,22.81289426654789,84.48345720780053,12.445506984390509,2018-02-01
3842,3842,51,MT,2018,3,21.220857778639523,23.07584664173078,82.95932312989174,12.077620533906591,2018-03-01
3843,3843,51,MT,2018,4,20.200078997600727,22.07754246506567,81.13479269131419,11.689055548546866,2018-04-01
3844,3844,51,MT,2018,5,18.02828975837636,20.111725913226483,73.75037011901674,11.367235757439328,2018-05-01
3845,3845,51,MT,2018,6,15.72337496759762,17.925452378230172,70.48205565774977,11.20894278748995,2018-06-01
3846,3846,51,MT,2018,7,14.539016632978116,16.886524537530924,59.39456277121616,11.283234714921914,2018-07-01
3847,3847,51,MT,2018,8,16.95458885080289,19.266014819122294,58.2858525422148,11.560604861008397,2018-08-01
3848,3848,51,MT,2018,9,18.62419376959474,20.859819614013603,59.93753672705757,11.935259223396288,2018-09-01
3849,3849,51,MT,2018,10,21.185369176085715,23.049560107456085,76.03286126930308,12.32287357779405,2018-10-01
3850,3850,51,MT,2018,11,21.35913909524327,23.16428972654591,82.7401109303143,12.641552295505493,2018-11-01
3851,3851,51,MT,2018,12,20.76099167446118,22.59110354133559,80.20236910870408,12.79176307365024,2018-12-01
3852,3852,51,MT,2019,1,20.62822366398986,22.4448677199134,79.72202680924205,12.711089790806048,2019-01-01
3853,3853,51,MT,2019,2,21.121495694737305,22.90216415534749,81.98686083858378,12.445506984390509,2019-02-01
3854,3854,51,MT,2019,3,21.163107897536594,22.97404344707516,82.65615869162967,12.077620533906591,2019-03-01
3855,3855,51,MT,2019,4,20.97925417812158,22.862250864195765,83.24963739273396,11.689055548546866,2019-04-01
3856,3856,51,MT,2019,5,18.98526127478592,21.110405781208527,77.76729780976927,11.367235757439328,2019-05-01
3857,3857,51,MT,2019,6,16.50380872564113,18.909814995118637,67.18950353130944,11.20894278748995,2019-06-01
3858,3858,51,MT,2019,7,14.709504847721824,17.208633557033604,58.98524322282856,11.283234714921914,2019-07-01
3859,3859,51,MT,2019,8,16.574931320787375,19.070083604745857,52.07309436732641,11.560604861008397,2019-08-01
3860,3860,51,MT,2019,9,19.980227391263277,22.24807646009657,54.1928235804781,11.935259223396288,2019-09-01
3861,3861,51,MT,2019,10,20.63264581012224,22.55820917248644,71.95844307809803,12.32287357779405,2019-10-01
3862,3862,51,MT,2019,11,21.081543865609675,22.92736393272454,78.30624047227504,12.641552295505493,2019-11-01
3863,3863,51,MT,2019,12,21.017030434051005,22.92191609854121,81.41730414612891,12.79176307365024,2019-12-01
3864,3864,51,MT,2020,1,21.418286484347632,23.298357674906985,81.49039893672875,12.711089790806048,2020-01-01
3865,3865,51,MT,2020,2,21.388576244835637,23.26838478163945,84.11163573942606,12.445506984390509,2020-02-01
3866,3866,51,MT,2020,3,21.172206334079384,23.064421800584167,80.76170672641632,12.077620533906591,2020-03-01
3867,3867,51,MT,2020,4,20.35076106299181,22.331336415293087,79.03830976102932,11.689055548546866,2020-04-01
3868,3868,51,MT,2020,5,17.24630975505084,19.57749854593794,75.82657270534064,11.367235757439328,2020-05-01
3869,3869,51,MT,2020,6,16.826533799813994,19.17288339876396,68.36243053192788,11.20894278748995,2020-06-01
3870,3870,51,MT,2020,7,15.437047683028112,18.09459168598434,57.51863164733733,11.283234714921914,2020-07-01
3871,3871,51,MT,2020,8,16.50026312956573,19.1792746373484,49.24370225161498,11.560604861008397,2020-08-01
3872,3872,51,MT,2020,9,19.22386158341212,21.73118987703436,47.29569031870957,11.935259223396288,2020-09-01
3873,3873,51,MT,2020,10,21.22299457267285,23.290490861071024,63.73250426321002,12.32287357779405,2020-10-01
3874,3874,51,MT,2020,11,20.958842735876708,22.959318480705814,68.61350884584107,12.641552295505493,2020-11-01
3875,3875,51,MT,2020,12,21.037698408417885,22.911660307633525,78.2801618783323,12.79176307365024,2020-12-01
3876,3876,51,MT,2021,1,20.87712481474064,22.661247938946385,81.40226699612664,12.711089790806048,2021-01-01
3877,3877,51,MT,2021,2,20.96295529175191,22.757220729143786,81.69679913235774,12.445506984390509,2021-02-01
3878,3878,51,MT,2021,3,20.49738716124616,22.307040233084063,82.1122718894817,12.077620533906591,2021-03-01
3879,3879,51,MT,2021,4,19.947810250816616,21.849616413251727,79.06290077588237,11.689055548546866,2021-04-01
3880,3880,51,MT,2021,5,17.35756721007854,19.53708537932365,73.91686590452593,11.367235757439328,2021-05-01
3881,3881,51,MT,2021,6,16.065348939016356,18.278569427675105,68.99321139901524,11.20894278748995,2021-06-01
3882,3882,51,MT,2021,7,12.73076428542584,15.25161468309059,53.81135360667155,11.283234714921914,2021-07-01
3883,3883,51,MT,2021,8,16.212594860725343,18.573901932890266,47.38111586866376,11.560604861008397,2021-08-01
3884,3884,51,MT,2021,9,20.198250771470665,22.32119129487527,55.8101217432225,11.935259223396288,2021-09-01
3885,3885,51,MT,2021,10,21.34826331442975,23.26810641868031,70.18187498582688,12.32287357779405,2021-10-01
3886,3886,51,MT,2021,11,21.15278604385701,22.91729152805698,82.08202850666451,12.641552295505493,2021-11-01
3887,3887,51,MT,2021,12,21.45822657570089,23.24906500687836,83.35308358588009,12.79176307365024,2021-12-01
3888,3888,51,MT,2022,1,20.81489804974139,22.624220743137865,81.45132051728405,12.711089790806048,2022-01-01
3889,3889,51,MT,2022,2,20.90518006631065,22.70518341180401,83.19363532216111,12.445506984390509,2022-02-01
3890,3890,51,MT,2022,3,20.85432984948404,22.623704626641484,83.56450145322599,12.077620533906591,2022-03-01
3891,3891,51,MT,2022,4,20.050483739009707,21.99916113770036,75.07616576246618,11.689055548546866,2022-04-01
3892,3892,51,MT,2022,5,15.48173737446849,17.863092666740304,65.99279986756586,11.367235757439328,2022-05-01
3893,3893,51,MT,2022,6,15.931671385533985,18.19654779050931,68.62576600293458,11.20894278748995,2022-06-01
3894,3894,51,MT,2022,7,15.266689474210123,17.792419482248377,56.19959984445321,11.283234714921914,2022-07-01
3895,3895,51,MT,2022,8,15.948596406217517,18.641518544834398,52.68182610559998,11.560604861008397,2022-08-01
3896,3896,51,MT,2022,9,19.360626911497004,21.63816051708609,56.96692290745729,11.935259223396288,2022-09-01
3897,3897,51,MT,2022,10,20.595710514612318,22.541836274512924,71.43430851220921,12.32287357779405,2022-10-01
3898,3898,51,MT,2022,11,18.938817110805648,21.08170145476681,69.82682953241587,12.641552295505493,2022-11-01
3899,3899,51,MT,2022,12,20.8066070116349,22.662092481590037,82.66634953013822,12.79176307365024,2022-12-01
3900,3900,52,GO,2010,1,19.71890174576594,21.4035666988742,75.81604261871026,12.85264431690427,2010-01-01
3901,3901,52,GO,2010,2,19.818768445346137,21.52940284278196,72.7416933909249,12.534019922025012,2010-02-01
3902,3902,52,GO,2010,3,19.92013823926652,21.602857934375027,77.10128449830925,12.093023658902124,2010-03-01
3903,3903,52,GO,2010,4,17.736064441675737,19.6202667834636,67.21007199791389,11.62731661952606,2010-04-01
3904,3904,52,GO,2010,5,15.854475123220125,17.898311726289755,62.07243700024964,11.241355694623484,2010-05-01
3905,3905,52,GO,2010,6,13.987035756576352,16.139101230678197,55.64436423035495,11.051350990480426,2010-06-01
3906,3906,52,GO,2010,7,14.789936533006758,17.097810984095535,49.91201709794336,11.140542627453137,2010-07-01
3907,3907,52,GO,2010,8,14.322237933991994,16.696252936864195,39.24954587869872,11.473307073485325,2010-08-01
3908,3908,52,GO,2010,9,18.704343631790906,20.936101029817326,36.45869377803027,11.922412340764188,2010-09-01
3909,3909,52,GO,2010,10,19.70998567875808,21.53683950305141,62.900323757999,12.386985095514833,2010-10-01
3910,3910,52,GO,2010,11,19.21182211110909,20.906081731144976,76.28978045858989,12.769188735332792,2010-11-01
3911,3911,52,GO,2010,12,19.749970764492303,21.4301591814893,78.43660982443596,12.949496565216023,2010-12-01
3912,3912,52,GO,2011,1,19.36983003861442,21.046056257968747,78.84836331409262,12.85264431690427,2011-01-01
3913,3913,52,GO,2011,2,19.33857829036336,21.02567375440077,77.63896761594056,12.534019922025012,2011-02-01
3914,3914,52,GO,2011,3,19.50165175841357,21.13489545301412,82.85961278129555,12.093023658902124,2011-03-01
3915,3915,52,GO,2011,4,18.210691454481623,20.0320589104319,71.7146640607012,11.62731661952606,2011-04-01
3916,3916,52,GO,2011,5,15.63171211121872,17.644072936958693,64.77193491945985,11.241355694623484,2011-05-01
3917,3917,52,GO,2011,6,13.964596542821022,16.024207315793852,62.32587629075296,11.051350990480426,2011-06-01
3918,3918,52,GO,2011,7,13.794153266837208,16.00398110417972,53.006553475824894,11.140542627453137,2011-07-01
3919,3919,52,GO,2011,8,15.515301070624751,17.88689965886642,41.22552142629716,11.473307073485325,2011-08-01
3920,3920,52,GO,2011,9,17.458804534379706,19.79661250204898,36.91452931453219,11.922412340764188,2011-09-01
3921,3921,52,GO,2011,10,18.996994063324607,20.733819804477964,71.36998148137054,12.386985095514833,2011-10-01
3922,3922,52,GO,2011,11,18.603657532901305,20.34258598622268,72.81961810414384,12.769188735332792,2011-11-01
3923,3923,52,GO,2011,12,19.39203563538118,21.048411607679785,79.73881464432206,12.949496565216023,2011-12-01
3924,3924,52,GO,2012,1,18.80311725460386,20.45120128958737,81.24810063241819,12.85264431690427,2012-01-01
3925,3925,52,GO,2012,2,18.62491942735356,20.357425857599555,74.18549780903125,12.534019922025012,2012-02-01
3926,3926,52,GO,2012,3,18.89598587182698,20.645889367014288,72.5948226582557,12.093023658902124,2012-03-01
3927,3927,52,GO,2012,4,18.980380820452684,20.74129052511076,72.22399072052663,11.62731661952606,2012-04-01
3928,3928,52,GO,2012,5,16.344182122826044,18.24499893888788,69.26975531069087,11.241355694623484,2012-05-01
3929,3929,52,GO,2012,6,16.04276644427602,18.03080261742197,65.45240490507628,11.051350990480426,2012-06-01
3930,3930,52,GO,2012,7,13.98898701588219,16.232663342122983,53.072215335374736,11.140542627453137,2012-07-01
3931,3931,52,GO,2012,8,15.142126134146611,17.473404588956956,43.55941396693748,11.473307073485325,2012-08-01
3932,3932,52,GO,2012,9,18.128885778566683,20.35765469416693,42.63762150689515,11.922412340764188,2012-09-01
3933,3933,52,GO,2012,10,19.714948509860594,21.741117085242504,50.83426234967872,12.386985095514833,2012-10-01
3934,3934,52,GO,2012,11,19.87447787171134,21.557045170802088,77.79832017118046,12.769188735332792,2012-11-01
3935,3935,52,GO,2012,12,19.85059458459734,21.599815684793004,71.56055735566314,12.949496565216023,2012-12-01
3936,3936,52,GO,2013,1,19.77692294239592,21.4454701531443,80.66479870655891,12.85264431690427,2013-01-01
3937,3937,52,GO,2013,2,19.363702716727705,21.07789889722197,73.98858402996528,12.534019922025012,2013-02-01
3938,3938,52,GO,2013,3,19.908313232239795,21.58133247634604,77.36195092310032,12.093023658902124,2013-03-01
3939,3939,52,GO,2013,4,18.28850238924104,20.07691531814534,74.26201158435687,11.62731661952606,2013-04-01
3940,3940,52,GO,2013,5,16.244372350288568,18.20797766464888,64.65331911546741,11.241355694623484,2013-05-01
3941,3941,52,GO,2013,6,16.44964162237276,18.338168666420916,67.25414172743717,11.051350990480426,2013-06-01
3942,3942,52,GO,2013,7,14.072533384133536,16.278409095064347,54.944631224881626,11.140542627453137,2013-07-01
3943,3943,52,GO,2013,8,14.767853082930232,17.115231901086787,43.66491442229409,11.473307073485325,2013-08-01
3944,3944,52,GO,2013,9,18.093144236282928,20.214725507048733,48.24980536980358,11.922412340764188,2013-09-01
3945,3945,52,GO,2013,10,19.32413808736093,21.18596260797124,63.241627847995154,12.386985095514833,2013-10-01
3946,3946,52,GO,2013,11,19.273068370793247,20.976901392432733,73.20927469465467,12.769188735332792,2013-11-01
3947,3947,52,GO,2013,12,19.745205148636373,21.39553920421705,79.35612486892568,12.949496565216023,2013-12-01
3948,3948,52,GO,2014,1,18.751730729800148,20.49712630091081,71.06355941086156,12.85264431690427,2014-01-01
3949,3949,52,GO,2014,2,19.074529926535977,20.812374190309463,72.20733710586954,12.534019922025012,2014-02-01
3950,3950,52,GO,2014,3,19.263473558138276,20.934670815966808,78.50566445027253,12.093023658902124,2014-03-01
3951,3951,52,GO,2014,4,18.99860358509591,20.70318341785007,76.27658693163698,11.62731661952606,2014-04-01
3952,3952,52,GO,2014,5,15.899036474375473,17.896895376741185,65.90856702540948,11.241355694623484,2014-05-01
3953,3953,52,GO,2014,6,14.885939191027385,16.970426505949437,62.442731993243626,11.051350990480426,2014-06-01
3954,3954,52,GO,2014,7,14.353301905535226,16.504143773931048,56.02800394974135,11.140542627453137,2014-07-01
3955,3955,52,GO,2014,8,15.153300646937742,17.491481576539886,42.679678915180375,11.473307073485325,2014-08-01
3956,3956,52,GO,2014,9,18.837113534758085,20.87590496636988,48.16592627372845,11.922412340764188,2014-09-01
3957,3957,52,GO,2014,10,19.32702121064321,21.3750760354553,49.07738638236834,12.386985095514833,2014-10-01
3958,3958,52,GO,2014,11,19.67089989618234,21.3759614024382,73.17437503473546,12.769188735332792,2014-11-01
3959,3959,52,GO,2014,12,19.42106416035974,21.10394295738214,77.68189844971343,12.949496565216023,2014-12-01
3960,3960,52,GO,2015,1,19.38156873211284,21.204051368917472,65.89794203255266,12.85264431690427,2015-01-01
3961,3961,52,GO,2015,2,19.281710910603284,20.975114770190363,75.07185388082135,12.534019922025012,2015-02-01
3962,3962,52,GO,2015,3,19.199001451442783,20.859191721329186,80.46573337631966,12.093023658902124,2015-03-01
3963,3963,52,GO,2015,4,19.48116094491023,21.17298552091852,78.58969955651094,11.62731661952606,2015-04-01
3964,3964,52,GO,2015,5,17.11902040988793,18.944706638435225,74.03966108982938,11.241355694623484,2015-05-01
3965,3965,52,GO,2015,6,15.461979446695429,17.505317882470646,64.22406769212346,11.051350990480426,2015-06-01
3966,3966,52,GO,2015,7,14.981279269122652,17.0521952102355,57.941839133101816,11.140542627453137,2015-07-01
3967,3967,52,GO,2015,8,15.453965923650475,17.679768620092602,44.2496108253453,11.473307073485325,2015-08-01
3968,3968,52,GO,2015,9,18.764865061778043,20.84886605823589,46.01083040004823,11.922412340764188,2015-09-01
3969,3969,52,GO,2015,10,20.48371912680865,22.4553861319159,49.676998739445146,12.386985095514833,2015-10-01
3970,3970,52,GO,2015,11,20.29916882062669,22.078234159526463,67.80987105899388,12.769188735332792,2015-11-01
3971,3971,52,GO,2015,12,20.130877932756867,21.860645455511232,69.4257834179646,12.949496565216023,2015-12-01
3972,3972,52,GO,2016,1,20.40662985150657,22.03477623917254,82.77164448873908,12.85264431690427,2016-01-01
3973,3973,52,GO,2016,2,19.986806420074117,21.725516302431203,72.31034709319768,12.534019922025012,2016-02-01
3974,3974,52,GO,2016,3,20.101274583898064,21.82012811721294,74.02720875293602,12.093023658902124,2016-03-01
3975,3975,52,GO,2016,4,18.447572476237124,20.42037723988376,60.18912689756895,11.62731661952606,2016-04-01
3976,3976,52,GO,2016,5,17.14993143506854,19.14021606342767,60.68015234382203,11.241355694623484,2016-05-01
3977,3977,52,GO,2016,6,14.76288450348991,16.88895664027713,56.885702993294736,11.051350990480426,2016-06-01
3978,3978,52,GO,2016,7,14.296108786637095,16.578505126128757,46.50754255189253,11.140542627453137,2016-07-01
3979,3979,52,GO,2016,8,16.192572912018097,18.402820925433712,46.4602641834226,11.473307073485325,2016-08-01
3980,3980,52,GO,2016,9,18.609059062042856,20.670877323951824,44.93384963761823,11.922412340764188,2016-09-01
3981,3981,52,GO,2016,10,19.46594149429217,21.321375628890813,59.69098372650747,12.386985095514833,2016-10-01
3982,3982,52,GO,2016,11,19.773945766800463,21.479610542876287,72.86873284833541,12.769188735332792,2016-11-01
3983,3983,52,GO,2016,12,19.55682453657741,21.286808313674385,72.52066483786498,12.949496565216023,2016-12-01
3984,3984,52,GO,2017,1,19.52487591711705,21.264955679450548,73.39386559933338,12.85264431690427,2017-01-01
3985,3985,52,GO,2017,2,19.455270645925808,21.151738780162336,76.5489491020761,12.534019922025012,2017-02-01
3986,3986,52,GO,2017,3,19.519376322068226,21.241285547696165,74.54453391838724,12.093023658902124,2017-03-01
3987,3987,52,GO,2017,4,19.214781659728462,21.00146935832533,71.88513294519771,11.62731661952606,2017-04-01
3988,3988,52,GO,2017,5,17.619431289324698,19.48288170146467,68.12752504296232,11.241355694623484,2017-05-01
3989,3989,52,GO,2017,6,15.26146118311378,17.311796126973018,59.37718118341958,11.051350990480426,2017-06-01
3990,3990,52,GO,2017,7,12.597447829236517,14.83752220107788,50.8914449668262,11.140542627453137,2017-07-01
3991,3991,52,GO,2017,8,15.568428887928247,17.895284038436657,41.20976045580008,11.473307073485325,2017-08-01
3992,3992,52,GO,2017,9,17.53886409490735,19.862298095000146,36.18069752768127,11.922412340764188,2017-09-01
3993,3993,52,GO,2017,10,19.93047851932164,21.92355440196296,45.468036624599314,12.386985095514833,2017-10-01
3994,3994,52,GO,2017,11,19.607913325472577,21.29892046212504,73.00702874253436,12.769188735332792,2017-11-01
3995,3995,52,GO,2017,12,19.641266757911065,21.31097820716176,77.48444751326318,12.949496565216023,2017-12-01
3996,3996,52,GO,2018,1,19.348574656624823,21.082902720991846,73.45562342261817,12.85264431690427,2018-01-01
3997,3997,52,GO,2018,2,19.50061669831492,21.204621401398025,76.91818772846536,12.534019922025012,2018-02-01
3998,3998,52,GO,2018,3,19.855140599496654,21.56099034306136,76.01842773951728,12.093023658902124,2018-03-01
3999,3999,52,GO,2018,4,18.3399460217494,20.069996976206298,74.26828571877827,11.62731661952606,2018-04-01
4000,4000,52,GO,2018,5,15.57072543134972,17.580853019647325,63.9070807901418,11.241355694623484,2018-05-01
4001,4001,52,GO,2018,6,14.79009651071657,16.86575958657717,58.75099579467361,11.051350990480426,2018-06-01
4002,4002,52,GO,2018,7,13.487631532422457,15.693437218634816,50.06857877311637,11.140542627453137,2018-07-01
4003,4003,52,GO,2018,8,16.33746284473108,18.46822923929898,47.55377525836816,11.473307073485325,2018-08-01
4004,4004,52,GO,2018,9,17.745050776166323,19.78406682221224,46.27932727679328,11.922412340764188,2018-09-01
4005,4005,52,GO,2018,10,20.356680976353445,22.060779310917248,68.09652240627118,12.386985095514833,2018-10-01
4006,4006,52,GO,2018,11,19.831778578125043,21.47832180529752,78.44631988246266,12.769188735332792,2018-11-01
4007,4007,52,GO,2018,12,19.32537289776265,21.054242871172185,71.94920359625768,12.949496565216023,2018-12-01
4008,4008,52,GO,2019,1,19.26387918511308,21.0355703059751,68.04994265388511,12.85264431690427,2019-01-01
4009,4009,52,GO,2019,2,19.84972364811117,21.530881639418563,75.4501466175128,12.534019922025012,2019-02-01
4010,4010,52,GO,2019,3,19.765015042737936,21.42468089191988,77.2737590050466,12.093023658902124,2019-03-01
4011,4011,52,GO,2019,4,19.24786472721152,20.964223697191976,76.33794214615654,11.62731661952606,2019-04-01
4012,4012,52,GO,2019,5,17.642834725543768,19.50134697580725,69.95442838291156,11.241355694623484,2019-05-01
4013,4013,52,GO,2019,6,14.672864830332395,16.747069557960117,59.05764876678384,11.051350990480426,2019-06-01
4014,4014,52,GO,2019,7,13.300381562011372,15.534656043193989,51.025425135354624,11.140542627453137,2019-07-01
4015,4015,52,GO,2019,8,16.131224872620127,18.31071145522635,43.83458917784372,11.473307073485325,2019-08-01
4016,4016,52,GO,2019,9,18.957716398962788,21.141338241391065,38.02282019566068,11.922412340764188,2019-09-01
4017,4017,52,GO,2019,10,19.98611969288772,21.826389648143365,54.62185174525331,12.386985095514833,2019-10-01
4018,4018,52,GO,2019,11,20.14245964518085,21.85041010218261,68.60471711352588,12.769188735332792,2019-11-01
4019,4019,52,GO,2019,12,20.02454385174687,21.705496493143706,72.89904067436916,12.949496565216023,2019-12-01
4020,4020,52,GO,2020,1,20.32031184846011,21.99461634140955,77.71372325496039,12.85264431690427,2020-01-01
4021,4021,52,GO,2020,2,20.109330481696876,21.748217220162022,79.49072482293816,12.534019922025012,2020-02-01
4022,4022,52,GO,2020,3,19.696988615375663,21.365730795371324,76.76613658261743,12.093023658902124,2020-03-01
4023,4023,52,GO,2020,4,18.84922962447169,20.547702788531296,75.10033013361902,11.62731661952606,2020-04-01
4024,4024,52,GO,2020,5,15.252095777094912,17.173892913013503,69.02316034068406,11.241355694623484,2020-05-01
4025,4025,52,GO,2020,6,14.573454710267749,16.57502307374949,61.77856251217809,11.051350990480426,2020-06-01
4026,4026,52,GO,2020,7,13.79779724139352,15.96601911945478,52.33397586821509,11.140542627453137,2020-07-01
4027,4027,52,GO,2020,8,14.833807636176449,17.012990020123674,44.98162885241205,11.473307073485325,2020-08-01
4028,4028,52,GO,2020,9,17.891490656121313,20.089507319546005,37.81777627810553,11.922412340764188,2020-09-01
4029,4029,52,GO,2020,10,20.079466772242043,21.989237797094585,56.17940118711138,12.386985095514833,2020-10-01
4030,4030,52,GO,2020,11,19.150909333112764,20.912767363369948,64.99251337077236,12.769188735332792,2020-11-01
4031,4031,52,GO,2020,12,19.7370790343506,21.44549367886155,71.89229313469984,12.949496565216023,2020-12-01
4032,4032,52,GO,2021,1,19.406815449334243,21.14460262850829,72.1407385615267,12.85264431690427,2021-01-01
4033,4033,52,GO,2021,2,19.47159308783546,21.12281069689096,80.12998166399966,12.534019922025012,2021-02-01
4034,4034,52,GO,2021,3,18.624094216866723,20.368079035544124,73.4352745983565,12.093023658902124,2021-03-01
4035,4035,52,GO,2021,4,17.564888678139788,19.382238294244782,68.67007661783275,11.62731661952606,2021-04-01
4036,4036,52,GO,2021,5,15.56377925455117,17.500371325212985,62.95988853128444,11.241355694623484,2021-05-01
4037,4037,52,GO,2021,6,14.311147709929088,16.326982358122258,58.54188250978464,11.051350990480426,2021-06-01
4038,4038,52,GO,2021,7,12.016986665460276,14.27349363929044,45.92493779647391,11.140542627453137,2021-07-01
4039,4039,52,GO,2021,8,15.605461952100423,17.840437319220566,40.91318756396646,11.473307073485325,2021-08-01
4040,4040,52,GO,2021,9,19.09997747209337,21.245007055690944,39.03093710927782,11.922412340764188,2021-09-01
4041,4041,52,GO,2021,10,19.96479593122409,21.695192073668952,65.17608181322899,12.386985095514833,2021-10-01
4042,4042,52,GO,2021,11,19.873079153645005,21.55198984818084,77.66195170601532,12.769188735332792,2021-11-01
4043,4043,52,GO,2021,12,19.87757704084763,21.56186436531333,78.95128818024746,12.949496565216023,2021-12-01
4044,4044,52,GO,2022,1,19.29798147017456,20.997232385860976,76.73355016700872,12.85264431690427,2022-01-01
4045,4045,52,GO,2022,2,19.456229623048007,21.119570278262984,78.04258542055314,12.534019922025012,2022-02-01
4046,4046,52,GO,2022,3,19.361807020699107,21.095824709596396,72.44055579210747,12.093023658902124,2022-03-01
4047,4047,52,GO,2022,4,18.369195322615667,20.242931535508895,65.43690795174783,11.62731661952606,2022-04-01
4048,4048,52,GO,2022,5,14.654638372285454,16.680681460272005,60.79951629518619,11.241355694623484,2022-05-01
4049,4049,52,GO,2022,6,14.420178676362283,16.469155433442857,57.506666917464926,11.051350990480426,2022-06-01
4050,4050,52,GO,2022,7,13.879482391841638,16.062618009380678,48.20190963625064,11.140542627453137,2022-07-01
4051,4051,52,GO,2022,8,15.813203670582745,17.980978460784602,40.78580739696352,11.473307073485325,2022-08-01
4052,4052,52,GO,2022,9,18.68100416847684,20.6565751296718,46.55490799260333,11.922412340764188,2022-09-01
4053,4053,52,GO,2022,10,19.614838999086185,21.420026219175647,57.518109217798056,12.386985095514833,2022-10-01
4054,4054,52,GO,2022,11,18.371648859266987,20.11920703781976,69.58599129033283,12.769188735332792,2022-11-01
4055,4055,52,GO,2022,12,19.464531874237743,21.111809113255145,80.46983842176932,12.949496565216023,2022-12-01
4056,4056,53,DF,2010,1,16.383492623606035,19.744781555668,73.82654780726278,12.829602092752353,2010-01-01
4057,4057,53,DF,2010,2,16.453596796308243,20.158238410949707,70.35167952946254,12.5196378635485,2010-02-01
4058,4058,53,DF,2010,3,16.900062714853593,20.152193869313887,77.9116703156502,12.090523647733855,2010-03-01
4059,4059,53,DF,2010,4,14.54197826385498,18.542263094584147,68.08367869059245,11.637342393259956,2010-04-01
4060,4060,53,DF,2010,5,12.618650559456118,17.7476896162956,63.74736884332472,11.261833969561176,2010-05-01
4061,4061,53,DF,2010,6,10.100761890411375,15.689026578267416,58.35351003011068,11.077021708454348,2010-06-01
4062,4062,53,DF,2010,7,11.461880960772117,15.927841617215064,53.94563797981508,11.163771198948243,2010-07-01
4063,4063,53,DF,2010,8,10.545616811321628,16.142022317455663,42.04267809467931,11.487491560288069,2010-08-01
4064,4064,53,DF,2010,9,13.64416446685791,19.116214307149253,38.82207234700521,11.924497405028848,2010-09-01
4065,4065,53,DF,2010,10,16.769128584092662,20.27789072836599,67.10948082708543,12.37657343236039,2010-10-01
4066,4066,53,DF,2010,11,16.148757394154867,19.204799461364747,79.9568115234375,12.74842350677699,2010-11-01
4067,4067,53,DF,2010,12,16.562114654048795,19.75773712896532,79.29254937941029,12.923802603008872,2010-12-01
4068,4068,53,DF,2011,1,16.258622630949944,19.494490469655684,77.021729500063,12.829602092752353,2011-01-01
4069,4069,53,DF,2011,2,15.776696000780378,19.21887881415231,75.57876709529332,12.5196378635485,2011-02-01
4070,4070,53,DF,2011,3,16.845208321848222,19.560646610875285,81.43070048670614,12.090523647733855,2011-03-01
4071,4071,53,DF,2011,4,14.704051844278972,18.6325572013855,72.27432670593262,11.637342393259956,2011-04-01
4072,4072,53,DF,2011,5,11.750487665976248,16.690843674444384,65.79010957287204,11.261833969561176,2011-05-01
4073,4073,53,DF,2011,6,10.65562923749288,16.073559761047363,62.71339149475098,11.077021708454348,2011-06-01
4074,4074,53,DF,2011,7,10.456443740475562,15.91240507556546,52.087671710598855,11.163771198948243,2011-07-01
4075,4075,53,DF,2011,8,11.552845724167362,17.746311526144705,39.21925532433294,11.487491560288069,2011-08-01
4076,4076,53,DF,2011,9,13.14398644765218,18.8413444519043,35.5171734491984,11.924497405028848,2011-09-01
4077,4077,53,DF,2011,10,15.909097117762412,18.96083001167544,76.33640929191343,12.37657343236039,2011-10-01
4078,4078,53,DF,2011,11,16.0425124168396,19.05155579249064,76.69229736328126,12.74842350677699,2011-11-01
4079,4079,53,DF,2011,12,16.787597040976248,19.49338783756379,80.04948142267042,12.923802603008872,2011-12-01
4080,4080,53,DF,2012,1,16.247321067317838,19.01347923278809,81.27354283486643,12.829602092752353,2012-01-01
4081,4081,53,DF,2012,2,15.76405722519447,19.61086260039231,73.44528724407327,12.5196378635485,2012-02-01
4082,4082,53,DF,2012,3,16.059878257013136,19.81810471319384,71.61525024906281,12.090523647733855,2012-03-01
4083,4083,53,DF,2012,4,16.069572067260744,20.15673268636068,71.56936378479004,11.637342393259956,2012-04-01
4084,4084,53,DF,2012,5,14.051484846299694,17.76670938922513,73.26857006934381,11.261833969561176,2012-05-01
4085,4085,53,DF,2012,6,13.00612398783366,17.532792059580483,65.33157819112142,11.077021708454348,2012-06-01
4086,4086,53,DF,2012,7,11.583856521114226,16.60952657268893,53.06026766377111,11.163771198948243,2012-07-01
4087,4087,53,DF,2012,8,12.602111508769374,16.491272249529437,47.47553043980752,11.487491560288069,2012-08-01
4088,4088,53,DF,2012,9,15.03019297917684,20.26668084462484,43.128673489888506,11.924497405028848,2012-09-01
4089,4089,53,DF,2012,10,15.719724962788243,20.807140657978675,50.44533003530195,12.37657343236039,2012-10-01
4090,4090,53,DF,2012,11,17.300078360239663,20.466068267822266,81.27131576538086,12.74842350677699,2012-11-01
4091,4091,53,DF,2012,12,16.454886282643965,20.755869465489543,70.81055278162802,12.923802603008872,2012-12-01
4092,4092,53,DF,2013,1,16.922941792395807,20.2580437198762,80.59627176100209,12.829602092752353,2013-01-01
4093,4093,53,DF,2013,2,16.201513733182633,20.23148284639631,68.90317222050258,12.5196378635485,2013-02-01
4094,4094,53,DF,2013,3,16.983033426346317,20.53204099593624,77.54170670047883,12.090523647733855,2013-03-01
4095,4095,53,DF,2013,4,15.079754956563312,18.36252950032552,76.86858800252278,11.637342393259956,2013-04-01
4096,4096,53,DF,2013,5,12.712371979990314,17.197214526514852,66.15349098943895,11.261833969561176,2013-05-01
4097,4097,53,DF,2013,6,13.682617664337158,17.061098035176595,69.15847345987956,11.077021708454348,2013-06-01
4098,4098,53,DF,2013,7,11.882386607508506,15.61084270477295,57.21204117805727,11.163771198948243,2013-07-01
4099,4099,53,DF,2013,8,12.21757834957492,16.32698412864439,45.4238532281691,11.487491560288069,2013-08-01
4100,4100,53,DF,2013,9,14.987751865386963,18.45567181905111,52.65526415506999,11.924497405028848,2013-09-01
4101,4101,53,DF,2013,10,15.894212015213505,19.27396934263168,65.42965796685988,12.37657343236039,2013-10-01
4102,4102,53,DF,2013,11,16.254717763264974,19.548885409037272,73.66711883544922,12.74842350677699,2013-11-01
4103,4103,53,DF,2013,12,17.30582114188902,20.04248465261152,81.83016623220136,12.923802603008872,2013-12-01
4104,4104,53,DF,2014,1,15.99317067669284,19.316971194359564,68.91162712343278,12.829602092752353,2014-01-01
4105,4105,53,DF,2014,2,16.36478771482195,19.491714205060685,71.14784840175084,12.5196378635485,2014-02-01
4106,4106,53,DF,2014,3,16.59822488600208,19.48181047747212,80.41326129051947,12.090523647733855,2014-03-01
4107,4107,53,DF,2014,4,16.017731157938638,19.34607982635498,77.47411270141602,11.637342393259956,2014-04-01
4108,4108,53,DF,2014,5,13.02385768582744,17.184810238499796,65.94399790610036,11.261833969561176,2014-05-01
4109,4109,53,DF,2014,6,12.246030076344807,16.11856444676717,64.32325490315755,11.077021708454348,2014-06-01
4110,4110,53,DF,2014,7,11.399583755000943,15.55736643268216,58.94174920358965,11.163771198948243,2014-07-01
4111,4111,53,DF,2014,8,12.34947730648902,16.723646010121993,42.46567621538716,11.487491560288069,2014-08-01
4112,4112,53,DF,2014,9,15.211350758870443,19.75226065317789,45.07943903605143,11.924497405028848,2014-09-01
4113,4113,53,DF,2014,10,15.735712635901669,20.15660415157195,50.47403858553979,12.37657343236039,2014-10-01
4114,4114,53,DF,2014,11,16.474328740437826,20.033112398783366,75.17001991271972,12.74842350677699,2014-11-01
4115,4115,53,DF,2014,12,16.067596497074252,19.440462666173136,78.5209086018224,12.923802603008872,2014-12-01
4116,4116,53,DF,2015,1,15.105849973617062,20.126833946474136,63.78988918181389,12.829602092752353,2015-01-01
4117,4117,53,DF,2015,2,16.128574473517283,19.746848855699813,72.95133004869733,12.5196378635485,2015-02-01
4118,4118,53,DF,2015,3,15.94134844503095,19.50937560296828,82.85543675576487,12.090523647733855,2015-03-01
4119,4119,53,DF,2015,4,15.858221371968588,19.92715218861898,80.92979125976562,11.637342393259956,2015-04-01
4120,4120,53,DF,2015,5,12.854607828201786,17.557766022220736,76.77218886344663,11.261833969561176,2015-05-01
4121,4121,53,DF,2015,6,10.942462412516276,16.459232393900553,65.8829729715983,11.077021708454348,2015-06-01
4122,4122,53,DF,2015,7,11.055157722965363,16.550812844307192,58.12371014010522,11.163771198948243,2015-07-01
4123,4123,53,DF,2015,8,11.171069129820792,16.976418033722908,45.55601415326518,11.487491560288069,2015-08-01
4124,4124,53,DF,2015,9,14.220109717051187,20.307697677612303,44.25497576395671,11.924497405028848,2015-09-01
4125,4125,53,DF,2015,10,15.741225673306372,21.91911703540433,47.1338074591852,12.37657343236039,2015-10-01
4126,4126,53,DF,2015,11,16.33675152460734,20.92693881988525,66.96160100301107,12.74842350677699,2015-11-01
4127,4127,53,DF,2015,12,16.534549467025265,20.65442995871267,68.40161514282227,12.923802603008872,2015-12-01
4128,4128,53,DF,2016,1,17.332559216407038,20.443832397460938,84.05642724806263,12.829602092752353,2016-01-01
4129,4129,53,DF,2016,2,15.657979044420966,20.43503083853886,69.47667733554182,12.5196378635485,2016-02-01
4130,4130,53,DF,2016,3,16.328362311086348,20.737125519783262,73.46561887187343,12.090523647733855,2016-03-01
4131,4131,53,DF,2016,4,14.045787906646728,19.71978912353516,59.94227027893066,11.637342393259956,2016-04-01
4132,4132,53,DF,2016,5,13.120059720931517,18.379481930886545,61.08578294323337,11.261833969561176,2016-05-01
4133,4133,53,DF,2016,6,10.332763703664144,16.393149598439535,57.438110224405925,11.077021708454348,2016-06-01
4134,4134,53,DF,2016,7,10.569736219221546,16.48245128508537,48.81642040129631,11.163771198948243,2016-07-01
4135,4135,53,DF,2016,8,12.32453090913834,17.91363162379111,48.3988042031565,11.487491560288069,2016-08-01
4136,4136,53,DF,2016,9,14.427757676442464,20.07868684132894,46.03879273732503,11.924497405028848,2016-09-01
4137,4137,53,DF,2016,10,15.637029524772398,20.91547159994802,60.377535912298384,12.37657343236039,2016-10-01
4138,4138,53,DF,2016,11,16.611621379852295,19.99779249827067,76.1705778757731,12.74842350677699,2016-11-01
4139,4139,53,DF,2016,12,15.676723264878795,19.99782925267373,72.42339128063571,12.923802603008872,2016-12-01
4140,4140,53,DF,2017,1,16.069801761258034,20.374919829830045,71.66303376228579,12.829602092752353,2017-01-01
4141,4141,53,DF,2017,2,15.880764177867343,19.67055259432112,78.23384870801654,12.5196378635485,2017-02-01
4142,4142,53,DF,2017,3,15.511608308361422,20.1279363939839,73.45437486710087,12.090523647733855,2017-03-01
4143,4143,53,DF,2017,4,15.77846612930298,20.030834007263184,70.59327913920085,11.637342393259956,2017-04-01
4144,4144,53,DF,2017,5,13.383720090312345,18.335929039985903,68.78279630599484,11.261833969561176,2017-05-01
4145,4145,53,DF,2017,6,11.216620381673176,16.579434521993,61.44943758646647,11.077021708454348,2017-06-01
4146,4146,53,DF,2017,7,9.373686375156526,14.561163502354775,53.67010264242849,11.163771198948243,2017-07-01
4147,4147,53,DF,2017,8,11.19932331577424,18.62343317462552,39.61509587687831,11.487491560288069,2017-08-01
4148,4148,53,DF,2017,9,13.38837858835856,19.178594398498536,41.32331841786702,11.924497405028848,2017-09-01
4149,4149,53,DF,2017,10,16.34986323695029,21.709070974780666,43.59115452920237,12.37657343236039,2017-10-01
4150,4150,53,DF,2017,11,16.958555857340496,20.441002464294435,75.99143155415852,12.74842350677699,2017-11-01
4151,4151,53,DF,2017,12,17.042023012715003,20.4124084595711,78.00968428580991,12.923802603008872,2017-12-01
4152,4152,53,DF,2018,1,16.2056976749051,20.269621141495243,72.02268440492692,12.829602092752353,2018-01-01
4153,4153,53,DF,2018,2,16.630604199000768,20.196691717420304,77.32056209019252,12.5196378635485,2018-02-01
4154,4154,53,DF,2018,3,16.917153020058908,20.55023390246976,76.9852061117849,12.090523647733855,2018-03-01
4155,4155,53,DF,2018,4,15.903795433044433,19.35633405049641,77.25815963745117,11.637342393259956,2018-04-01
4156,4156,53,DF,2018,5,12.787486814683485,17.59773540496826,66.25795524351058,11.261833969561176,2018-05-01
4157,4157,53,DF,2018,6,11.439649629592896,17.552446015675862,58.84553807576497,11.077021708454348,2018-06-01
4158,4158,53,DF,2018,7,10.59647447832169,17.11093573416433,51.977145533407885,11.163771198948243,2018-07-01
4159,4159,53,DF,2018,8,13.284210020496,19.280033911428145,50.30499993601153,11.487491560288069,2018-08-01
4160,4160,53,DF,2018,9,14.116143226623535,19.9804173151652,45.341964403788246,11.924497405028848,2018-09-01
4161,4161,53,DF,2018,10,17.411395534392327,21.532102892475745,66.73440625590663,12.37657343236039,2018-10-01
4162,4162,53,DF,2018,11,17.07704912821452,20.17154452006022,81.12847684224447,12.74842350677699,2018-11-01
4163,4163,53,DF,2018,12,16.266341024829494,19.92505713432066,73.37069640621063,12.923802603008872,2018-12-01
4164,4164,53,DF,2019,1,15.89145552727484,20.362239837646484,65.8278932879048,12.829602092752353,2019-01-01
4165,4165,53,DF,2019,2,16.99957275390625,20.86626774924142,75.42018904004779,12.5196378635485,2019-02-01
4166,4166,53,DF,2019,3,17.134366220043553,20.53920776613297,79.4247323313067,12.090523647733855,2019-03-01
4167,4167,53,DF,2019,4,16.378337955474855,20.316243108113607,78.82978286743165,11.637342393259956,2019-04-01
4168,4168,53,DF,2019,5,14.824134703605406,19.85504193459788,72.22612565563571,11.261833969561176,2019-05-01
4169,4169,53,DF,2019,6,12.00206511815389,17.46984265645345,63.39666595458984,11.077021708454348,2019-06-01
4170,4170,53,DF,2019,7,10.146336232462238,16.976417972195534,53.59524720714938,11.163771198948243,2019-07-01
4171,4171,53,DF,2019,8,13.161683144107942,18.62398442914409,45.83079725696194,11.487491560288069,2019-08-01
4172,4172,53,DF,2019,9,14.751050408681234,21.29666016896566,39.07957719167074,11.924497405028848,2019-09-01
4173,4173,53,DF,2019,10,16.671823470823227,21.546988148843088,51.44366713493101,12.37657343236039,2019-10-01
4174,4174,53,DF,2019,11,16.794773387908936,21.08189125061035,69.24223810831705,12.74842350677699,2019-11-01
4175,4175,53,DF,2019,12,17.089986524274273,20.99458337599232,73.40007437429121,12.923802603008872,2019-12-01
4176,4176,53,DF,2020,1,17.491885523642264,21.073970917732485,78.21209581436649,12.829602092752353,2020-01-01
4177,4177,53,DF,2020,2,17.243847189278437,20.68667161875757,80.54507998762459,12.5196378635485,2020-02-01
4178,4178,53,DF,2020,3,17.202451890514745,20.510540131599672,80.05471506426412,12.090523647733855,2020-03-01
4179,4179,53,DF,2020,4,16.462080828348796,20.109734344482423,78.39117431640625,11.637342393259956,2020-04-01
4180,4180,53,DF,2020,5,13.014898930826496,17.67216137916811,72.53534033990675,11.261833969561176,2020-05-01
4181,4181,53,DF,2020,6,11.4165775458018,16.98561563491821,65.22794392903646,11.077021708454348,2020-06-01
4182,4182,53,DF,2020,7,10.443488074887185,16.5072598303518,54.66680292929372,11.163771198948243,2020-07-01
4183,4183,53,DF,2020,8,12.072861440720096,17.477551706375614,49.5373656980453,11.487491560288069,2020-08-01
4184,4184,53,DF,2020,9,14.210994752248128,20.31282475789388,40.74163061777751,11.924497405028848,2020-09-01
4185,4185,53,DF,2020,10,16.542819023132324,21.51997443168394,59.734239885883945,12.37657343236039,2020-10-01
4186,4186,53,DF,2020,11,16.613615322113038,20.18692582448324,73.86806348164876,12.74842350677699,2020-11-01
4187,4187,53,DF,2020,12,16.536203199817287,20.598197321737967,71.32718609225365,12.923802603008872,2020-12-01
4188,4188,53,DF,2021,1,15.952098784908172,20.22276047737368,70.76001702585528,12.829602092752353,2021-01-01
4189,4189,53,DF,2021,2,16.868343251092092,19.971465247018,83.62533978053501,12.5196378635485,2021-02-01
4190,4190,53,DF,2021,3,15.644196571842317,20.09430706885553,71.21018305132466,12.090523647733855,2021-03-01
4191,4191,53,DF,2021,4,14.825678316752116,19.33155288696289,72.46100273132325,11.637342393259956,2021-04-01
4192,4192,53,DF,2021,5,12.21234078561106,17.997429447789347,64.84887264620873,11.261833969561176,2021-05-01
4193,4193,53,DF,2021,6,11.301787344614665,17.306914297739663,59.56043980916341,11.077021708454348,2021-06-01
4194,4194,53,DF,2021,7,9.465064633277157,16.19770376143917,49.5210691882718,11.163771198948243,2021-07-01
4195,4195,53,DF,2021,8,12.414668729228358,18.15179403366581,44.05893818024666,11.487491560288069,2021-08-01
4196,4196,53,DF,2021,9,14.692088476816814,21.26931552886963,36.93033580780029,11.924497405028848,2021-09-01
4197,4197,53,DF,2021,10,17.09798031468545,21.123036846037834,65.75584374704668,12.37657343236039,2021-10-01
4198,4198,53,DF,2021,11,16.947732003529868,20.334472719828288,78.93924458821614,12.74842350677699,2021-11-01
4199,4199,53,DF,2021,12,17.173508490285567,20.232684104673325,82.67941776398689,12.923802603008872,2021-12-01
4200,4200,53,DF,2022,1,15.94079694440288,19.97853359099357,76.04210502870622,12.829602092752353,2022-01-01
4201,4201,53,DF,2022,2,16.710867643356323,20.08011102676392,78.93507194519043,12.5196378635485,2022-02-01
4202,4202,53,DF,2022,3,15.93418142872472,20.26521085923718,70.01372749574723,12.090523647733855,2022-03-01
4203,4203,53,DF,2022,4,15.295378494262696,20.04450626373291,64.83608360290528,11.637342393259956,2022-04-01
4204,4204,53,DF,2022,5,11.614591656192657,17.496709454444147,61.303084588819935,11.261833969561176,2022-05-01
4205,4205,53,DF,2022,6,10.751335175832113,17.006693776448568,56.12462501525879,11.077021708454348,2022-06-01
4206,4206,53,DF,2022,7,10.437837262307443,16.599051813925467,51.44913691859092,11.163771198948243,2022-07-01
4207,4207,53,DF,2022,8,12.211376113276328,18.22704696655273,42.65925758115707,11.487491560288069,2022-08-01
4208,4208,53,DF,2022,9,14.357117398579916,19.9413942972819,48.147599411010745,11.924497405028848,2022-09-01
4209,4209,53,DF,2022,10,16.846310646303237,21.12028017351704,52.98699212843372,12.37657343236039,2022-10-01
4210,4210,53,DF,2022,11,15.627785968780518,19.18685474395752,76.08136889139811,12.74842350677699,2022-11-01
4211,4211,53,DF,2022,12,16.82453429314398,19.91513381465789,81.42941136513987,12.923802603008872,2022-12-01
